625,302,0,615,234,0,593,163,0,595,106,0,617,59,0,551,170,0,463,177,0,483,194,0,513,195,0,543,215,0,454,218,0,480,231,0,513,232,0,540,261,0,466,258,0,490,266,0,521,266,0,541,303,0,487,297,0,508,300,0,534,301,0,YES
602,312,0,588,241,0,562,172,0,560,114,0,577,69,0,512,183,0,431,191,0,452,204,0,481,203,0,504,228,0,425,231,0,450,241,0,481,241,0,503,272,0,435,269,0,460,275,0,490,275,0,507,311,0,457,304,0,477,306,0,503,306,0,YES
552,331,0,533,259,0,503,198,0,494,143,0,504,97,0,444,217,0,371,224,0,393,235,0,422,234,0,436,262,0,368,265,0,392,272,0,419,270,0,437,306,0,381,304,0,404,307,0,430,305,0,445,346,0,403,341,0,421,340,0,443,340,0,YES
576,306,0,560,231,0,531,162,0,526,103,0,541,57,0,478,176,0,397,184,0,418,199,0,448,198,0,470,222,0,391,228,0,418,237,0,448,236,0,470,267,0,406,268,0,432,272,0,461,270,0,477,307,0,429,305,0,450,304,0,474,302,0,YES
535,303,0,515,227,0,483,157,0,478,98,0,493,49,0,436,173,0,349,185,0,374,196,0,406,194,0,429,222,0,346,230,0,375,237,0,407,235,0,429,268,0,362,270,0,389,274,0,419,271,0,436,310,0,384,308,0,407,308,0,433,307,0,YES
514,292,0,493,215,0,460,151,0,449,95,0,458,46,0,408,169,0,323,183,0,346,192,0,377,190,0,403,219,0,321,226,0,348,230,0,379,228,0,406,266,0,338,266,0,364,265,0,394,263,0,415,309,0,361,301,0,383,297,0,407,296,0,YES
507,328,0,487,252,0,457,189,0,445,133,0,454,85,0,403,215,0,323,222,0,345,228,0,377,228,0,396,263,0,318,265,0,343,267,0,373,265,0,397,307,0,334,302,0,356,302,0,384,300,0,405,344,0,357,336,0,377,333,0,401,332,0,YES
524,364,0,505,288,0,473,224,0,465,167,0,479,119,0,426,251,0,340,252,0,365,256,0,397,255,0,418,300,0,337,293,0,361,293,0,391,294,0,419,344,0,356,334,0,377,332,0,404,331,0,425,381,0,379,368,0,396,364,0,420,364,0,YES
511,371,0,487,295,0,451,234,0,439,179,0,449,131,0,395,266,0,315,269,0,342,271,0,375,269,0,392,315,0,316,309,0,340,307,0,369,307,0,396,358,0,334,350,0,354,347,0,381,345,0,407,394,0,357,384,0,373,379,0,396,379,0,YES
488,364,0,469,289,0,436,230,0,420,175,0,427,129,0,365,257,0,296,258,0,319,263,0,349,263,0,356,302,0,295,299,0,317,301,0,343,299,0,358,345,0,305,338,0,325,338,0,350,337,0,367,382,0,325,372,0,341,369,0,362,369,0,YES
462,339,0,442,265,0,408,209,0,391,155,0,398,108,0,337,235,0,270,238,0,294,242,0,323,242,0,330,282,0,271,278,0,294,278,0,319,279,0,333,325,0,282,317,0,301,315,0,326,316,0,341,362,0,296,349,0,312,347,0,334,347,0,YES
429,301,0,403,227,0,368,169,0,350,115,0,351,68,0,298,196,0,229,209,0,252,215,0,282,214,0,291,245,0,233,251,0,256,256,0,281,254,0,294,292,0,244,289,0,264,292,0,290,292,0,303,335,0,259,329,0,278,329,0,301,328,0,YES
400,293,0,371,215,0,339,158,0,315,104,0,313,55,0,257,188,0,199,199,0,225,202,0,253,200,0,249,243,0,199,242,0,225,242,0,253,244,0,254,293,0,206,285,0,226,283,0,254,284,0,267,336,0,221,330,0,236,327,0,257,326,0,YES
387,298,0,358,219,0,323,163,0,297,110,0,294,61,0,239,195,0,179,205,0,206,210,0,234,210,0,232,248,0,182,248,0,207,248,0,234,250,0,237,297,0,194,290,0,216,289,0,242,290,0,249,339,0,212,333,0,231,328,0,253,328,0,YES
337,304,0,308,227,0,279,169,0,250,116,0,242,66,0,185,207,0,141,216,0,167,219,0,193,218,0,174,256,0,143,251,0,167,250,0,192,253,0,178,300,0,151,288,0,172,287,0,196,289,0,188,336,0,164,320,0,183,318,0,203,319,0,YES
311,300,0,286,225,0,255,171,0,220,121,0,207,71,0,157,207,0,130,215,0,157,219,0,181,221,0,145,255,0,132,252,0,157,253,0,180,256,0,150,299,0,135,290,0,156,290,0,180,293,0,161,336,0,146,327,0,166,325,0,186,325,0,YES
287,296,0,262,223,0,226,171,0,190,120,0,178,71,0,123,207,0,90,217,0,118,222,0,145,222,0,114,255,0,102,256,0,128,257,0,151,257,0,122,302,0,113,292,0,134,293,0,158,294,0,135,340,0,128,332,0,149,330,0,170,330,0,YES
245,303,0,215,226,0,175,174,0,138,123,0,124,78,0,71,216,0,56,209,0,89,212,0,111,217,0,64,265,0,60,248,0,88,247,0,110,253,0,74,308,0,70,286,0,93,283,0,117,287,0,89,343,0,87,323,0,108,319,0,128,320,0,YES
217,285,0,189,211,0,152,160,0,115,109,0,97,65,0,49,203,0,34,194,0,66,196,0,89,201,0,41,252,0,36,236,0,64,235,0,86,241,0,52,295,0,43,276,0,66,273,0,90,276,0,67,331,0,61,315,0,82,308,0,102,308,0,YES
201,241,0,179,169,0,148,115,0,115,68,0,101,23,0,45,149,0,46,151,0,77,157,0,96,162,0,34,197,0,43,192,0,71,195,0,91,200,0,41,242,0,47,233,0,71,232,0,92,235,0,54,281,0,58,271,0,82,267,0,101,267,0,YES
216,263,0,194,189,0,161,136,0,129,83,0,115,37,0,60,169,0,51,173,0,80,179,0,100,181,0,50,216,0,47,217,0,74,218,0,96,221,0,58,262,0,54,258,0,77,257,0,100,259,0,71,299,0,69,295,0,92,292,0,112,291,0,YES
235,283,0,211,207,0,177,155,0,143,102,0,129,56,0,73,190,0,57,178,0,89,182,0,110,188,0,65,239,0,57,221,0,84,220,0,106,227,0,74,282,0,64,262,0,87,259,0,110,265,0,88,316,0,80,299,0,101,296,0,122,298,0,YES
236,299,0,210,223,0,172,171,0,137,117,0,124,72,0,71,209,0,56,202,0,87,207,0,108,213,0,62,258,0,57,243,0,84,243,0,105,248,0,70,302,0,65,281,0,87,280,0,110,285,0,83,337,0,80,319,0,100,316,0,120,317,0,YES
233,329,0,208,250,0,170,200,0,131,149,0,113,102,0,63,243,0,41,226,0,75,225,0,97,230,0,56,291,0,44,267,0,74,263,0,95,269,0,68,334,0,57,309,0,81,303,0,105,308,0,84,367,0,72,347,0,93,341,0,114,342,0,YES
233,335,0,209,260,0,174,211,0,134,164,0,117,118,0,70,253,0,42,241,0,72,241,0,94,245,0,61,300,0,47,282,0,74,279,0,95,282,0,71,343,0,56,322,0,79,318,0,103,321,0,86,377,0,75,362,0,95,355,0,116,355,0,YES
243,360,0,220,286,0,187,238,0,149,191,0,133,149,0,82,280,0,57,262,0,88,263,0,111,271,0,74,328,0,66,305,0,95,302,0,116,309,0,84,369,0,75,346,0,98,342,0,121,349,0,98,402,0,89,384,0,111,380,0,132,383,0,YES
253,388,0,233,320,0,197,274,0,160,232,0,143,190,0,93,321,0,80,327,0,108,329,0,130,330,0,87,365,0,94,363,0,122,361,0,144,363,0,98,404,0,101,397,0,123,394,0,143,395,0,113,437,0,114,430,0,133,426,0,150,425,0,YES
99,279,0,124,217,0,168,160,0,196,113,0,205,72,0,222,171,0,295,201,0,301,220,0,300,223,0,223,213,0,297,244,0,310,255,0,313,255,0,217,259,0,270,278,0,249,279,0,223,272,0,208,303,0,246,309,0,227,307,0,206,304,0,YES
123,300,0,150,237,0,197,177,0,229,130,0,237,87,0,252,192,0,316,225,0,297,234,0,274,228,0,252,234,0,319,260,0,295,263,0,267,257,0,247,278,0,297,296,0,275,295,0,251,290,0,238,319,0,272,324,0,251,321,0,232,318,0,YES
172,304,0,189,238,0,220,180,0,249,132,0,259,91,0,283,193,0,335,209,0,320,222,0,298,222,0,293,237,0,345,245,0,327,255,0,302,255,0,295,282,0,337,285,0,321,291,0,297,291,0,292,324,0,324,322,0,308,324,0,290,324,0,YES
197,308,0,213,237,0,242,180,0,270,132,0,279,90,0,309,194,0,355,202,0,341,216,0,319,219,0,322,240,0,365,239,0,347,249,0,323,253,0,327,285,0,363,279,0,347,287,0,322,291,0,326,327,0,357,316,0,340,320,0,320,324,0,YES
240,280,0,256,213,0,284,157,0,313,110,0,325,71,0,354,172,0,394,182,0,374,194,0,352,196,0,366,215,0,398,217,0,378,224,0,355,228,0,368,258,0,395,252,0,378,257,0,356,262,0,366,295,0,390,283,0,374,286,0,356,291,0,YES
256,280,0,273,216,0,294,166,0,309,127,0,312,98,0,373,168,0,421,182,0,410,198,0,389,199,0,386,211,0,423,223,0,405,232,0,381,233,0,389,254,0,419,261,0,404,266,0,381,267,0,387,293,0,410,292,0,396,296,0,378,298,0,YES
281,277,0,298,210,0,329,156,0,360,111,0,373,72,0,401,168,0,435,184,0,417,197,0,396,199,0,414,212,0,436,223,0,417,231,0,395,233,0,415,256,0,431,259,0,416,265,0,395,267,0,410,296,0,423,292,0,408,295,0,391,297,0,YES
302,274,0,314,204,0,346,150,0,377,106,0,393,68,0,425,165,0,444,178,0,426,189,0,406,193,0,438,209,0,450,211,0,432,216,0,411,222,0,438,251,0,445,247,0,429,250,0,409,255,0,432,287,0,434,280,0,418,281,0,403,285,0,YES
337,273,0,347,202,0,380,148,0,411,104,0,427,66,0,461,161,0,468,167,0,448,178,0,430,185,0,475,203,0,474,201,0,455,206,0,439,214,0,475,244,0,473,237,0,458,240,0,440,246,0,469,279,0,466,270,0,451,271,0,437,275,0,YES
359,276,0,366,203,0,398,149,0,430,105,0,447,69,0,475,166,0,490,154,0,472,162,0,454,174,0,493,206,0,497,192,0,478,196,0,462,205,0,495,246,0,500,229,0,484,231,0,467,238,0,491,282,0,491,265,0,477,265,0,463,271,0,YES
378,275,0,386,202,0,418,148,0,450,104,0,469,68,0,504,159,0,500,160,0,482,170,0,467,178,0,521,201,0,511,198,0,493,203,0,478,211,0,522,243,0,514,237,0,498,239,0,481,245,0,515,280,0,505,274,0,490,275,0,476,278,0,YES
424,275,0,431,201,0,462,147,0,498,104,0,518,67,0,546,166,0,551,158,0,530,166,0,511,176,0,566,209,0,557,198,0,537,203,0,522,212,0,568,250,0,559,234,0,542,237,0,525,245,0,562,285,0,553,271,0,537,272,0,524,277,0,YES
478,248,0,484,177,0,516,123,0,549,83,0,568,47,0,600,145,0,600,144,0,577,154,0,557,163,0,619,186,0,601,183,0,581,189,0,567,197,0,620,227,0,601,221,0,583,224,0,568,229,0,613,262,0,595,257,0,579,258,0,567,259,0,YES
458,413,0,471,335,0,508,284,0,551,245,0,577,205,0,607,321,0,596,302,0,567,307,0,549,318,0,619,367,0,603,344,0,580,345,0,564,357,0,611,408,0,603,384,0,584,384,0,565,393,0,596,444,0,593,423,0,576,420,0,560,425,0,YES
431,408,0,445,330,0,484,278,0,527,239,0,550,201,0,573,320,0,577,298,0,549,300,0,529,310,0,587,363,0,583,336,0,560,335,0,542,346,0,584,400,0,585,375,0,566,372,0,546,381,0,575,433,0,581,411,0,563,406,0,545,412,0,YES
355,413,0,375,338,0,419,283,0,461,241,0,484,205,0,502,326,0,536,303,0,518,289,0,491,286,0,517,370,0,528,341,0,507,333,0,485,337,0,513,411,0,526,382,0,508,374,0,485,376,0,503,445,0,513,423,0,500,417,0,483,418,0,YES
321,419,0,343,345,0,385,292,0,426,248,0,447,209,0,467,327,0,504,322,0,482,320,0,459,320,0,477,375,0,501,362,0,480,358,0,458,363,0,470,419,0,492,401,0,473,398,0,451,402,0,459,455,0,478,441,0,463,436,0,445,440,0,YES
300,418,0,324,345,0,364,294,0,403,251,0,421,212,0,443,328,0,475,325,0,454,325,0,434,327,0,454,376,0,479,364,0,459,360,0,437,364,0,451,418,0,473,403,0,457,399,0,434,402,0,441,453,0,457,439,0,442,434,0,424,435,0,YES
236,423,0,262,357,0,306,305,0,341,259,0,357,220,0,373,343,0,421,332,0,397,333,0,372,337,0,381,387,0,417,374,0,397,371,0,375,375,0,376,428,0,407,413,0,392,409,0,372,412,0,367,462,0,393,448,0,379,443,0,363,446,0,YES
189,433,0,216,364,0,261,312,0,299,270,0,316,232,0,321,350,0,383,341,0,358,340,0,332,343,0,329,394,0,377,379,0,355,374,0,333,379,0,325,433,0,365,418,0,350,412,0,329,417,0,319,464,0,354,452,0,341,446,0,324,451,0,YES
136,439,0,160,370,0,201,315,0,228,268,0,237,226,0,254,348,0,324,341,0,300,340,0,273,342,0,261,392,0,325,380,0,302,374,0,277,377,0,259,430,0,314,418,0,297,412,0,274,416,0,255,460,0,299,447,0,287,441,0,269,445,0,YES
74,438,0,92,370,0,134,309,0,160,259,0,166,215,0,181,337,0,261,332,0,245,336,0,221,339,0,188,384,0,264,374,0,244,371,0,216,373,0,186,426,0,254,413,0,234,409,0,208,411,0,182,462,0,234,446,0,219,442,0,197,445,0,YES
32,451,0,47,384,0,87,321,0,106,270,0,107,225,0,130,343,0,212,338,0,190,343,0,159,345,0,137,390,0,216,382,0,192,381,0,162,382,0,138,433,0,207,424,0,186,421,0,158,424,0,136,469,0,188,456,0,173,455,0,153,458,0,YES
15,286,0,38,231,0,77,174,0,96,127,0,99,85,0,108,187,0,189,212,0,169,223,0,141,217,0,103,228,0,184,249,0,160,254,0,130,247,0,97,271,0,170,286,0,146,287,0,116,280,0,91,311,0,148,317,0,126,314,0,100,307,0,YES
36,254,0,58,195,0,101,134,0,125,89,0,134,47,0,138,144,0,214,178,0,192,185,0,164,177,0,130,184,0,211,213,0,183,216,0,152,207,0,122,226,0,197,250,0,170,248,0,140,239,0,113,267,0,171,279,0,149,274,0,123,265,0,YES
81,236,0,103,182,0,143,127,0,166,83,0,171,42,0,188,136,0,260,171,0,240,176,0,212,169,0,181,173,0,253,204,0,229,204,0,200,195,0,172,212,0,239,236,0,216,235,0,190,228,0,163,251,0,219,264,0,199,262,0,175,256,0,YES
169,216,0,193,162,0,236,108,0,261,65,0,270,24,0,288,119,0,349,157,0,329,165,0,304,160,0,285,160,0,347,191,0,328,194,0,305,190,0,277,203,0,338,226,0,334,230,0,326,229,0,269,244,0,307,253,0,291,253,0,275,249,0,YES
210,227,0,228,170,0,266,115,0,296,73,0,308,34,0,327,124,0,381,168,0,364,175,0,344,168,0,326,162,0,378,201,0,362,205,0,343,199,0,319,203,0,370,235,0,362,239,0,349,236,0,311,244,0,341,261,0,331,263,0,320,258,0,YES
277,225,0,298,168,0,340,115,0,374,77,0,388,39,0,406,130,0,454,174,0,432,183,0,408,177,0,410,166,0,457,207,0,435,214,0,410,208,0,406,204,0,444,235,0,423,238,0,400,230,0,398,241,0,428,256,0,408,257,0,388,249,0,YES
315,224,0,340,164,0,383,116,0,418,77,0,434,40,0,454,127,0,505,166,0,485,178,0,461,174,0,458,164,0,493,202,0,471,209,0,448,203,0,451,205,0,476,232,0,458,235,0,436,228,0,441,244,0,458,259,0,439,258,0,421,251,0,YES
350,203,0,374,148,0,413,102,0,446,65,0,465,31,0,483,113,0,513,141,0,490,152,0,468,148,0,488,152,0,508,178,0,485,183,0,462,178,0,484,192,0,497,213,0,478,214,0,456,207,0,475,229,0,483,241,0,464,240,0,448,234,0,YES
399,208,0,419,147,0,458,104,0,494,70,0,513,38,0,533,125,0,539,150,0,519,157,0,501,154,0,541,164,0,535,183,0,516,185,0,499,183,0,536,203,0,530,213,0,513,214,0,497,210,0,525,237,0,519,242,0,502,239,0,488,234,0,YES
451,236,0,468,170,0,504,127,0,540,94,0,560,61,0,583,155,0,571,152,0,549,158,0,533,166,0,593,195,0,576,188,0,557,190,0,543,197,0,587,233,0,574,223,0,557,223,0,542,227,0,574,266,0,564,258,0,549,256,0,537,258,0,YES
19,220,0,37,168,0,71,107,0,85,60,0,78,19,0,96,100,0,175,129,0,155,144,0,127,138,0,92,133,0,176,165,0,151,174,0,123,167,0,88,173,0,168,201,0,143,206,0,116,198,0,87,214,0,149,232,0,130,233,0,106,226,0,YES
48,241,0,64,186,0,99,125,0,117,78,0,119,38,0,134,123,0,211,153,0,194,165,0,168,161,0,133,159,0,214,187,0,190,196,0,161,193,0,132,200,0,202,223,0,178,228,0,152,222,0,130,240,0,179,255,0,159,255,0,136,247,0,YES
139,268,0,155,209,0,186,153,0,211,108,0,218,67,0,242,158,0,299,182,0,284,195,0,261,192,0,248,197,0,304,218,0,283,225,0,256,220,0,247,238,0,297,254,0,276,259,0,250,255,0,243,277,0,280,285,0,260,286,0,240,283,0,YES
195,279,0,206,217,0,238,163,0,263,116,0,269,77,0,299,176,0,354,190,0,352,201,0,344,205,0,307,215,0,366,226,0,390,232,0,403,235,0,307,254,0,344,257,0,329,260,0,308,261,0,305,292,0,330,289,0,315,289,0,297,290,0,YES
263,287,0,275,225,0,303,172,0,330,129,0,340,92,0,369,187,0,403,193,0,389,203,0,370,206,0,383,227,0,411,228,0,396,234,0,376,238,0,386,266,0,411,261,0,398,266,0,378,270,0,383,301,0,403,293,0,389,296,0,373,299,0,YES
325,301,0,335,232,0,368,183,0,399,140,0,412,106,0,442,198,0,464,189,0,445,196,0,426,202,0,457,238,0,461,228,0,442,231,0,424,238,0,455,278,0,456,263,0,440,265,0,423,271,0,448,312,0,447,296,0,433,296,0,418,302,0,YES
384,319,0,393,258,0,423,212,0,455,177,0,473,146,0,491,232,0,501,237,0,482,244,0,464,247,0,507,271,0,500,274,0,483,276,0,468,279,0,507,308,0,497,308,0,482,309,0,467,310,0,501,339,0,489,340,0,474,340,0,462,340,0,YES
442,376,0,453,311,0,490,266,0,531,233,0,555,202,0,566,297,0,565,288,0,543,292,0,527,298,0,578,335,0,567,324,0,548,325,0,533,333,0,573,371,0,565,357,0,549,357,0,534,362,0,563,402,0,558,389,0,543,387,0,530,390,0,YES
482,433,0,499,367,0,539,324,0,584,295,0,615,268,0,625,360,0,618,362,0,593,366,0,577,370,0,632,403,0,616,398,0,596,398,0,580,404,0,622,439,0,611,431,0,594,431,0,577,433,0,608,471,0,599,464,0,584,461,0,571,461,0,YES
38,415,0,52,356,0,89,300,0,108,255,0,111,215,0,125,312,0,201,318,0,181,325,0,152,324,0,129,353,0,203,358,0,178,359,0,149,357,0,129,395,0,194,396,0,170,395,0,143,393,0,126,432,0,173,425,0,153,423,0,131,422,0,YES
84,377,0,99,317,0,135,262,0,155,220,0,158,181,0,172,277,0,244,284,0,224,289,0,196,288,0,177,320,0,250,321,0,228,320,0,200,319,0,178,360,0,244,358,0,224,354,0,198,353,0,176,396,0,225,386,0,209,382,0,186,382,0,YES
124,349,0,139,291,0,173,237,0,197,194,0,204,155,0,221,247,0,283,260,0,265,269,0,240,267,0,227,286,0,287,296,0,266,300,0,241,297,0,227,326,0,281,332,0,260,333,0,235,332,0,224,363,0,266,361,0,248,359,0,227,358,0,YES
185,321,0,199,262,0,231,206,0,256,164,0,265,127,0,290,221,0,339,247,0,320,255,0,298,253,0,294,260,0,345,278,0,324,281,0,297,280,0,293,299,0,335,309,0,318,311,0,294,309,0,287,334,0,318,337,0,302,337,0,284,335,0,YES
237,297,0,252,241,0,281,189,0,307,148,0,317,113,0,342,201,0,385,218,0,375,232,0,355,234,0,351,236,0,391,252,0,379,262,0,356,261,0,353,273,0,386,284,0,375,291,0,353,289,0,350,309,0,377,314,0,364,317,0,345,315,0,YES
313,278,0,325,214,0,352,164,0,380,121,0,396,84,0,436,180,0,445,178,0,423,188,0,403,196,0,450,218,0,451,210,0,432,215,0,412,223,0,449,254,0,452,244,0,437,247,0,417,254,0,443,286,0,447,274,0,432,275,0,417,280,0,YES
370,262,0,383,197,0,416,150,0,445,111,0,459,76,0,493,168,0,493,158,0,472,167,0,455,178,0,506,206,0,500,192,0,482,195,0,466,205,0,504,243,0,502,226,0,487,227,0,470,235,0,497,275,0,498,258,0,484,257,0,470,263,0,YES
451,235,0,458,170,0,485,124,0,514,90,0,531,59,0,566,142,0,556,145,0,535,154,0,521,162,0,580,178,0,563,176,0,544,180,0,531,188,0,579,214,0,565,206,0,548,210,0,535,215,0,572,247,0,564,239,0,549,238,0,537,241,0,YES
493,212,0,501,148,0,530,105,0,558,72,0,573,42,0,610,124,0,602,142,0,583,149,0,569,151,0,624,161,0,607,172,0,589,175,0,577,178,0,623,198,0,606,201,0,590,203,0,577,204,0,615,231,0,605,230,0,590,230,0,578,230,0,YES
567,199,0,552,147,0,531,90,0,529,46,0,537,10,0,511,82,0,444,95,0,436,111,0,445,117,0,514,114,0,436,133,0,440,143,0,458,143,0,518,152,0,447,169,0,461,175,0,485,172,0,523,188,0,468,199,0,482,201,0,504,195,0,YES
529,218,0,516,164,0,491,105,0,485,58,0,492,18,0,462,104,0,392,119,0,389,137,0,400,142,0,462,139,0,383,161,0,394,173,0,417,172,0,464,178,0,397,197,0,417,202,0,443,195,0,466,216,0,416,225,0,437,226,0,460,220,0,YES
476,253,0,462,194,0,435,138,0,422,93,0,426,53,0,391,147,0,322,163,0,338,175,0,362,174,0,388,183,0,316,201,0,338,209,0,364,207,0,390,221,0,332,237,0,355,240,0,380,234,0,398,257,0,353,265,0,374,265,0,396,260,0,YES
437,273,0,421,212,0,396,161,0,377,117,0,378,78,0,343,175,0,283,189,0,290,200,0,306,200,0,339,212,0,277,226,0,283,233,0,297,230,0,342,249,0,288,258,0,293,261,0,308,257,0,348,281,0,304,284,0,308,282,0,319,276,0,YES
406,294,0,385,231,0,356,181,0,336,137,0,334,95,0,296,198,0,240,214,0,256,221,0,280,220,0,293,238,0,235,247,0,253,252,0,277,251,0,297,278,0,248,282,0,266,285,0,289,282,0,307,314,0,264,314,0,279,313,0,300,311,0,YES
358,304,0,334,246,0,308,202,0,284,162,0,276,123,0,243,226,0,197,237,0,215,244,0,237,244,0,237,268,0,191,272,0,209,274,0,232,273,0,241,306,0,206,306,0,224,306,0,244,304,0,250,339,0,229,337,0,244,334,0,260,331,0,YES
308,329,0,287,271,0,256,232,0,225,199,0,216,163,0,184,261,0,151,269,0,172,269,0,191,268,0,179,302,0,148,302,0,168,300,0,188,299,0,185,339,0,161,337,0,177,334,0,197,332,0,197,370,0,179,365,0,195,360,0,210,357,0,YES
274,351,0,251,292,0,220,254,0,185,222,0,169,187,0,140,292,0,116,290,0,139,287,0,159,287,0,135,332,0,117,323,0,138,318,0,158,320,0,143,367,0,126,356,0,142,351,0,162,351,0,157,394,0,142,385,0,156,378,0,171,376,0,YES
225,404,0,200,348,0,162,304,0,127,278,0,104,256,0,90,356,0,79,357,0,98,354,0,116,355,0,90,390,0,77,389,0,91,385,0,109,384,0,100,420,0,88,418,0,101,414,0,119,411,0,116,446,0,107,446,0,119,440,0,132,436,0,YES
158,394,0,131,341,0,94,309,0,53,290,0,27,264,0,19,362,0,17,362,0,41,361,0,58,361,0,19,402,0,22,396,0,44,393,0,62,392,0,33,435,0,31,426,0,48,420,0,67,418,0,51,462,0,52,453,0,68,444,0,83,439,0,YES
187,205,0,163,154,0,135,113,0,110,77,0,98,42,0,66,139,0,49,161,0,69,170,0,88,167,0,59,173,0,46,191,0,65,197,0,85,192,0,62,207,0,49,219,0,67,223,0,86,217,0,71,237,0,63,245,0,80,245,0,96,239,0,YES
223,250,0,199,196,0,173,156,0,148,120,0,136,85,0,97,186,0,85,204,0,107,209,0,125,207,0,91,224,0,83,234,0,103,235,0,123,233,0,98,261,0,89,265,0,106,265,0,126,262,0,110,292,0,103,292,0,119,289,0,135,284,0,YES
266,268,0,236,213,0,206,174,0,179,136,0,170,100,0,138,205,0,123,223,0,144,227,0,163,225,0,133,244,0,120,253,0,139,254,0,161,253,0,140,281,0,125,283,0,142,283,0,163,281,0,154,312,0,140,312,0,156,309,0,173,306,0,YES
316,293,0,288,236,0,256,196,0,232,155,0,227,118,0,189,228,0,167,231,0,188,232,0,204,232,0,184,269,0,161,262,0,179,260,0,199,262,0,191,304,0,169,294,0,183,291,0,202,292,0,201,332,0,182,320,0,195,317,0,210,317,0,YES
383,322,0,356,268,0,325,228,0,301,187,0,295,149,0,259,257,0,219,269,0,240,269,0,261,264,0,257,300,0,219,304,0,238,301,0,259,299,0,265,338,0,233,335,0,248,332,0,268,330,0,278,369,0,250,362,0,264,357,0,281,355,0,YES
449,340,0,423,285,0,392,241,0,375,197,0,374,158,0,334,267,0,282,280,0,298,284,0,321,281,0,334,309,0,283,316,0,300,317,0,323,314,0,344,346,0,302,348,0,318,347,0,340,345,0,358,378,0,328,375,0,344,372,0,362,369,0,YES
524,359,0,501,302,0,469,253,0,457,209,0,464,170,0,426,275,0,363,285,0,382,290,0,407,288,0,424,315,0,359,321,0,378,323,0,404,320,0,428,352,0,376,354,0,394,353,0,418,351,0,436,385,0,395,382,0,412,378,0,432,377,0,YES
586,382,0,565,323,0,531,270,0,521,224,0,535,184,0,499,290,0,425,299,0,443,305,0,470,303,0,499,331,0,422,335,0,440,337,0,467,335,0,502,369,0,437,368,0,454,365,0,479,364,0,508,403,0,457,394,0,471,389,0,491,389,0,YES
628,428,0,604,371,0,572,319,0,566,275,0,577,236,0,539,347,0,459,350,0,478,349,0,508,349,0,539,392,0,454,388,0,475,383,0,504,384,0,543,432,0,473,426,0,492,417,0,517,416,0,551,466,0,500,457,0,514,448,0,535,448,0,YES
509,419,0,487,353,0,457,290,0,451,237,0,458,194,0,421,319,0,344,320,0,367,325,0,396,326,0,418,365,0,339,359,0,363,361,0,394,361,0,421,406,0,354,398,0,374,396,0,402,395,0,427,441,0,377,432,0,392,429,0,414,429,0,YES
375,419,0,343,355,0,305,302,0,292,248,0,300,199,0,266,331,0,193,344,0,211,347,0,238,344,0,267,376,0,190,383,0,210,383,0,240,382,0,276,419,0,208,424,0,227,419,0,255,416,0,288,457,0,236,460,0,250,454,0,272,450,0,YES
402,346,0,378,287,0,345,228,0,337,177,0,343,135,0,313,245,0,235,261,0,252,270,0,280,268,0,315,289,0,233,302,0,256,305,0,287,303,0,321,332,0,250,338,0,273,338,0,301,336,0,329,371,0,271,370,0,290,368,0,314,367,0,YES
190,314,0,213,272,0,249,250,0,285,251,0,304,267,0,269,237,0,317,244,0,306,255,0,288,259,0,273,268,0,319,275,0,305,283,0,287,285,0,274,302,0,314,308,0,298,311,0,281,311,0,271,335,0,302,336,0,287,337,0,272,336,0,YES
258,320,0,272,264,0,295,218,0,317,180,0,328,151,0,353,230,0,392,242,0,383,252,0,365,254,0,361,265,0,392,272,0,380,278,0,360,279,0,362,299,0,386,299,0,375,303,0,357,305,0,359,329,0,376,325,0,364,327,0,351,330,0,YES
338,302,0,346,245,0,376,200,0,404,166,0,417,137,0,440,216,0,453,214,0,436,220,0,419,225,0,450,251,0,461,242,0,444,244,0,428,249,0,450,284,0,466,271,0,452,271,0,435,276,0,445,312,0,459,296,0,447,294,0,434,299,0,YES
315,388,0,328,331,0,355,291,0,384,258,0,398,227,0,425,320,0,433,307,0,413,309,0,398,314,0,434,356,0,435,339,0,419,338,0,403,344,0,428,388,0,429,371,0,416,370,0,401,375,0,417,415,0,416,402,0,404,399,0,393,403,0,YES
248,399,0,263,339,0,293,298,0,319,268,0,328,239,0,352,323,0,385,313,0,370,316,0,352,320,0,361,359,0,387,346,0,371,344,0,354,348,0,360,391,0,379,375,0,365,372,0,348,376,0,355,418,0,366,403,0,355,399,0,342,403,0,YES
174,411,0,195,351,0,228,303,0,252,264,0,257,229,0,280,332,0,328,330,0,309,333,0,288,334,0,287,370,0,326,362,0,308,360,0,288,362,0,285,403,0,315,395,0,301,392,0,282,395,0,279,432,0,300,423,0,288,420,0,274,422,0,YES
99,418,0,112,359,0,148,308,0,171,266,0,176,230,0,186,332,0,252,330,0,241,329,0,220,330,0,191,372,0,253,366,0,239,360,0,218,359,0,189,407,0,245,399,0,232,392,0,212,391,0,186,437,0,231,426,0,221,421,0,203,421,0,YES
404,381,0,422,326,0,456,282,0,489,251,0,509,222,0,510,317,0,533,295,0,511,294,0,489,302,0,518,351,0,530,327,0,512,325,0,492,333,0,516,383,0,527,360,0,512,358,0,494,364,0,510,408,0,519,390,0,506,387,0,493,392,0,YES
441,420,0,460,362,0,492,320,0,526,290,0,550,266,0,559,359,0,559,349,0,538,350,0,521,355,0,564,399,0,559,381,0,542,380,0,526,386,0,556,432,0,554,414,0,539,412,0,522,416,0,543,458,0,542,442,0,529,440,0,518,444,0,YES
480,405,0,494,346,0,526,306,0,561,279,0,581,248,0,593,341,0,577,333,0,553,331,0,536,332,0,601,378,0,579,368,0,560,364,0,546,369,0,594,410,0,577,399,0,562,396,0,548,397,0,581,437,0,572,427,0,558,423,0,545,424,0,YES
634,427,0,610,367,0,577,308,0,563,262,0,569,220,0,545,335,0,460,344,0,482,343,0,512,341,0,546,381,0,461,382,0,484,378,0,514,378,0,551,422,0,476,419,0,496,413,0,525,412,0,556,459,0,498,452,0,514,444,0,537,444,0,YES
561,422,0,538,357,0,502,303,0,485,256,0,485,216,0,453,326,0,384,337,0,405,340,0,434,337,0,453,369,0,389,375,0,409,375,0,434,373,0,459,409,0,406,408,0,425,407,0,449,406,0,470,445,0,423,441,0,440,439,0,462,438,0,YES
485,398,0,462,334,0,426,288,0,405,243,0,404,202,0,370,313,0,312,324,0,330,328,0,356,325,0,368,355,0,314,361,0,332,361,0,355,357,0,375,393,0,331,395,0,349,391,0,370,388,0,387,424,0,354,423,0,369,420,0,387,416,0,YES
422,391,0,400,332,0,364,289,0,342,244,0,339,205,0,297,317,0,254,334,0,267,337,0,287,334,0,295,354,0,249,362,0,265,362,0,287,361,0,302,390,0,266,391,0,280,389,0,300,388,0,313,419,0,284,417,0,297,414,0,313,411,0,YES
389,389,0,364,329,0,331,287,0,305,243,0,297,204,0,261,316,0,230,334,0,249,338,0,269,337,0,256,356,0,225,362,0,244,362,0,266,362,0,262,393,0,236,394,0,252,393,0,272,392,0,274,423,0,253,422,0,267,419,0,283,417,0,YES
324,387,0,303,326,0,266,292,0,235,262,0,223,237,0,188,318,0,168,323,0,190,323,0,209,324,0,182,355,0,168,353,0,190,351,0,210,353,0,188,392,0,174,386,0,192,382,0,214,383,0,200,420,0,189,412,0,206,406,0,223,406,0,YES
286,376,0,262,315,0,226,278,0,197,240,0,186,208,0,147,307,0,124,306,0,149,307,0,169,310,0,141,345,0,125,336,0,146,334,0,166,338,0,149,380,0,133,367,0,151,365,0,171,368,0,163,409,0,150,397,0,166,393,0,182,394,0,YES
251,368,0,226,309,0,192,267,0,166,225,0,157,189,0,107,299,0,101,299,0,125,300,0,142,302,0,102,337,0,102,329,0,124,327,0,142,331,0,110,372,0,108,360,0,126,358,0,144,360,0,124,401,0,121,390,0,137,385,0,151,386,0,YES
193,366,0,176,309,0,150,267,0,123,230,0,109,196,0,73,296,0,67,301,0,90,304,0,107,306,0,64,334,0,67,333,0,88,334,0,105,337,0,68,370,0,73,366,0,90,365,0,108,366,0,78,400,0,84,397,0,101,394,0,116,394,0,YES
177,396,0,162,339,0,133,297,0,102,262,0,86,229,0,53,331,0,55,333,0,77,336,0,93,339,0,47,368,0,56,366,0,75,366,0,91,369,0,54,401,0,60,397,0,76,394,0,92,395,0,65,430,0,70,425,0,85,420,0,98,418,0,YES
160,414,0,145,358,0,118,314,0,87,281,0,67,251,0,32,354,0,42,359,0,65,360,0,80,362,0,26,390,0,37,389,0,56,389,0,72,391,0,33,423,0,39,417,0,56,415,0,72,416,0,45,451,0,47,444,0,62,440,0,76,438,0,YES
259,308,0,278,272,0,298,247,0,311,220,0,314,195,0,345,269,0,362,279,0,351,282,0,339,281,0,348,296,0,360,301,0,350,301,0,337,299,0,342,319,0,349,319,0,340,319,0,328,317,0,334,338,0,337,336,0,328,334,0,318,332,0,YES
550,345,0,538,306,0,521,264,0,523,231,0,532,205,0,503,269,0,451,278,0,462,286,0,479,285,0,503,295,0,448,303,0,463,308,0,483,307,0,505,321,0,457,327,0,472,329,0,491,327,0,509,345,0,473,347,0,485,346,0,500,344,0,YES
239,297,0,255,262,0,275,233,0,288,206,0,291,183,0,317,256,0,340,261,0,329,263,0,314,263,0,320,281,0,338,282,0,328,283,0,314,283,0,317,303,0,333,304,0,323,303,0,310,302,0,311,323,0,321,321,0,313,319,0,303,319,0,YES
553,332,0,538,294,0,517,254,0,512,222,0,518,195,0,496,259,0,445,270,0,458,279,0,476,276,0,497,284,0,444,295,0,460,300,0,481,297,0,500,310,0,454,320,0,470,322,0,490,317,0,504,334,0,470,339,0,484,339,0,501,335,0,YES
212,262,0,230,229,0,255,199,0,269,173,0,272,148,0,299,213,0,326,237,0,314,243,0,300,239,0,297,236,0,322,258,0,308,261,0,294,255,0,292,259,0,313,277,0,300,278,0,287,272,0,284,281,0,301,292,0,289,292,0,277,286,0,YES
553,287,0,537,250,0,514,210,0,509,177,0,516,151,0,493,217,0,442,234,0,456,240,0,474,236,0,497,243,0,443,260,0,460,261,0,480,256,0,502,268,0,457,282,0,473,280,0,491,275,0,508,292,0,473,298,0,486,296,0,503,291,0,YES
253,327,0,272,288,0,294,258,0,308,229,0,312,203,0,341,280,0,368,291,0,357,296,0,342,295,0,346,308,0,363,312,0,351,311,0,336,309,0,343,333,0,352,331,0,342,331,0,329,329,0,336,353,0,339,352,0,329,349,0,320,347,0,YES
604,363,0,589,322,0,563,279,0,556,244,0,563,214,0,548,297,0,489,305,0,504,308,0,524,306,0,549,326,0,491,333,0,507,333,0,527,330,0,551,353,0,503,356,0,517,354,0,535,352,0,553,376,0,517,373,0,528,372,0,544,372,0,YES
180,336,0,197,297,0,219,268,0,232,240,0,232,215,0,259,284,0,291,293,0,279,297,0,265,295,0,260,311,0,289,315,0,276,315,0,262,314,0,257,335,0,278,335,0,267,335,0,254,334,0,251,356,0,267,352,0,258,350,0,247,351,0,YES
538,350,0,516,309,0,488,274,0,479,240,0,481,211,0,463,293,0,415,310,0,429,312,0,447,307,0,465,322,0,417,335,0,431,335,0,449,331,0,472,348,0,432,356,0,445,353,0,461,349,0,480,371,0,447,372,0,459,369,0,474,366,0,YES
154,364,0,167,325,0,188,296,0,200,270,0,202,245,0,224,315,0,261,314,0,250,316,0,236,318,0,228,341,0,261,338,0,248,336,0,234,337,0,226,363,0,251,359,0,241,356,0,228,357,0,221,383,0,238,377,0,229,373,0,219,373,0,YES
533,375,0,512,334,0,485,300,0,473,266,0,477,237,0,460,324,0,413,336,0,428,337,0,446,332,0,460,354,0,414,360,0,427,359,0,445,356,0,464,379,0,428,381,0,440,379,0,455,376,0,469,400,0,442,396,0,453,394,0,466,392,0,YES
162,377,0,176,340,0,194,311,0,204,284,0,205,259,0,227,329,0,266,330,0,257,330,0,244,330,0,231,354,0,264,351,0,253,348,0,239,349,0,229,377,0,255,371,0,245,369,0,232,370,0,224,397,0,242,389,0,234,387,0,224,387,0,YES
534,408,0,515,366,0,490,333,0,478,300,0,480,271,0,460,361,0,417,368,0,432,367,0,450,364,0,459,390,0,420,391,0,433,389,0,449,387,0,462,414,0,432,410,0,443,408,0,457,406,0,467,432,0,445,426,0,455,424,0,467,423,0,YES
175,416,0,187,381,0,210,350,0,224,323,0,226,299,0,242,373,0,280,374,0,266,375,0,249,373,0,245,396,0,277,394,0,265,393,0,250,393,0,243,417,0,269,413,0,260,412,0,247,411,0,239,435,0,261,430,0,253,427,0,243,427,0,YES
532,427,0,513,384,0,488,352,0,477,319,0,480,291,0,457,382,0,414,386,0,428,385,0,447,384,0,456,410,0,417,410,0,428,406,0,444,405,0,459,434,0,427,430,0,436,426,0,450,425,0,464,452,0,437,446,0,444,443,0,456,442,0,YES
179,415,0,196,379,0,216,351,0,228,325,0,230,301,0,251,375,0,288,374,0,275,376,0,259,376,0,254,399,0,284,398,0,271,396,0,257,396,0,250,421,0,274,419,0,264,417,0,251,417,0,244,440,0,264,437,0,256,432,0,245,432,0,YES
536,427,0,514,386,0,488,356,0,477,324,0,479,295,0,456,386,0,413,391,0,427,388,0,445,386,0,457,415,0,417,415,0,428,409,0,444,408,0,463,439,0,430,437,0,439,430,0,454,429,0,471,458,0,445,453,0,452,448,0,465,447,0,YES
193,348,0,210,312,0,233,283,0,245,257,0,248,234,0,270,297,0,303,313,0,291,318,0,277,314,0,269,321,0,299,334,0,286,336,0,272,332,0,266,345,0,289,353,0,278,354,0,264,351,0,259,367,0,279,370,0,269,368,0,258,365,0,YES
539,361,0,517,323,0,491,291,0,480,260,0,483,231,0,465,314,0,421,328,0,436,327,0,453,321,0,468,342,0,424,351,0,438,348,0,456,344,0,476,366,0,438,372,0,450,367,0,466,363,0,484,386,0,455,388,0,465,382,0,479,378,0,YES
196,315,0,214,281,0,239,251,0,253,225,0,257,201,0,275,265,0,309,285,0,296,289,0,282,285,0,272,288,0,305,306,0,291,307,0,276,302,0,266,312,0,294,326,0,280,325,0,266,320,0,257,333,0,279,342,0,267,339,0,255,334,0,YES
549,332,0,528,294,0,503,260,0,494,227,0,497,199,0,479,277,0,433,293,0,447,296,0,465,290,0,483,305,0,436,318,0,452,318,0,471,313,0,490,330,0,450,339,0,464,337,0,481,332,0,499,352,0,468,356,0,479,353,0,494,350,0,YES
148,318,0,164,286,0,188,255,0,198,229,0,200,204,0,216,267,0,259,285,0,246,290,0,230,286,0,211,290,0,255,306,0,241,307,0,225,302,0,204,313,0,244,326,0,231,325,0,215,320,0,197,336,0,229,341,0,217,340,0,203,335,0,YES
594,336,0,574,297,0,544,257,0,535,224,0,539,195,0,532,273,0,480,289,0,494,291,0,512,286,0,537,302,0,484,314,0,499,314,0,517,309,0,542,328,0,496,334,0,509,332,0,527,328,0,546,350,0,510,348,0,521,347,0,537,345,0,YES
129,324,0,144,291,0,170,260,0,179,235,0,180,210,0,194,271,0,236,289,0,225,293,0,210,289,0,189,293,0,232,309,0,219,310,0,202,305,0,183,317,0,222,328,0,208,329,0,193,325,0,176,339,0,209,345,0,197,343,0,182,339,0,YES
621,336,0,598,299,0,570,262,0,563,230,0,567,200,0,561,275,0,510,293,0,524,294,0,541,289,0,569,305,0,514,319,0,530,318,0,550,313,0,577,331,0,529,341,0,543,337,0,561,331,0,584,353,0,545,356,0,557,352,0,573,349,0,YES
162,329,0,177,293,0,200,261,0,210,235,0,212,210,0,234,272,0,273,288,0,260,294,0,244,289,0,233,295,0,270,309,0,256,312,0,240,307,0,228,319,0,261,330,0,247,331,0,231,327,0,222,342,0,249,347,0,237,346,0,223,342,0,YES
592,335,0,570,299,0,541,263,0,533,231,0,537,203,0,529,279,0,477,294,0,491,296,0,509,292,0,534,307,0,480,318,0,496,318,0,516,314,0,540,332,0,495,339,0,508,337,0,526,333,0,546,354,0,511,356,0,521,352,0,537,349,0,YES
222,326,0,237,291,0,257,262,0,269,236,0,270,213,0,298,275,0,327,286,0,318,292,0,305,290,0,300,298,0,326,307,0,315,310,0,302,308,0,297,321,0,317,328,0,307,328,0,294,326,0,291,342,0,308,345,0,298,344,0,287,341,0,YES
552,330,0,531,294,0,505,261,0,496,230,0,498,203,0,483,277,0,437,293,0,452,295,0,469,290,0,487,304,0,440,316,0,456,315,0,475,311,0,493,328,0,452,336,0,467,334,0,484,329,0,500,349,0,468,352,0,480,349,0,495,346,0,YES
251,330,0,267,294,0,287,265,0,299,238,0,301,215,0,331,277,0,357,291,0,345,297,0,332,295,0,334,300,0,354,313,0,342,316,0,328,314,0,331,324,0,346,333,0,335,335,0,322,332,0,325,345,0,336,351,0,325,350,0,314,347,0,YES
532,332,0,512,295,0,486,263,0,476,233,0,476,207,0,458,280,0,416,296,0,429,299,0,445,294,0,460,306,0,419,319,0,433,319,0,450,314,0,465,331,0,431,337,0,445,336,0,461,332,0,473,352,0,448,352,0,461,350,0,474,347,0,YES
169,384,0,179,351,0,195,322,0,202,297,0,201,274,0,228,330,0,264,338,0,254,343,0,240,342,0,230,353,0,264,359,0,252,360,0,238,359,0,228,377,0,256,379,0,245,380,0,232,380,0,225,398,0,247,397,0,237,396,0,225,395,0,YES
542,391,0,523,352,0,499,321,0,487,290,0,490,263,0,467,344,0,426,354,0,439,355,0,455,353,0,467,372,0,428,375,0,440,374,0,456,372,0,471,395,0,438,393,0,448,391,0,462,389,0,477,414,0,452,408,0,461,405,0,472,404,0,YES
172,385,0,180,352,0,195,323,0,200,297,0,197,275,0,226,331,0,263,336,0,252,340,0,238,340,0,229,354,0,265,356,0,253,356,0,238,356,0,228,377,0,258,376,0,247,376,0,233,376,0,226,397,0,250,394,0,239,392,0,228,392,0,YES
549,393,0,530,354,0,506,324,0,496,293,0,500,266,0,476,346,0,435,356,0,448,357,0,464,354,0,476,373,0,437,378,0,449,376,0,465,374,0,481,397,0,448,397,0,458,393,0,472,392,0,487,416,0,463,413,0,472,409,0,483,408,0,YES
170,388,0,177,356,0,191,325,0,196,300,0,193,278,0,221,332,0,256,335,0,247,341,0,233,342,0,226,353,0,259,353,0,249,357,0,234,359,0,228,374,0,254,372,0,245,375,0,232,377,0,228,395,0,247,389,0,238,391,0,228,393,0,YES
547,395,0,529,356,0,505,326,0,493,295,0,498,268,0,475,349,0,434,356,0,446,357,0,463,355,0,474,376,0,434,379,0,445,377,0,461,376,0,477,400,0,445,398,0,454,394,0,468,393,0,483,418,0,461,414,0,469,410,0,480,408,0,YES
130,390,0,141,360,0,157,329,0,163,304,0,160,284,0,180,337,0,221,343,0,212,348,0,199,347,0,179,357,0,218,362,0,207,364,0,192,363,0,178,377,0,212,381,0,201,382,0,187,381,0,177,396,0,204,396,0,194,397,0,182,397,0,YES
591,406,0,572,370,0,546,338,0,536,308,0,543,282,0,526,358,0,481,367,0,493,369,0,508,365,0,527,384,0,482,389,0,494,389,0,510,387,0,530,408,0,492,409,0,503,408,0,518,405,0,534,428,0,503,425,0,512,423,0,525,421,0,YES
195,390,0,206,359,0,220,332,0,227,307,0,226,285,0,254,339,0,288,344,0,279,352,0,266,351,0,257,360,0,289,366,0,277,370,0,263,369,0,256,382,0,282,386,0,271,389,0,257,388,0,252,403,0,274,404,0,263,404,0,252,402,0,YES
552,395,0,535,356,0,513,326,0,503,295,0,507,268,0,483,346,0,442,355,0,454,357,0,470,355,0,482,373,0,443,376,0,455,376,0,471,374,0,485,396,0,452,396,0,463,393,0,478,392,0,491,414,0,468,412,0,477,408,0,488,407,0,YES
210,353,0,222,322,0,239,294,0,248,271,0,249,250,0,275,301,0,305,316,0,295,322,0,282,319,0,276,320,0,304,334,0,293,338,0,279,336,0,274,342,0,295,352,0,284,354,0,272,351,0,270,362,0,286,368,0,275,368,0,265,365,0,YES
539,363,0,520,327,0,497,297,0,487,267,0,489,241,0,469,312,0,430,327,0,442,331,0,459,326,0,470,338,0,433,348,0,447,350,0,463,346,0,475,361,0,443,368,0,455,369,0,471,365,0,483,382,0,457,384,0,467,383,0,480,381,0,YES
210,343,0,223,313,0,240,286,0,249,263,0,250,242,0,276,293,0,306,308,0,296,315,0,283,313,0,276,313,0,304,327,0,293,331,0,279,328,0,273,334,0,295,345,0,285,348,0,272,344,0,268,354,0,286,361,0,276,361,0,265,358,0,YES
534,345,0,515,311,0,492,282,0,482,253,0,483,228,0,466,297,0,427,314,0,440,318,0,455,314,0,468,321,0,430,335,0,444,337,0,460,332,0,474,344,0,441,354,0,454,354,0,470,349,0,482,364,0,460,370,0,470,368,0,482,364,0,YES
209,316,0,221,288,0,242,259,0,252,235,0,254,214,0,275,263,0,305,282,0,294,288,0,280,286,0,276,280,0,304,298,0,293,302,0,279,299,0,274,299,0,299,314,0,289,317,0,276,314,0,270,318,0,291,329,0,282,331,0,271,328,0,YES
536,310,0,517,280,0,492,250,0,481,221,0,482,196,0,466,260,0,429,281,0,442,288,0,456,283,0,470,283,0,432,302,0,446,306,0,462,299,0,476,305,0,444,321,0,458,322,0,473,316,0,483,327,0,461,338,0,474,337,0,488,331,0,YES
228,240,0,242,210,0,265,183,0,277,162,0,280,141,0,304,187,0,325,213,0,313,217,0,300,211,0,306,204,0,323,228,0,310,230,0,296,224,0,303,223,0,319,244,0,305,245,0,293,239,0,297,244,0,308,258,0,295,259,0,285,253,0,YES
530,227,0,508,198,0,484,170,0,474,144,0,471,122,0,451,177,0,423,201,0,430,208,0,441,205,0,455,193,0,428,221,0,437,223,0,449,215,0,464,211,0,440,235,0,450,234,0,461,225,0,476,230,0,459,248,0,469,245,0,479,235,0,YES
211,216,0,222,190,0,242,164,0,255,145,0,258,128,0,276,165,0,305,187,0,296,193,0,284,190,0,274,181,0,304,201,0,292,205,0,279,200,0,271,199,0,298,217,0,286,219,0,274,214,0,266,218,0,289,229,0,279,231,0,268,227,0,YES
565,209,0,545,181,0,521,153,0,513,128,0,516,104,0,500,156,0,466,177,0,477,182,0,491,176,0,508,173,0,472,196,0,483,197,0,497,190,0,518,192,0,485,212,0,495,211,0,508,204,0,528,211,0,503,225,0,512,222,0,523,215,0,YES
188,222,0,199,197,0,220,172,0,232,151,0,234,132,0,249,170,0,281,194,0,270,199,0,259,195,0,247,184,0,278,209,0,265,212,0,254,207,0,242,201,0,271,225,0,258,226,0,248,220,0,237,219,0,258,237,0,246,236,0,236,230,0,YES
595,208,0,577,181,0,554,151,0,545,124,0,547,101,0,533,151,0,496,174,0,507,180,0,519,175,0,540,167,0,501,195,0,514,197,0,527,189,0,548,187,0,514,210,0,526,209,0,539,201,0,557,207,0,530,222,0,541,220,0,553,212,0,YES
142,247,0,158,221,0,181,192,0,190,169,0,193,149,0,205,189,0,240,211,0,228,219,0,213,216,0,202,203,0,237,227,0,223,232,0,208,227,0,196,221,0,230,242,0,217,246,0,203,240,0,191,240,0,218,256,0,207,258,0,194,252,0,YES
627,228,0,611,201,0,589,171,0,583,144,0,587,121,0,579,172,0,537,191,0,548,197,0,563,192,0,586,191,0,541,211,0,553,213,0,568,208,0,594,211,0,553,229,0,564,229,0,579,223,0,602,230,0,569,243,0,579,241,0,592,235,0,YES
247,330,0,263,301,0,283,277,0,296,256,0,300,236,0,319,290,0,343,308,0,333,313,0,321,310,0,319,310,0,339,325,0,328,328,0,316,325,0,315,330,0,330,342,0,320,343,0,309,339,0,309,348,0,320,356,0,311,355,0,301,351,0,YES
579,334,0,562,303,0,537,275,0,528,248,0,531,225,0,510,288,0,475,304,0,487,309,0,501,304,0,512,311,0,478,324,0,492,327,0,506,322,0,518,332,0,488,341,0,501,343,0,515,338,0,526,351,0,504,356,0,515,356,0,527,352,0,YES
601,228,0,579,273,0,551,315,0,532,349,0,521,374,0,499,276,0,485,297,0,519,287,0,519,278,0,497,249,0,480,272,0,519,268,0,515,258,0,502,223,0,482,241,0,518,244,0,517,233,0,511,200,0,503,214,0,526,224,0,526,216,0,NO
557,214,0,537,258,0,510,298,0,491,334,0,480,359,0,462,264,0,443,279,0,475,271,0,481,265,0,459,238,0,438,254,0,476,251,0,478,243,0,462,212,0,438,225,0,474,227,0,476,219,0,470,188,0,458,198,0,481,207,0,485,202,0,NO
520,213,0,503,256,0,476,296,0,456,328,0,446,353,0,426,265,0,406,280,0,439,274,0,447,267,0,422,239,0,400,254,0,440,252,0,442,244,0,426,213,0,402,226,0,439,229,0,442,221,0,434,189,0,422,201,0,447,210,0,450,205,0,NO
490,214,0,473,258,0,448,297,0,429,329,0,418,354,0,401,267,0,378,281,0,411,276,0,421,269,0,397,242,0,369,257,0,409,255,0,415,246,0,400,217,0,372,230,0,409,232,0,414,223,0,407,193,0,392,204,0,417,213,0,422,207,0,NO
462,214,0,451,258,0,425,300,0,406,332,0,398,357,0,380,270,0,354,282,0,386,277,0,398,270,0,374,246,0,346,260,0,386,259,0,393,249,0,376,222,0,346,234,0,383,237,0,391,228,0,381,198,0,364,210,0,390,218,0,397,212,0,NO
424,211,0,415,255,0,395,297,0,378,328,0,370,353,0,347,270,0,322,283,0,353,277,0,368,269,0,340,246,0,312,261,0,352,257,0,362,247,0,341,222,0,312,234,0,349,234,0,358,226,0,345,197,0,329,209,0,355,215,0,363,210,0,NO
390,212,0,383,255,0,364,298,0,347,329,0,338,353,0,316,274,0,290,287,0,321,280,0,335,271,0,308,251,0,279,266,0,318,261,0,328,250,0,307,227,0,277,239,0,313,238,0,323,230,0,310,201,0,293,213,0,319,217,0,327,212,0,NO
355,222,0,349,267,0,332,307,0,315,337,0,305,360,0,284,283,0,258,296,0,288,289,0,301,280,0,276,259,0,248,273,0,285,269,0,294,259,0,275,234,0,244,248,0,279,248,0,290,239,0,277,209,0,258,221,0,284,227,0,295,221,0,NO
304,229,0,298,277,0,283,321,0,267,353,0,259,378,0,232,294,0,205,307,0,238,300,0,255,290,0,226,270,0,199,285,0,238,280,0,251,268,0,225,245,0,196,258,0,233,257,0,247,248,0,227,218,0,207,232,0,235,237,0,249,231,0,NO
261,244,0,261,291,0,248,336,0,231,367,0,221,389,0,190,309,0,164,325,0,199,320,0,215,309,0,184,284,0,158,302,0,200,297,0,210,284,0,182,260,0,155,275,0,194,274,0,207,264,0,183,233,0,165,249,0,193,254,0,205,247,0,NO
231,248,0,231,295,0,221,338,0,209,370,0,200,391,0,165,317,0,144,333,0,175,325,0,190,314,0,157,293,0,133,310,0,172,301,0,182,289,0,154,268,0,129,282,0,166,277,0,177,268,0,155,241,0,137,255,0,165,257,0,176,251,0,NO
201,252,0,201,301,0,193,342,0,179,374,0,169,395,0,140,318,0,119,335,0,146,327,0,162,315,0,130,295,0,106,314,0,142,304,0,154,291,0,125,272,0,96,289,0,132,283,0,146,273,0,123,245,0,103,262,0,130,264,0,143,258,0,NO
148,253,0,151,297,0,147,336,0,136,368,0,129,389,0,96,320,0,75,339,0,102,329,0,117,316,0,84,300,0,58,319,0,94,307,0,108,294,0,76,278,0,50,295,0,85,287,0,99,277,0,73,252,0,55,268,0,82,267,0,93,262,0,NO
128,262,0,133,308,0,131,344,0,121,377,0,112,400,0,78,329,0,57,348,0,81,337,0,97,324,0,66,308,0,39,327,0,73,315,0,89,303,0,59,286,0,30,303,0,64,295,0,81,285,0,57,260,0,35,275,0,61,275,0,75,270,0,NO
148,304,0,147,353,0,144,390,0,134,419,0,122,437,0,91,361,0,70,380,0,95,374,0,111,362,0,81,342,0,54,362,0,88,355,0,103,342,0,75,321,0,46,339,0,80,336,0,96,324,0,72,296,0,49,312,0,75,316,0,89,310,0,NO
188,302,0,189,345,0,184,382,0,176,411,0,167,429,0,132,358,0,115,377,0,138,368,0,154,356,0,123,338,0,100,357,0,131,350,0,147,337,0,117,316,0,92,335,0,123,331,0,140,320,0,115,291,0,96,308,0,120,312,0,135,306,0,NO
232,294,0,230,343,0,218,385,0,203,420,0,197,448,0,172,355,0,153,371,0,180,362,0,195,350,0,163,333,0,140,352,0,175,344,0,188,331,0,159,310,0,134,328,0,168,324,0,181,313,0,158,285,0,143,301,0,168,304,0,179,297,0,NO
261,291,0,257,337,0,247,374,0,235,401,0,224,421,0,198,350,0,177,367,0,204,359,0,221,347,0,190,329,0,164,347,0,199,341,0,214,329,0,186,306,0,158,324,0,192,321,0,208,310,0,185,281,0,165,298,0,191,303,0,205,296,0,NO
315,292,0,307,337,0,291,375,0,275,405,0,266,429,0,243,349,0,222,366,0,252,359,0,266,348,0,237,327,0,212,346,0,249,341,0,260,328,0,235,304,0,206,323,0,242,321,0,254,310,0,236,279,0,217,295,0,243,301,0,255,294,0,NO
360,297,0,347,341,0,328,378,0,307,405,0,292,426,0,284,349,0,261,364,0,291,359,0,308,349,0,279,326,0,253,344,0,291,341,0,302,329,0,278,302,0,248,320,0,284,320,0,297,309,0,282,276,0,264,293,0,289,300,0,300,293,0,NO
410,290,0,395,334,0,374,371,0,356,397,0,341,414,0,331,339,0,311,356,0,343,352,0,357,342,0,327,317,0,303,336,0,340,333,0,348,321,0,328,293,0,299,312,0,335,313,0,345,302,0,332,269,0,316,286,0,340,294,0,349,287,0,NO
466,296,0,451,338,0,426,374,0,407,400,0,393,420,0,381,344,0,360,362,0,389,359,0,403,351,0,377,320,0,353,340,0,390,340,0,398,330,0,380,297,0,352,314,0,388,318,0,397,308,0,386,274,0,372,291,0,396,299,0,403,292,0,NO
536,311,0,512,354,0,480,389,0,459,412,0,447,431,0,438,348,0,417,369,0,449,368,0,460,358,0,439,325,0,417,346,0,455,349,0,461,336,0,445,301,0,420,320,0,455,326,0,463,314,0,454,277,0,440,297,0,463,308,0,470,300,0,NO
604,307,0,578,350,0,545,382,0,523,405,0,510,425,0,502,343,0,488,363,0,518,361,0,530,353,0,502,319,0,483,340,0,520,342,0,528,332,0,509,295,0,486,315,0,521,321,0,531,311,0,521,273,0,508,293,0,531,304,0,540,297,0,NO
644,323,0,620,367,0,582,399,0,556,422,0,541,441,0,535,356,0,520,377,0,552,376,0,564,368,0,536,331,0,520,353,0,557,357,0,564,347,0,545,308,0,526,327,0,560,336,0,566,325,0,559,286,0,548,306,0,570,318,0,576,311,0,NO
617,238,0,599,281,0,570,320,0,551,349,0,542,371,0,527,284,0,513,304,0,544,299,0,546,290,0,524,261,0,510,280,0,546,280,0,544,269,0,529,237,0,510,254,0,543,258,0,545,246,0,537,214,0,529,230,0,550,238,0,551,230,0,NO
606,181,0,592,222,0,566,262,0,546,295,0,536,316,0,517,241,0,505,257,0,534,244,0,537,238,0,511,217,0,498,234,0,533,226,0,530,221,0,512,192,0,497,205,0,529,204,0,528,198,0,518,168,0,513,179,0,534,185,0,534,181,0,NO
598,152,0,586,191,0,563,232,0,546,264,0,538,288,0,515,214,0,500,226,0,531,217,0,532,212,0,510,189,0,494,203,0,531,198,0,526,194,0,510,165,0,491,176,0,525,176,0,523,169,0,513,142,0,505,150,0,528,156,0,527,151,0,NO
584,120,0,579,157,0,560,197,0,542,228,0,535,252,0,517,182,0,495,190,0,524,181,0,531,178,0,509,159,0,488,169,0,524,163,0,524,162,0,507,136,0,486,144,0,517,142,0,519,140,0,507,114,0,498,121,0,520,122,0,522,120,0,NO
571,94,0,566,128,0,548,167,0,531,197,0,524,219,0,508,157,0,484,161,0,511,151,0,519,151,0,499,134,0,476,140,0,510,133,0,512,136,0,495,111,0,472,115,0,503,111,0,507,113,0,495,89,0,484,91,0,506,91,0,510,93,0,NO
559,65,0,554,98,0,536,136,0,518,164,0,509,185,0,496,129,0,471,127,0,499,116,0,508,119,0,488,105,0,464,105,0,499,97,0,502,106,0,486,82,0,461,80,0,493,76,0,497,83,0,486,62,0,473,58,0,496,57,0,502,63,0,NO
546,47,0,542,78,0,527,116,0,510,144,0,498,166,0,485,115,0,460,111,0,486,99,0,496,103,0,477,91,0,453,88,0,487,79,0,491,89,0,474,69,0,450,64,0,481,59,0,488,69,0,474,48,0,459,44,0,482,42,0,491,49,0,NO
505,45,0,500,76,0,485,111,0,468,140,0,457,162,0,443,112,0,419,106,0,446,94,0,455,99,0,435,88,0,411,85,0,447,76,0,449,85,0,431,66,0,410,61,0,443,56,0,447,65,0,431,45,0,420,40,0,444,39,0,450,46,0,NO
466,42,0,462,73,0,448,111,0,432,141,0,420,163,0,404,112,0,382,107,0,409,95,0,417,100,0,396,88,0,372,87,0,407,77,0,412,85,0,393,66,0,370,62,0,403,57,0,409,65,0,393,45,0,381,42,0,405,40,0,412,45,0,NO
446,39,0,443,71,0,429,111,0,414,143,0,403,165,0,386,114,0,361,110,0,388,98,0,397,100,0,376,91,0,352,90,0,386,80,0,393,87,0,373,69,0,350,66,0,383,61,0,391,67,0,373,47,0,362,45,0,385,43,0,393,48,0,NO
413,42,0,413,73,0,400,112,0,385,144,0,373,165,0,356,113,0,331,113,0,358,100,0,370,101,0,347,91,0,322,92,0,357,82,0,365,87,0,343,70,0,318,69,0,351,63,0,360,68,0,343,48,0,330,47,0,354,44,0,363,48,0,NO
376,35,0,378,66,0,367,108,0,352,141,0,341,163,0,326,115,0,298,112,0,324,98,0,336,101,0,316,92,0,290,92,0,322,79,0,330,86,0,310,70,0,285,69,0,316,60,0,326,66,0,307,48,0,292,48,0,316,42,0,327,45,0,NO
347,39,0,348,70,0,338,111,0,326,143,0,314,162,0,295,115,0,269,112,0,296,99,0,307,101,0,287,93,0,260,92,0,294,80,0,302,86,0,282,72,0,257,71,0,288,62,0,298,66,0,281,50,0,264,50,0,288,45,0,299,47,0,NO
327,40,0,329,71,0,321,111,0,308,143,0,299,165,0,277,119,0,252,116,0,277,102,0,289,105,0,268,98,0,242,98,0,273,85,0,283,91,0,263,77,0,237,76,0,267,66,0,278,70,0,260,56,0,244,55,0,267,49,0,279,51,0,NO
297,34,0,298,66,0,290,109,0,281,142,0,273,162,0,250,115,0,222,113,0,248,99,0,260,103,0,241,94,0,213,93,0,244,81,0,254,89,0,235,74,0,210,72,0,238,62,0,250,67,0,231,53,0,213,52,0,234,46,0,246,49,0,NO
239,38,0,245,72,0,239,115,0,231,150,0,225,174,0,198,124,0,169,124,0,194,107,0,207,107,0,187,101,0,158,104,0,190,86,0,201,91,0,179,80,0,153,81,0,185,67,0,195,71,0,172,58,0,158,58,0,182,49,0,193,50,0,NO
219,48,0,229,76,0,218,123,0,206,158,0,203,182,0,175,130,0,147,129,0,173,113,0,187,112,0,164,108,0,137,111,0,171,93,0,183,96,0,156,86,0,132,88,0,165,73,0,177,75,0,150,65,0,137,66,0,162,56,0,174,57,0,NO
190,49,0,197,81,0,189,126,0,178,162,0,174,187,0,146,139,0,118,136,0,143,119,0,157,117,0,135,117,0,107,117,0,140,99,0,151,103,0,128,96,0,104,94,0,134,80,0,145,84,0,122,75,0,107,75,0,130,66,0,140,68,0,NO
176,47,0,181,81,0,173,127,0,164,163,0,161,187,0,134,135,0,105,138,0,131,119,0,145,116,0,123,114,0,94,120,0,128,101,0,138,105,0,115,94,0,90,96,0,121,82,0,132,85,0,110,74,0,94,75,0,116,68,0,126,69,0,NO
154,55,0,161,88,0,153,134,0,144,169,0,140,193,0,111,141,0,82,146,0,107,129,0,122,126,0,100,120,0,72,127,0,106,109,0,117,111,0,92,99,0,67,103,0,99,90,0,111,90,0,86,78,0,70,82,0,94,74,0,106,73,0,NO
126,57,0,137,91,0,133,138,0,125,173,0,122,198,0,94,146,0,65,147,0,91,132,0,106,129,0,82,124,0,55,130,0,87,112,0,99,114,0,74,104,0,49,107,0,80,92,0,92,93,0,66,83,0,51,86,0,74,77,0,85,77,0,NO
623,339,0,588,378,0,553,406,0,532,435,0,520,458,0,508,354,0,498,390,0,528,386,0,533,375,0,510,332,0,502,370,0,535,371,0,538,357,0,521,313,0,509,347,0,539,353,0,543,339,0,537,299,0,531,326,0,549,338,0,554,328,0,NO
595,338,0,565,378,0,533,406,0,513,431,0,500,453,0,488,360,0,480,389,0,510,387,0,518,377,0,489,337,0,479,368,0,513,370,0,518,358,0,499,316,0,485,345,0,516,351,0,522,339,0,514,299,0,505,324,0,525,336,0,531,328,0,NO
572,332,0,543,372,0,512,402,0,493,428,0,483,449,0,470,356,0,458,385,0,487,383,0,495,374,0,470,335,0,457,365,0,491,367,0,496,355,0,479,314,0,461,342,0,493,348,0,500,336,0,492,297,0,481,321,0,502,332,0,509,325,0,NO
549,330,0,521,368,0,490,396,0,472,423,0,461,445,0,450,355,0,436,381,0,465,380,0,474,372,0,450,335,0,436,362,0,469,364,0,474,352,0,457,314,0,439,338,0,470,344,0,475,332,0,468,295,0,457,316,0,477,327,0,483,319,0,NO
529,326,0,504,365,0,475,395,0,457,421,0,448,443,0,433,356,0,419,380,0,448,379,0,459,371,0,433,335,0,417,361,0,451,363,0,457,351,0,439,315,0,419,338,0,451,343,0,458,331,0,450,296,0,438,318,0,460,327,0,467,319,0,NO
507,324,0,482,365,0,453,396,0,436,422,0,428,443,0,409,355,0,396,382,0,424,378,0,434,369,0,409,335,0,394,364,0,428,363,0,433,351,0,415,314,0,396,341,0,428,344,0,433,331,0,425,296,0,416,319,0,436,328,0,442,318,0,NO
487,319,0,463,358,0,436,388,0,421,414,0,414,436,0,390,349,0,378,375,0,407,372,0,419,364,0,389,329,0,376,358,0,411,358,0,418,347,0,394,309,0,377,336,0,409,338,0,415,325,0,404,290,0,395,314,0,416,321,0,422,311,0,NO
467,316,0,445,356,0,420,386,0,405,412,0,397,432,0,374,348,0,362,373,0,392,369,0,401,360,0,373,327,0,360,355,0,394,354,0,399,342,0,377,307,0,361,333,0,392,335,0,398,323,0,387,288,0,379,312,0,400,320,0,405,311,0,NO
454,316,0,429,358,0,405,389,0,392,415,0,384,435,0,361,348,0,350,375,0,379,371,0,390,362,0,359,327,0,347,359,0,381,358,0,387,345,0,363,307,0,347,336,0,378,339,0,385,326,0,372,288,0,365,315,0,386,324,0,392,314,0,NO
422,319,0,402,360,0,380,391,0,366,417,0,358,438,0,337,359,0,322,380,0,351,374,0,359,364,0,334,338,0,315,361,0,349,359,0,355,347,0,337,317,0,315,339,0,348,341,0,354,328,0,344,295,0,332,318,0,354,325,0,360,315,0,NO
390,318,0,375,360,0,353,392,0,338,418,0,330,440,0,313,364,0,294,382,0,321,377,0,334,367,0,309,344,0,285,365,0,320,362,0,329,349,0,309,323,0,283,343,0,316,344,0,325,331,0,313,301,0,298,320,0,320,327,0,328,318,0,NO
365,317,0,353,356,0,333,388,0,318,413,0,308,432,0,292,362,0,270,378,0,298,375,0,312,366,0,288,344,0,263,362,0,298,361,0,308,348,0,289,323,0,262,341,0,296,343,0,305,331,0,292,300,0,277,319,0,300,326,0,309,317,0,NO
343,323,0,331,362,0,312,394,0,298,418,0,287,439,0,270,366,0,249,384,0,278,380,0,293,370,0,266,348,0,242,369,0,278,367,0,288,353,0,267,328,0,240,348,0,274,348,0,284,335,0,270,305,0,253,324,0,277,331,0,286,321,0,NO
313,331,0,304,371,0,287,404,0,272,432,0,261,453,0,245,376,0,224,394,0,252,391,0,268,382,0,240,357,0,217,378,0,251,376,0,263,363,0,240,337,0,213,357,0,246,357,0,257,346,0,242,315,0,225,333,0,249,339,0,259,332,0,NO
301,329,0,290,369,0,274,402,0,260,428,0,249,448,0,232,376,0,210,393,0,236,389,0,251,378,0,227,358,0,201,377,0,235,374,0,247,361,0,226,338,0,197,356,0,230,356,0,242,344,0,227,315,0,208,333,0,231,339,0,243,331,0,NO
247,329,0,242,367,0,229,398,0,215,424,0,207,444,0,186,375,0,165,391,0,189,388,0,203,378,0,181,358,0,156,375,0,188,372,0,200,360,0,179,339,0,153,355,0,184,355,0,197,345,0,179,317,0,161,332,0,184,338,0,197,331,0,NO
195,331,0,190,372,0,180,403,0,169,427,0,164,447,0,138,380,0,120,397,0,142,391,0,156,381,0,131,363,0,109,379,0,137,375,0,151,365,0,127,344,0,101,359,0,130,358,0,144,350,0,126,321,0,108,336,0,131,340,0,144,335,0,NO
146,342,0,144,381,0,138,412,0,130,438,0,124,456,0,98,384,0,81,401,0,102,397,0,115,386,0,89,367,0,68,385,0,95,380,0,108,368,0,83,349,0,60,366,0,87,365,0,102,355,0,81,328,0,63,341,0,83,347,0,97,342,0,NO
121,344,0,119,383,0,114,414,0,107,438,0,103,456,0,71,386,0,53,403,0,74,400,0,88,389,0,63,370,0,42,387,0,68,384,0,81,372,0,58,353,0,34,369,0,60,368,0,75,359,0,55,332,0,36,345,0,55,351,0,70,347,0,NO
11,316,0,29,357,0,54,390,0,65,420,0,68,450,0,122,350,0,98,374,0,70,375,0,65,369,0,118,321,0,82,354,0,58,355,0,59,346,0,104,297,0,69,328,0,49,332,0,53,324,0,85,278,0,59,303,0,46,310,0,48,306,0,NO
40,326,0,64,360,0,91,390,0,106,416,0,109,442,0,148,348,0,137,362,0,109,368,0,96,368,0,144,322,0,135,338,0,107,349,0,92,351,0,132,298,0,124,313,0,97,329,0,83,335,0,115,278,0,109,289,0,90,305,0,80,313,0,NO
35,323,0,55,347,0,82,372,0,101,392,0,114,405,0,82,371,0,104,395,0,116,405,0,123,414,0,76,355,0,120,350,0,143,329,0,154,315,0,71,333,0,111,327,0,133,308,0,142,296,0,66,311,0,96,302,0,115,290,0,125,282,0,NO
91,314,0,118,347,0,148,375,0,163,402,0,171,424,0,201,332,0,191,360,0,162,358,0,153,351,0,202,306,0,185,340,0,155,339,0,148,331,0,193,283,0,175,315,0,148,317,0,141,311,0,178,263,0,164,287,0,145,294,0,140,292,0,NO
119,318,0,145,355,0,174,385,0,187,415,0,194,443,0,238,340,0,221,372,0,191,370,0,184,361,0,238,314,0,216,352,0,186,351,0,181,341,0,229,291,0,207,328,0,179,330,0,175,319,0,213,272,0,193,302,0,174,308,0,172,299,0,NO
134,315,0,160,358,0,191,395,0,208,426,0,220,450,0,256,341,0,238,381,0,209,375,0,210,361,0,257,315,0,233,361,0,202,357,0,207,341,0,248,294,0,226,335,0,198,335,0,202,321,0,232,277,0,214,309,0,195,314,0,196,302,0,NO
179,310,0,208,347,0,240,379,0,261,406,0,275,429,0,294,336,0,297,359,0,270,363,0,260,357,0,294,310,0,293,338,0,261,341,0,255,330,0,286,286,0,285,314,0,255,320,0,248,309,0,271,263,0,274,288,0,253,299,0,244,293,0,NO
220,298,0,243,335,0,271,369,0,288,398,0,301,419,0,322,331,0,331,353,0,303,355,0,289,348,0,324,308,0,330,331,0,298,335,0,287,327,0,318,284,0,326,307,0,297,313,0,287,305,0,307,259,0,315,278,0,296,289,0,287,287,0,NO
251,299,0,277,339,0,308,373,0,330,403,0,345,429,0,358,334,0,372,359,0,341,361,0,327,353,0,360,311,0,370,340,0,335,342,0,325,331,0,354,288,0,365,318,0,334,322,0,324,311,0,342,263,0,353,290,0,332,300,0,323,293,0,NO
281,304,0,305,343,0,336,377,0,358,405,0,374,429,0,378,342,0,399,364,0,369,366,0,353,358,0,379,321,0,398,345,0,362,347,0,348,336,0,374,298,0,394,322,0,362,327,0,348,316,0,366,272,0,384,292,0,363,304,0,351,300,0,NO
328,305,0,346,343,0,373,380,0,394,409,0,411,431,0,415,351,0,437,370,0,409,368,0,392,359,0,419,331,0,441,351,0,405,349,0,390,339,0,419,307,0,440,328,0,406,329,0,392,319,0,415,279,0,433,300,0,410,308,0,397,303,0,NO
361,314,0,383,354,0,413,390,0,433,418,0,443,443,0,455,356,0,474,373,0,446,373,0,430,367,0,458,333,0,479,352,0,443,352,0,430,344,0,456,307,0,476,326,0,444,329,0,432,321,0,449,279,0,465,295,0,444,305,0,434,301,0,NO
391,312,0,411,354,0,440,391,0,459,422,0,471,448,0,489,356,0,506,376,0,475,374,0,463,366,0,493,332,0,510,353,0,472,352,0,466,342,0,491,307,0,506,327,0,471,330,0,465,319,0,483,280,0,494,298,0,471,307,0,464,300,0,NO
415,318,0,433,360,0,463,396,0,483,427,0,496,451,0,506,366,0,529,383,0,498,382,0,484,374,0,510,342,0,531,360,0,493,359,0,485,349,0,508,316,0,529,335,0,493,337,0,485,327,0,502,288,0,518,306,0,494,314,0,486,307,0,NO
447,324,0,466,365,0,496,403,0,518,432,0,534,455,0,544,369,0,568,388,0,534,386,0,517,377,0,546,345,0,569,365,0,526,364,0,514,353,0,543,319,0,565,340,0,525,342,0,512,331,0,535,290,0,553,311,0,527,319,0,515,312,0,NO
474,278,0,495,319,0,526,352,0,544,382,0,555,403,0,567,318,0,590,329,0,559,332,0,547,328,0,570,294,0,591,306,0,552,308,0,545,302,0,566,268,0,586,280,0,551,284,0,542,278,0,558,239,0,575,247,0,553,257,0,543,258,0,NO
448,267,0,469,308,0,502,343,0,524,370,0,536,392,0,545,306,0,566,320,0,532,319,0,518,313,0,547,281,0,570,294,0,530,295,0,517,288,0,542,254,0,566,268,0,530,273,0,516,266,0,533,226,0,551,238,0,528,250,0,517,248,0,NO
419,263,0,443,302,0,477,335,0,498,362,0,510,385,0,518,296,0,538,309,0,503,310,0,491,306,0,518,271,0,538,285,0,499,288,0,491,281,0,512,245,0,532,261,0,499,267,0,490,259,0,502,218,0,519,231,0,497,243,0,488,240,0,NO
365,258,0,392,297,0,424,332,0,444,357,0,454,380,0,468,291,0,485,311,0,453,312,0,442,304,0,469,264,0,481,285,0,444,287,0,439,277,0,461,237,0,473,256,0,441,261,0,435,251,0,448,210,0,461,219,0,442,234,0,434,236,0,NO
329,244,0,355,285,0,387,318,0,408,345,0,421,368,0,435,277,0,441,296,0,408,295,0,402,287,0,437,250,0,434,269,0,399,271,0,401,262,0,427,225,0,427,243,0,397,248,0,397,240,0,412,201,0,414,210,0,397,223,0,393,223,0,NO
300,241,0,328,278,0,359,311,0,380,339,0,395,363,0,413,266,0,416,289,0,385,290,0,380,281,0,415,240,0,408,267,0,374,270,0,378,259,0,404,216,0,398,242,0,369,248,0,371,238,0,389,193,0,385,210,0,367,223,0,365,221,0,NO
280,240,0,307,278,0,342,310,0,363,337,0,375,364,0,394,264,0,392,288,0,361,286,0,355,276,0,394,237,0,381,265,0,350,266,0,353,255,0,382,212,0,374,239,0,347,245,0,346,235,0,365,190,0,360,209,0,343,220,0,342,217,0,NO
244,230,0,270,265,0,304,295,0,328,318,0,343,341,0,358,245,0,350,270,0,322,269,0,319,259,0,356,217,0,339,245,0,311,248,0,314,237,0,343,193,0,330,220,0,305,226,0,307,217,0,324,173,0,318,190,0,302,202,0,300,200,0,NO
217,245,0,243,278,0,278,306,0,300,327,0,313,347,0,333,260,0,324,284,0,297,285,0,291,277,0,331,232,0,314,259,0,286,263,0,285,254,0,318,209,0,303,234,0,278,241,0,278,233,0,299,189,0,290,204,0,275,217,0,272,219,0,NO
193,248,0,216,280,0,248,310,0,271,333,0,288,350,0,303,260,0,286,284,0,263,285,0,260,277,0,298,234,0,276,262,0,252,266,0,254,258,0,284,212,0,265,238,0,244,244,0,246,237,0,266,193,0,257,209,0,242,219,0,240,219,0,NO
147,243,0,164,278,0,191,309,0,207,336,0,220,358,0,251,267,0,225,284,0,204,284,0,206,278,0,248,239,0,216,261,0,196,264,0,201,257,0,236,215,0,205,237,0,186,241,0,191,236,0,220,194,0,198,212,0,183,220,0,184,219,0,NO
105,264,0,127,294,0,157,320,0,173,346,0,185,370,0,215,281,0,185,297,0,165,299,0,168,294,0,210,251,0,174,273,0,155,278,0,159,272,0,195,227,0,160,249,0,142,256,0,146,252,0,176,206,0,152,224,0,136,234,0,137,235,0,NO
46,274,0,75,300,0,110,324,0,134,349,0,150,368,0,152,282,0,164,277,0,137,286,0,115,292,0,145,255,0,163,247,0,130,262,0,105,272,0,133,232,0,146,225,0,115,242,0,94,253,0,117,211,0,126,204,0,106,220,0,91,232,0,NO
21,188,0,33,215,0,59,240,0,73,263,0,80,280,0,117,201,0,78,207,0,62,209,0,71,209,0,114,173,0,71,182,0,57,189,0,66,189,0,101,150,0,62,158,0,48,168,0,57,170,0,86,131,0,55,136,0,43,146,0,49,150,0,NO
45,180,0,59,206,0,81,230,0,91,252,0,96,270,0,138,195,0,98,199,0,81,200,0,87,200,0,136,166,0,92,172,0,78,179,0,84,182,0,125,142,0,82,149,0,69,160,0,75,166,0,111,123,0,78,129,0,65,140,0,68,146,0,NO
114,154,0,129,184,0,160,213,0,183,235,0,202,251,0,217,176,0,178,176,0,159,177,0,168,177,0,217,147,0,174,151,0,155,156,0,162,157,0,208,123,0,169,125,0,150,135,0,156,138,0,195,102,0,162,105,0,146,115,0,148,122,0,NO
196,134,0,211,168,0,238,201,0,259,227,0,272,250,0,301,168,0,277,169,0,256,169,0,259,169,0,303,140,0,274,141,0,253,145,0,257,146,0,296,114,0,269,116,0,248,123,0,253,126,0,284,91,0,265,92,0,248,101,0,247,106,0,NO
232,130,0,244,164,0,269,197,0,288,224,0,300,247,0,333,170,0,312,175,0,291,171,0,296,167,0,338,142,0,310,146,0,286,148,0,294,146,0,331,116,0,305,119,0,283,125,0,292,125,0,320,92,0,298,94,0,281,101,0,285,104,0,NO
273,120,0,287,154,0,313,186,0,335,212,0,346,238,0,365,162,0,371,163,0,342,160,0,340,161,0,369,136,0,375,135,0,341,137,0,340,139,0,366,110,0,372,108,0,341,114,0,339,119,0,358,86,0,360,82,0,339,92,0,336,99,0,NO
330,118,0,342,156,0,368,191,0,390,220,0,403,244,0,427,164,0,423,168,0,399,163,0,401,161,0,432,138,0,424,141,0,397,141,0,401,139,0,428,112,0,425,114,0,399,119,0,401,119,0,419,86,0,419,87,0,400,96,0,396,100,0,NO
355,120,0,368,155,0,394,189,0,415,217,0,426,240,0,451,165,0,460,170,0,432,166,0,428,162,0,456,139,0,457,142,0,425,143,0,429,142,0,452,114,0,455,117,0,426,121,0,430,121,0,445,88,0,446,90,0,427,98,0,426,101,0,NO
391,115,0,406,149,0,430,181,0,450,209,0,462,232,0,486,159,0,502,163,0,470,159,0,457,156,0,490,133,0,506,135,0,468,137,0,459,137,0,486,107,0,501,108,0,467,114,0,459,115,0,479,81,0,488,81,0,466,91,0,459,96,0,NO
432,112,0,442,150,0,467,185,0,492,213,0,505,238,0,523,167,0,540,168,0,509,161,0,497,159,0,529,140,0,546,140,0,507,139,0,500,140,0,527,113,0,543,113,0,509,117,0,502,120,0,521,87,0,534,83,0,512,93,0,503,101,0,NO
492,114,0,503,153,0,528,190,0,549,222,0,563,245,0,581,171,0,597,173,0,567,167,0,559,167,0,587,146,0,604,148,0,567,145,0,562,147,0,587,120,0,602,122,0,569,123,0,565,127,0,584,94,0,595,94,0,574,102,0,568,108,0,NO
545,380,0,509,345,0,486,299,0,466,266,0,446,242,0,525,241,0,523,194,0,525,165,0,530,139,0,551,247,0,550,189,0,548,154,0,550,123,0,575,265,0,567,220,0,537,251,0,521,279,0,594,293,0,571,266,0,543,282,0,527,300,0,NO
539,365,0,514,328,0,506,282,0,502,245,0,492,214,0,546,268,0,534,236,0,516,217,0,497,200,0,566,271,0,553,234,0,526,218,0,502,202,0,586,283,0,575,239,0,555,261,0,543,284,0,603,299,0,580,268,0,556,280,0,540,297,0,NO
540,375,0,508,339,0,487,291,0,466,258,0,443,237,0,536,245,0,535,198,0,536,169,0,539,144,0,561,252,0,561,196,0,558,163,0,558,136,0,583,270,0,574,229,0,545,257,0,528,282,0,600,296,0,573,275,0,547,291,0,534,309,0,NO
541,363,0,515,333,0,505,284,0,499,247,0,484,218,0,541,266,0,530,236,0,510,221,0,490,207,0,563,269,0,551,234,0,525,220,0,501,206,0,584,281,0,575,239,0,555,258,0,539,277,0,602,298,0,576,272,0,552,284,0,536,299,0,NO
543,374,0,512,340,0,496,291,0,481,255,0,462,232,0,533,248,0,533,201,0,534,172,0,538,148,0,557,254,0,557,196,0,554,163,0,554,138,0,579,271,0,576,228,0,548,250,0,531,272,0,596,293,0,571,270,0,546,287,0,534,304,0,NO
540,358,0,513,329,0,500,282,0,492,247,0,478,220,0,533,264,0,521,237,0,503,224,0,485,212,0,554,266,0,538,235,0,513,224,0,489,213,0,575,276,0,561,238,0,544,255,0,531,273,0,597,293,0,571,267,0,549,282,0,535,301,0,NO
544,385,0,501,354,0,466,317,0,429,298,0,398,288,0,518,247,0,520,196,0,522,164,0,525,137,0,545,252,0,546,192,0,543,156,0,544,124,0,571,272,0,579,234,0,554,263,0,536,289,0,592,300,0,580,285,0,554,304,0,536,320,0,NO
532,361,0,503,338,0,486,290,0,479,253,0,464,229,0,519,270,0,506,247,0,487,234,0,467,221,0,541,270,0,520,242,0,498,230,0,476,217,0,563,279,0,544,239,0,521,241,0,502,245,0,588,293,0,562,269,0,540,284,0,524,302,0,NO
442,392,0,396,375,0,355,347,0,317,335,0,286,334,0,395,273,0,388,226,0,383,197,0,381,171,0,421,272,0,411,215,0,402,181,0,397,152,0,450,286,0,445,249,0,428,284,0,419,314,0,474,309,0,459,298,0,439,319,0,428,337,0,NO
430,370,0,397,349,0,373,312,0,358,281,0,338,260,0,393,290,0,372,272,0,353,261,0,334,252,0,415,283,0,395,261,0,370,256,0,347,251,0,440,285,0,420,259,0,416,287,0,416,313,0,466,294,0,444,277,0,429,296,0,422,318,0,NO
443,337,0,425,323,0,414,301,0,407,284,0,401,273,0,429,281,0,420,260,0,414,276,0,411,293,0,441,282,0,430,264,0,420,286,0,416,305,0,455,287,0,439,271,0,427,295,0,422,316,0,469,293,0,452,278,0,437,290,0,429,304,0,NO
408,376,0,362,358,0,324,335,0,288,323,0,259,320,0,361,261,0,351,218,0,347,190,0,345,164,0,385,258,0,373,204,0,363,173,0,359,143,0,413,269,0,404,234,0,387,268,0,378,296,0,437,290,0,420,276,0,401,295,0,390,312,0,NO
395,365,0,362,346,0,337,314,0,317,288,0,296,269,0,360,289,0,340,275,0,318,271,0,298,270,0,378,283,0,355,261,0,329,264,0,307,267,0,400,284,0,375,260,0,375,290,0,380,315,0,423,291,0,397,278,0,384,298,0,378,319,0,NO
387,367,0,347,349,0,314,324,0,285,309,0,260,303,0,347,253,0,343,209,0,340,180,0,340,154,0,372,252,0,366,196,0,358,162,0,356,133,0,398,264,0,397,226,0,378,260,0,367,289,0,421,286,0,404,275,0,385,296,0,375,315,0,NO
378,360,0,345,346,0,323,310,0,314,279,0,299,255,0,343,285,0,319,267,0,299,257,0,280,248,0,363,276,0,336,251,0,310,248,0,287,246,0,385,277,0,362,247,0,357,274,0,356,300,0,407,285,0,379,270,0,362,288,0,353,307,0,NO
360,363,0,319,348,0,287,326,0,256,315,0,230,313,0,319,254,0,313,210,0,310,181,0,311,156,0,344,252,0,336,198,0,327,167,0,322,140,0,369,262,0,361,223,0,342,255,0,330,284,0,393,280,0,370,271,0,350,292,0,339,311,0,NO
333,349,0,299,334,0,274,304,0,260,278,0,242,258,0,294,276,0,273,259,0,252,249,0,233,240,0,312,269,0,287,249,0,262,245,0,238,241,0,334,269,0,310,249,0,313,276,0,319,300,0,359,275,0,334,262,0,322,281,0,316,301,0,NO
323,356,0,285,337,0,256,310,0,234,292,0,213,287,0,288,242,0,286,198,0,288,169,0,291,144,0,314,242,0,308,188,0,302,155,0,300,127,0,339,254,0,330,220,0,312,253,0,301,282,0,361,275,0,340,266,0,320,286,0,310,304,0,NO
330,354,0,298,335,0,276,300,0,263,273,0,247,250,0,296,274,0,277,253,0,258,244,0,239,235,0,315,269,0,293,245,0,268,241,0,244,238,0,337,271,0,314,246,0,313,276,0,316,302,0,360,279,0,335,266,0,321,285,0,314,304,0,NO
361,346,0,322,330,0,291,309,0,264,297,0,241,293,0,326,244,0,323,201,0,323,175,0,326,151,0,349,242,0,341,190,0,334,161,0,332,135,0,372,251,0,365,213,0,350,240,0,342,265,0,395,270,0,379,256,0,361,270,0,351,282,0,NO
322,351,0,291,333,0,267,302,0,247,279,0,226,261,0,294,270,0,272,257,0,248,253,0,225,251,0,311,264,0,280,245,0,254,249,0,231,254,0,330,266,0,300,249,0,299,278,0,303,302,0,349,273,0,315,267,0,300,287,0,293,306,0,NO
333,367,0,287,360,0,246,340,0,207,333,0,175,337,0,272,260,0,265,214,0,261,183,0,258,158,0,298,256,0,289,200,0,280,167,0,274,140,0,325,267,0,333,233,0,320,260,0,308,284,0,349,288,0,344,282,0,326,302,0,311,319,0,NO
294,332,0,262,327,0,234,299,0,217,275,0,198,258,0,241,263,0,223,253,0,204,253,0,185,257,0,261,253,0,243,233,0,224,242,0,206,250,0,285,252,0,265,230,0,263,259,0,265,282,0,312,259,0,290,250,0,278,270,0,273,288,0,NO
294,352,0,250,347,0,207,329,0,169,321,0,137,321,0,227,256,0,215,215,0,206,187,0,197,163,0,251,249,0,237,200,0,223,171,0,212,143,0,279,256,0,276,226,0,266,259,0,259,287,0,306,272,0,298,261,0,285,281,0,275,298,0,NO
232,339,0,187,336,0,147,324,0,111,316,0,79,314,0,170,243,0,159,203,0,152,176,0,148,152,0,194,238,0,178,188,0,165,159,0,157,132,0,221,246,0,209,217,0,195,249,0,188,276,0,247,263,0,232,252,0,215,271,0,205,287,0,NO
204,367,0,157,358,0,116,342,0,80,336,0,53,336,0,134,275,0,123,234,0,117,208,0,115,184,0,157,266,0,141,220,0,128,188,0,120,160,0,183,270,0,161,241,0,147,275,0,141,306,0,205,284,0,177,290,0,156,311,0,141,327,0,NO
213,361,0,182,347,0,158,317,0,139,297,0,117,284,0,187,289,0,163,277,0,139,275,0,118,274,0,204,282,0,169,269,0,141,276,0,119,282,0,222,282,0,190,265,0,188,292,0,192,314,0,240,289,0,204,281,0,190,300,0,185,318,0,NO
109,377,0,148,354,0,178,317,0,205,290,0,228,269,0,143,259,0,146,213,0,145,185,0,144,159,0,116,257,0,120,207,0,123,172,0,126,143,0,90,271,0,76,234,0,79,256,0,86,277,0,65,295,0,50,278,0,58,293,0,69,307,0,NO
121,372,0,154,347,0,171,313,0,179,278,0,187,252,0,172,285,0,185,260,0,190,246,0,193,235,0,152,279,0,161,247,0,169,241,0,174,238,0,128,280,0,133,247,0,138,275,0,141,302,0,102,288,0,111,276,0,121,298,0,128,318,0,NO
148,384,0,191,363,0,226,330,0,256,306,0,281,290,0,194,271,0,199,225,0,200,196,0,199,170,0,168,268,0,176,217,0,181,182,0,185,151,0,141,280,0,135,245,0,146,275,0,156,301,0,116,302,0,113,286,0,129,303,0,144,320,0,NO
163,375,0,195,354,0,217,316,0,228,284,0,242,259,0,201,293,0,218,271,0,229,257,0,240,244,0,185,288,0,201,261,0,216,252,0,229,244,0,163,289,0,176,257,0,181,285,0,183,312,0,138,295,0,154,279,0,165,300,0,171,321,0,NO
176,387,0,220,367,0,259,334,0,292,314,0,316,301,0,226,275,0,233,230,0,234,202,0,232,177,0,201,273,0,210,220,0,218,187,0,223,159,0,174,284,0,175,248,0,187,279,0,196,306,0,148,305,0,153,284,0,168,302,0,180,319,0,NO
202,397,0,247,380,0,285,350,0,318,333,0,344,321,0,258,292,0,273,248,0,280,220,0,284,193,0,232,286,0,251,238,0,264,206,0,274,176,0,204,293,0,217,270,0,226,305,0,230,333,0,177,310,0,193,304,0,210,327,0,221,347,0,NO
210,387,0,252,369,0,286,336,0,316,313,0,340,297,0,264,278,0,274,233,0,278,204,0,278,179,0,239,273,0,252,220,0,261,188,0,266,161,0,212,283,0,215,240,0,227,268,0,237,294,0,187,301,0,195,285,0,212,304,0,225,324,0,NO
232,374,0,265,357,0,290,322,0,303,291,0,316,268,0,270,295,0,289,274,0,308,262,0,325,251,0,256,290,0,276,266,0,299,259,0,319,252,0,235,290,0,255,261,0,258,290,0,256,315,0,212,295,0,236,281,0,246,304,0,250,324,0,NO
229,393,0,274,376,0,311,345,0,343,325,0,368,311,0,289,289,0,305,243,0,310,215,0,311,190,0,265,284,0,283,231,0,293,198,0,298,169,0,238,292,0,247,251,0,259,280,0,267,307,0,212,309,0,227,295,0,246,315,0,259,336,0,NO
234,401,0,276,379,0,311,344,0,340,322,0,368,310,0,290,300,0,313,268,0,328,247,0,340,229,0,268,294,0,294,261,0,313,240,0,328,220,0,242,297,0,267,279,0,273,313,0,274,340,0,217,309,0,242,306,0,257,329,0,266,350,0,NO
249,390,0,293,378,0,334,351,0,366,333,0,392,321,0,307,291,0,319,246,0,325,218,0,327,192,0,283,287,0,303,235,0,316,203,0,325,176,0,257,295,0,270,251,0,284,278,0,293,305,0,232,311,0,251,297,0,269,319,0,282,340,0,NO
261,385,0,297,369,0,327,337,0,345,311,0,360,291,0,309,300,0,330,285,0,351,281,0,369,276,0,293,294,0,317,278,0,341,277,0,362,277,0,273,293,0,299,280,0,301,308,0,298,332,0,251,298,0,279,291,0,291,313,0,296,333,0,NO
261,391,0,304,379,0,345,359,0,378,349,0,407,342,0,323,296,0,338,252,0,344,223,0,347,197,0,303,290,0,325,240,0,339,208,0,349,181,0,278,295,0,302,261,0,315,293,0,321,321,0,255,309,0,279,297,0,299,316,0,311,333,0,NO
289,383,0,323,369,0,356,333,0,381,309,0,402,291,0,334,291,0,355,282,0,377,283,0,398,285,0,316,285,0,343,278,0,367,283,0,388,289,0,296,286,0,326,285,0,330,317,0,329,342,0,275,293,0,306,293,0,320,314,0,327,333,0,NO
300,381,0,344,369,0,383,349,0,415,335,0,443,327,0,367,287,0,381,245,0,385,217,0,388,190,0,347,281,0,365,230,0,380,198,0,390,170,0,323,286,0,344,251,0,358,283,0,364,309,0,300,300,0,321,286,0,338,305,0,348,321,0,NO
339,377,0,373,364,0,403,331,0,422,308,0,438,291,0,387,295,0,411,286,0,435,285,0,456,285,0,372,288,0,399,278,0,425,282,0,447,287,0,354,286,0,382,281,0,384,311,0,381,335,0,335,290,0,365,287,0,379,309,0,385,330,0,NO
358,391,0,400,383,0,442,364,0,475,355,0,504,352,0,432,305,0,454,266,0,466,239,0,475,215,0,410,295,0,439,253,0,460,224,0,476,199,0,386,296,0,419,278,0,429,306,0,432,331,0,364,307,0,394,310,0,413,329,0,426,346,0,NO
373,391,0,409,376,0,442,345,0,465,324,0,487,307,0,421,300,0,445,294,0,467,296,0,487,298,0,406,293,0,436,289,0,459,293,0,479,299,0,388,291,0,421,299,0,423,329,0,424,353,0,371,297,0,404,301,0,418,322,0,428,341,0,NO
384,383,0,426,374,0,465,353,0,496,341,0,523,336,0,451,296,0,468,254,0,475,226,0,480,201,0,432,289,0,453,244,0,468,214,0,479,188,0,409,293,0,433,262,0,447,291,0,453,315,0,387,305,0,412,294,0,430,310,0,440,325,0,NO
399,371,0,432,358,0,464,331,0,487,311,0,506,293,0,436,280,0,457,274,0,477,281,0,495,289,0,418,274,0,447,272,0,468,284,0,484,298,0,399,276,0,431,281,0,436,310,0,437,333,0,381,286,0,411,293,0,426,312,0,436,329,0,NO
373,358,0,417,353,0,454,334,0,484,319,0,509,303,0,429,275,0,438,231,0,441,204,0,442,180,0,404,268,0,413,220,0,420,188,0,425,160,0,379,274,0,379,254,0,384,282,0,389,304,0,358,289,0,358,283,0,370,303,0,383,322,0,NO
421,356,0,461,349,0,497,331,0,527,318,0,551,311,0,478,268,0,493,231,0,499,207,0,501,186,0,456,263,0,472,221,0,481,192,0,486,167,0,431,268,0,446,244,0,453,271,0,455,292,0,408,282,0,424,273,0,440,287,0,450,300,0,NO
442,360,0,481,355,0,519,334,0,551,320,0,577,311,0,503,275,0,520,236,0,527,211,0,531,188,0,481,268,0,501,224,0,514,194,0,523,169,0,458,272,0,475,249,0,486,278,0,493,302,0,435,285,0,453,281,0,471,298,0,483,313,0,NO
465,353,0,498,344,0,529,318,0,552,298,0,572,283,0,513,274,0,536,263,0,557,264,0,575,266,0,496,267,0,523,257,0,545,263,0,563,271,0,477,265,0,506,267,0,510,294,0,510,317,0,457,269,0,487,270,0,503,287,0,512,303,0,NO
471,357,0,509,354,0,547,336,0,579,326,0,607,319,0,535,275,0,551,234,0,559,208,0,564,185,0,514,267,0,535,224,0,550,195,0,561,170,0,490,269,0,513,251,0,524,281,0,529,306,0,468,281,0,492,279,0,510,298,0,521,314,0,NO
478,351,0,510,345,0,541,321,0,563,302,0,582,287,0,526,276,0,550,267,0,573,269,0,592,273,0,511,269,0,539,262,0,565,269,0,585,278,0,492,267,0,523,271,0,525,300,0,523,322,0,473,271,0,503,272,0,519,291,0,530,308,0,NO
500,434,0,477,394,0,441,373,0,410,371,0,390,385,0,409,359,0,356,357,0,330,356,0,310,356,0,399,383,0,356,392,0,368,401,0,385,402,0,398,412,0,367,421,0,381,428,0,396,427,0,402,442,0,382,446,0,394,449,0,407,448,0,I
497,432,0,475,390,0,443,368,0,413,360,0,395,366,0,406,357,0,359,354,0,352,358,0,354,361,0,396,380,0,361,386,0,371,395,0,386,396,0,395,407,0,372,413,0,384,419,0,397,420,0,399,435,0,382,436,0,394,440,0,407,440,0,I
551,437,0,531,397,0,499,375,0,469,369,0,449,377,0,461,363,0,412,359,0,391,358,0,378,358,0,453,386,0,408,392,0,413,403,0,425,406,0,451,413,0,419,419,0,429,427,0,442,428,0,455,441,0,432,444,0,442,448,0,454,449,0,I
611,444,0,591,407,0,561,387,0,532,380,0,513,387,0,526,376,0,478,371,0,456,371,0,440,370,0,516,400,0,471,401,0,478,411,0,493,414,0,515,428,0,481,431,0,493,438,0,507,439,0,520,457,0,495,459,0,506,462,0,520,462,0,I
626,419,0,606,380,0,576,356,0,546,342,0,526,335,0,549,348,0,503,342,0,479,339,0,462,336,0,541,369,0,496,372,0,506,382,0,522,385,0,538,395,0,506,400,0,518,408,0,533,409,0,540,423,0,518,426,0,530,430,0,542,430,0,I
661,436,0,643,399,0,614,371,0,586,355,0,564,348,0,587,366,0,539,357,0,517,353,0,502,350,0,580,387,0,530,385,0,539,394,0,557,398,0,578,413,0,538,414,0,550,422,0,566,423,0,581,441,0,552,441,0,563,444,0,576,445,0,I
607,416,0,586,375,0,554,351,0,523,340,0,502,339,0,525,344,0,475,339,0,455,343,0,445,346,0,517,366,0,466,367,0,471,377,0,485,381,0,514,393,0,478,397,0,489,403,0,503,404,0,517,420,0,491,422,0,502,425,0,515,425,0,I
529,402,0,507,360,0,473,339,0,440,333,0,420,340,0,431,330,0,379,332,0,372,344,0,375,351,0,423,354,0,380,363,0,387,373,0,402,375,0,423,382,0,397,390,0,408,396,0,422,396,0,427,410,0,411,413,0,424,416,0,437,416,0,I
486,393,0,464,351,0,430,335,0,398,333,0,380,344,0,391,322,0,346,319,0,334,324,0,332,328,0,381,346,0,343,357,0,353,367,0,367,369,0,381,374,0,358,386,0,371,393,0,383,392,0,387,402,0,372,409,0,385,413,0,397,412,0,I
452,388,0,430,348,0,396,334,0,367,333,0,352,344,0,354,325,0,308,328,0,294,334,0,288,338,0,345,349,0,312,364,0,322,375,0,336,377,0,346,377,0,329,392,0,342,398,0,354,398,0,352,404,0,342,414,0,356,417,0,368,416,0,I
384,412,0,364,366,0,334,349,0,306,352,0,290,366,0,289,344,0,276,346,0,287,354,0,303,360,0,274,369,0,272,375,0,285,382,0,301,383,0,271,397,0,277,404,0,291,407,0,305,406,0,274,427,0,285,433,0,300,433,0,312,432,0,I
378,391,0,353,352,0,319,341,0,291,344,0,279,357,0,274,345,0,233,345,0,210,345,0,192,345,0,265,368,0,251,380,0,265,384,0,280,381,0,270,393,0,262,401,0,276,403,0,289,400,0,280,417,0,278,422,0,292,420,0,304,417,0,I
345,394,0,319,354,0,287,340,0,261,343,0,250,356,0,240,350,0,207,344,0,190,344,0,181,344,0,230,375,0,227,388,0,241,393,0,253,389,0,235,401,0,237,411,0,251,413,0,263,410,0,245,427,0,252,435,0,265,433,0,276,429,0,I
292,399,0,267,359,0,233,347,0,209,355,0,199,373,0,187,359,0,157,353,0,141,354,0,132,355,0,175,385,0,180,400,0,196,403,0,208,400,0,178,412,0,190,423,0,205,422,0,217,417,0,187,440,0,202,447,0,217,443,0,229,439,0,I
258,399,0,235,361,0,202,349,0,177,353,0,166,367,0,154,361,0,134,364,0,128,364,0,129,362,0,144,389,0,145,403,0,160,407,0,172,405,0,148,419,0,157,428,0,172,428,0,184,424,0,158,448,0,170,454,0,184,451,0,196,446,0,I
219,400,0,200,365,0,170,358,0,149,368,0,142,385,0,120,371,0,131,379,0,146,384,0,158,384,0,114,400,0,129,409,0,145,410,0,158,406,0,121,429,0,137,435,0,151,432,0,162,427,0,135,454,0,149,458,0,163,452,0,173,447,0,I
266,409,0,232,369,0,193,362,0,165,375,0,155,397,0,146,371,0,109,369,0,85,369,0,69,371,0,136,402,0,132,416,0,149,419,0,164,413,0,144,432,0,146,440,0,162,440,0,176,435,0,159,460,0,166,465,0,181,461,0,194,456,0,I
415,321,0,397,281,0,369,265,0,343,264,0,329,273,0,320,268,0,281,266,0,260,264,0,244,264,0,310,292,0,288,295,0,302,297,0,317,297,0,312,317,0,301,318,0,315,320,0,328,320,0,321,341,0,317,341,0,330,339,0,343,337,0,I
457,327,0,439,284,0,408,266,0,381,265,0,367,275,0,359,270,0,317,266,0,297,264,0,282,264,0,351,295,0,325,296,0,338,298,0,353,297,0,354,320,0,336,319,0,348,320,0,362,321,0,362,344,0,352,341,0,364,340,0,376,339,0,I
495,332,0,475,289,0,446,268,0,416,264,0,399,271,0,402,270,0,357,264,0,338,261,0,325,260,0,393,296,0,364,295,0,377,297,0,391,298,0,394,322,0,375,319,0,386,320,0,400,321,0,400,347,0,388,342,0,400,341,0,412,341,0,I
534,340,0,514,297,0,482,281,0,453,278,0,437,289,0,441,276,0,394,271,0,370,268,0,351,267,0,432,299,0,400,298,0,413,301,0,429,302,0,432,325,0,414,323,0,427,327,0,441,328,0,438,350,0,428,346,0,441,348,0,454,348,0,I
566,342,0,544,300,0,512,280,0,484,273,0,467,282,0,476,276,0,429,269,0,405,265,0,387,263,0,466,299,0,432,297,0,445,301,0,461,303,0,466,325,0,444,321,0,457,326,0,470,328,0,472,350,0,457,346,0,468,348,0,481,349,0,I
617,356,0,596,314,0,564,293,0,536,287,0,518,295,0,533,285,0,480,275,0,456,271,0,441,269,0,525,309,0,486,307,0,497,311,0,511,310,0,524,337,0,497,332,0,508,335,0,522,337,0,528,363,0,511,357,0,522,358,0,534,360,0,I
656,369,0,637,332,0,608,306,0,582,293,0,561,295,0,581,299,0,533,287,0,508,280,0,489,275,0,575,321,0,532,317,0,541,321,0,556,324,0,574,347,0,544,344,0,555,348,0,568,350,0,576,373,0,555,370,0,566,373,0,578,374,0,I
606,363,0,590,320,0,558,294,0,528,279,0,509,276,0,526,280,0,476,276,0,451,276,0,433,276,0,515,302,0,473,305,0,483,315,0,499,318,0,511,329,0,480,331,0,492,339,0,507,340,0,511,357,0,492,356,0,503,361,0,516,363,0,I
571,357,0,553,313,0,521,293,0,491,286,0,472,291,0,487,277,0,437,275,0,413,276,0,395,277,0,476,298,0,434,303,0,441,311,0,455,314,0,472,325,0,444,327,0,455,334,0,469,335,0,474,353,0,457,350,0,468,354,0,481,355,0,I
525,335,0,503,292,0,469,273,0,438,265,0,418,270,0,433,261,0,384,266,0,363,270,0,348,273,0,423,284,0,385,294,0,395,301,0,410,302,0,422,312,0,398,319,0,410,324,0,423,324,0,425,340,0,412,342,0,425,345,0,437,345,0,I
457,320,0,434,280,0,402,264,0,373,265,0,357,278,0,363,263,0,318,267,0,300,271,0,288,274,0,354,288,0,325,294,0,335,298,0,349,297,0,356,315,0,339,316,0,350,319,0,363,319,0,362,340,0,354,338,0,366,338,0,378,337,0,I
434,317,0,408,277,0,377,261,0,346,262,0,329,275,0,337,263,0,294,270,0,278,275,0,269,279,0,330,289,0,303,297,0,315,299,0,330,298,0,333,316,0,318,317,0,330,319,0,343,319,0,340,340,0,333,338,0,346,337,0,357,336,0,I
349,332,0,339,290,0,311,272,0,284,277,0,270,292,0,256,281,0,241,280,0,239,281,0,242,281,0,244,307,0,244,313,0,257,315,0,271,313,0,246,335,0,250,338,0,263,338,0,276,336,0,254,362,0,260,363,0,272,359,0,283,357,0,I
385,320,0,355,283,0,322,273,0,294,276,0,279,289,0,282,279,0,237,285,0,212,290,0,193,295,0,277,305,0,251,311,0,266,311,0,282,309,0,283,331,0,266,331,0,279,330,0,293,329,0,295,354,0,286,352,0,299,349,0,312,346,0,I
333,319,0,303,281,0,269,271,0,241,271,0,227,276,0,224,283,0,182,293,0,160,301,0,143,307,0,220,309,0,200,318,0,214,317,0,230,312,0,228,335,0,216,338,0,229,338,0,243,334,0,240,359,0,236,359,0,248,355,0,260,350,0,I
287,312,0,251,279,0,216,273,0,191,278,0,180,290,0,174,288,0,136,299,0,116,307,0,102,313,0,171,314,0,158,323,0,171,322,0,185,317,0,181,339,0,178,341,0,190,340,0,203,336,0,196,362,0,199,361,0,211,357,0,222,352,0,I
260,303,0,226,270,0,190,266,0,166,270,0,156,279,0,146,286,0,110,299,0,88,307,0,75,313,0,144,310,0,139,328,0,154,328,0,168,322,0,156,335,0,159,344,0,171,342,0,183,335,0,172,357,0,180,362,0,192,357,0,202,350,0,I
482,278,0,468,238,0,437,216,0,409,206,0,392,208,0,398,202,0,352,206,0,329,211,0,312,214,0,387,222,0,355,235,0,367,245,0,382,246,0,383,249,0,360,258,0,371,267,0,384,268,0,384,277,0,370,281,0,381,286,0,394,287,0,I
464,272,0,446,230,0,414,212,0,386,205,0,370,212,0,374,198,0,328,198,0,304,201,0,286,204,0,361,218,0,334,232,0,346,242,0,361,243,0,358,245,0,339,255,0,350,263,0,363,264,0,359,274,0,346,276,0,357,280,0,370,281,0,I
432,263,0,412,223,0,380,204,0,350,202,0,337,216,0,335,201,0,298,209,0,282,219,0,272,225,0,324,223,0,304,241,0,317,251,0,331,251,0,323,249,0,311,264,0,322,271,0,336,271,0,328,276,0,321,284,0,333,289,0,346,288,0,I
417,258,0,394,215,0,357,200,0,327,198,0,314,212,0,314,196,0,273,202,0,253,207,0,240,212,0,303,217,0,287,238,0,301,246,0,315,245,0,303,244,0,294,259,0,307,264,0,320,263,0,310,270,0,306,278,0,318,280,0,330,279,0,I
390,254,0,364,214,0,329,200,0,301,200,0,286,210,0,282,202,0,243,208,0,225,214,0,212,217,0,272,225,0,261,240,0,276,247,0,291,243,0,275,252,0,270,262,0,283,267,0,297,264,0,284,279,0,282,284,0,295,286,0,307,284,0,I
359,247,0,332,206,0,296,193,0,265,191,0,251,198,0,247,196,0,210,206,0,194,214,0,186,220,0,237,220,0,229,239,0,244,245,0,259,242,0,241,247,0,239,261,0,252,264,0,266,261,0,250,275,0,251,281,0,264,281,0,277,278,0,I
353,246,0,324,207,0,288,195,0,259,193,0,244,199,0,243,199,0,203,214,0,188,224,0,180,230,0,235,223,0,226,243,0,243,249,0,258,244,0,240,250,0,237,264,0,251,268,0,265,264,0,250,277,0,249,285,0,263,286,0,276,283,0,I
340,248,0,312,209,0,277,197,0,247,193,0,232,198,0,226,204,0,191,218,0,175,227,0,167,233,0,218,227,0,209,250,0,224,255,0,239,252,0,223,254,0,221,270,0,235,273,0,248,270,0,234,280,0,235,290,0,249,290,0,261,287,0,I
298,244,0,267,208,0,230,196,0,201,194,0,187,197,0,183,206,0,153,223,0,142,232,0,137,237,0,176,230,0,172,256,0,186,262,0,200,257,0,182,256,0,185,275,0,198,278,0,212,275,0,194,282,0,198,295,0,212,295,0,225,291,0,I
317,243,0,277,213,0,241,213,0,219,226,0,211,245,0,204,220,0,191,245,0,204,255,0,220,255,0,198,244,0,200,269,0,215,275,0,229,269,0,205,269,0,208,287,0,223,292,0,237,287,0,217,293,0,226,308,0,240,309,0,251,303,0,I
504,351,0,479,300,0,443,280,0,409,271,0,390,276,0,401,268,0,347,255,0,355,259,0,370,263,0,387,300,0,344,284,0,359,286,0,376,289,0,385,334,0,357,319,0,370,320,0,384,325,0,390,365,0,369,350,0,383,350,0,397,353,0,I
476,335,0,449,285,0,415,266,0,387,260,0,371,264,0,371,259,0,323,244,0,310,238,0,305,236,0,357,290,0,318,271,0,329,270,0,344,272,0,355,322,0,330,303,0,341,302,0,354,306,0,361,350,0,342,335,0,352,332,0,365,334,0,I
457,306,0,435,255,0,405,239,0,376,239,0,360,251,0,360,226,0,325,221,0,338,232,0,352,240,0,345,253,0,319,245,0,332,253,0,346,258,0,341,284,0,327,277,0,340,282,0,354,287,0,346,312,0,337,304,0,349,306,0,362,307,0,I
476,363,0,451,312,0,415,295,0,384,296,0,370,312,0,370,290,0,333,270,0,329,263,0,330,262,0,355,321,0,325,298,0,337,296,0,351,299,0,355,351,0,335,330,0,347,328,0,359,332,0,362,378,0,350,362,0,361,358,0,374,361,0,I
529,356,0,513,301,0,478,284,0,440,277,0,419,284,0,433,274,0,383,256,0,393,260,0,408,266,0,418,302,0,375,282,0,389,285,0,405,291,0,414,334,0,382,318,0,395,318,0,410,322,0,419,363,0,392,348,0,404,345,0,418,347,0,I
467,335,0,438,282,0,405,264,0,375,257,0,357,259,0,365,257,0,318,239,0,316,239,0,320,244,0,350,289,0,317,269,0,331,269,0,347,272,0,349,321,0,330,301,0,344,301,0,357,307,0,354,349,0,344,331,0,356,330,0,369,333,0,I
421,336,0,404,281,0,375,256,0,345,243,0,329,243,0,304,255,0,282,250,0,296,253,0,312,258,0,291,285,0,281,280,0,298,282,0,315,286,0,292,317,0,287,308,0,301,309,0,319,313,0,300,346,0,297,335,0,310,333,0,325,335,0,I
395,300,0,381,251,0,351,233,0,323,237,0,310,253,0,299,227,0,297,236,0,311,248,0,323,254,0,284,255,0,288,263,0,303,273,0,319,276,0,283,285,0,289,291,0,304,296,0,320,298,0,288,314,0,296,318,0,311,318,0,326,318,0,I
397,428,0,395,362,0,374,318,0,345,292,0,323,284,0,336,309,0,331,251,0,334,226,0,334,209,0,301,327,0,289,266,0,306,261,0,319,268,0,283,349,0,286,300,0,304,299,0,316,310,0,276,371,0,279,339,0,295,333,0,306,338,0,I
357,416,0,362,360,0,346,314,0,327,285,0,315,272,0,292,313,0,291,259,0,300,238,0,306,223,0,267,330,0,263,278,0,277,266,0,288,264,0,256,352,0,262,313,0,282,307,0,297,314,0,254,373,0,257,347,0,271,340,0,283,342,0,I
188,341,0,183,289,0,207,245,0,247,225,0,283,225,0,195,240,0,255,203,0,290,188,0,318,178,0,210,268,0,281,224,0,276,238,0,257,253,0,231,299,0,293,261,0,280,275,0,260,286,0,253,328,0,299,292,0,287,298,0,268,309,0,I
179,360,0,180,313,0,198,270,0,226,239,0,254,226,0,202,272,0,256,237,0,286,219,0,309,208,0,219,299,0,283,257,0,286,261,0,278,273,0,238,328,0,293,290,0,280,294,0,262,305,0,255,355,0,295,321,0,285,319,0,271,327,0,I
203,345,0,205,300,0,221,263,0,245,237,0,267,226,0,226,260,0,271,228,0,297,214,0,317,205,0,244,282,0,299,248,0,298,253,0,286,263,0,262,308,0,306,278,0,296,283,0,281,292,0,277,334,0,308,306,0,297,305,0,284,313,0,I
223,333,0,226,291,0,245,260,0,272,247,0,292,249,0,258,254,0,291,230,0,310,219,0,325,214,0,277,274,0,310,249,0,301,251,0,286,258,0,291,296,0,315,275,0,304,277,0,292,285,0,301,318,0,317,299,0,308,299,0,299,306,0,I
226,320,0,240,281,0,266,259,0,290,261,0,305,274,0,294,249,0,318,238,0,327,240,0,331,243,0,310,268,0,321,271,0,310,278,0,297,281,0,317,293,0,322,295,0,310,300,0,298,303,0,319,317,0,320,318,0,310,321,0,300,323,0,I
171,315,0,185,279,0,208,258,0,233,257,0,249,268,0,226,246,0,260,235,0,277,234,0,286,234,0,240,266,0,270,266,0,265,276,0,253,281,0,249,289,0,271,289,0,265,297,0,252,300,0,254,312,0,272,311,0,266,316,0,255,319,0,I
136,325,0,150,284,0,173,261,0,198,258,0,215,269,0,196,248,0,232,235,0,249,236,0,256,236,0,209,268,0,241,265,0,236,275,0,223,280,0,219,291,0,241,289,0,235,296,0,223,300,0,224,315,0,243,311,0,236,315,0,225,318,0,I
114,336,0,127,294,0,151,271,0,176,267,0,195,276,0,171,257,0,207,242,0,227,236,0,238,232,0,185,276,0,219,272,0,212,280,0,198,285,0,196,300,0,221,294,0,213,300,0,200,305,0,202,323,0,222,315,0,215,318,0,204,322,0,I
95,337,0,107,294,0,129,267,0,153,256,0,172,256,0,150,256,0,190,241,0,209,237,0,222,233,0,164,275,0,200,270,0,196,280,0,184,287,0,175,299,0,201,294,0,195,301,0,183,307,0,181,323,0,204,315,0,198,320,0,186,324,0,I
68,347,0,76,304,0,99,272,0,123,249,0,141,234,0,119,265,0,160,249,0,183,242,0,197,236,0,133,285,0,171,276,0,165,284,0,150,290,0,143,309,0,173,300,0,166,307,0,153,313,0,149,333,0,174,321,0,167,325,0,155,330,0,I
80,333,0,89,291,0,111,261,0,136,243,0,158,236,0,129,251,0,171,233,0,193,227,0,207,222,0,143,270,0,185,264,0,180,273,0,166,279,0,154,294,0,187,288,0,179,295,0,167,300,0,162,317,0,188,309,0,181,313,0,170,317,0,I
136,318,0,144,276,0,162,241,0,185,218,0,204,207,0,191,238,0,230,224,0,249,220,0,261,218,0,205,260,0,238,254,0,230,261,0,216,266,0,214,284,0,238,277,0,230,283,0,217,288,0,219,307,0,241,299,0,233,302,0,221,306,0,I
165,309,0,178,265,0,200,236,0,224,220,0,243,219,0,227,226,0,269,214,0,288,214,0,299,215,0,242,248,0,275,249,0,268,259,0,255,263,0,253,273,0,276,272,0,268,279,0,254,284,0,258,297,0,280,293,0,273,297,0,260,301,0,I
207,298,0,224,256,0,251,232,0,277,229,0,296,240,0,271,219,0,313,209,0,329,212,0,336,216,0,287,240,0,312,242,0,304,250,0,291,253,0,297,265,0,313,264,0,304,270,0,290,273,0,303,289,0,313,285,0,304,288,0,292,290,0,I
292,290,0,310,249,0,339,227,0,362,230,0,376,244,0,358,214,0,386,203,0,391,209,0,387,216,0,373,233,0,385,237,0,373,245,0,362,248,0,382,257,0,385,261,0,374,267,0,362,269,0,387,280,0,384,282,0,374,287,0,364,288,0,I
315,291,0,329,250,0,355,227,0,380,227,0,397,239,0,386,220,0,414,209,0,419,214,0,415,221,0,401,242,0,412,242,0,400,247,0,387,251,0,408,267,0,409,265,0,398,269,0,385,273,0,410,290,0,408,287,0,397,289,0,387,291,0,I
351,306,0,352,261,0,371,233,0,395,228,0,413,238,0,416,228,0,418,224,0,406,232,0,396,239,0,432,248,0,426,246,0,414,252,0,405,260,0,439,270,0,432,265,0,420,270,0,411,276,0,440,292,0,435,285,0,425,287,0,417,291,0,I
322,324,0,322,280,0,340,248,0,368,234,0,388,234,0,358,246,0,392,214,0,410,197,0,425,187,0,379,267,0,412,234,0,400,235,0,386,246,0,394,289,0,419,260,0,406,261,0,393,270,0,402,311,0,419,286,0,407,285,0,398,292,0,I
322,317,0,321,275,0,340,243,0,368,235,0,387,239,0,357,239,0,388,208,0,407,192,0,420,183,0,379,258,0,409,230,0,404,229,0,393,235,0,394,279,0,419,256,0,411,256,0,399,262,0,403,300,0,421,279,0,413,277,0,404,282,0,I
302,322,0,300,280,0,316,247,0,342,233,0,363,234,0,335,240,0,362,210,0,380,194,0,393,184,0,356,258,0,385,230,0,377,233,0,363,243,0,370,279,0,395,256,0,384,259,0,371,268,0,379,302,0,398,281,0,388,282,0,379,289,0,I
259,319,0,257,275,0,274,242,0,299,232,0,319,238,0,298,232,0,327,197,0,346,177,0,359,163,0,322,250,0,342,227,0,333,231,0,320,242,0,336,272,0,350,251,0,339,254,0,328,263,0,344,293,0,353,276,0,345,276,0,335,283,0,I
285,317,0,291,274,0,313,243,0,340,232,0,361,236,0,329,235,0,357,206,0,376,191,0,389,180,0,346,255,0,373,236,0,366,242,0,351,251,0,358,277,0,381,262,0,372,266,0,358,274,0,364,300,0,379,286,0,371,288,0,361,295,0,I
337,309,0,339,266,0,358,233,0,381,213,0,396,203,0,383,234,0,410,204,0,426,188,0,438,177,0,403,254,0,421,225,0,412,222,0,398,227,0,415,276,0,426,251,0,416,249,0,404,254,0,420,296,0,428,277,0,421,275,0,411,279,0,I
359,320,0,364,273,0,384,239,0,409,224,0,427,223,0,417,239,0,445,206,0,459,191,0,470,180,0,438,261,0,453,232,0,440,232,0,428,239,0,449,284,0,456,258,0,443,257,0,432,264,0,452,305,0,456,285,0,446,281,0,436,286,0,I
406,327,0,413,279,0,436,247,0,461,233,0,476,229,0,472,247,0,497,220,0,512,203,0,522,191,0,492,270,0,501,250,0,488,251,0,476,257,0,500,295,0,503,278,0,491,279,0,478,284,0,503,317,0,502,303,0,492,303,0,481,308,0,I
437,333,0,445,284,0,467,255,0,488,250,0,500,254,0,514,253,0,537,227,0,551,211,0,561,201,0,535,279,0,538,267,0,524,271,0,512,278,0,540,307,0,536,297,0,523,299,0,511,303,0,537,331,0,532,324,0,521,324,0,509,326,0,I
387,314,0,395,263,0,420,229,0,452,217,0,475,221,0,439,224,0,477,195,0,496,183,0,510,178,0,461,248,0,507,219,0,500,220,0,485,228,0,476,276,0,514,251,0,500,252,0,485,261,0,483,304,0,513,284,0,501,282,0,488,288,0,I
431,309,0,443,257,0,472,228,0,503,224,0,524,238,0,495,219,0,521,191,0,538,178,0,551,169,0,518,243,0,548,220,0,536,224,0,518,234,0,532,271,0,550,255,0,537,258,0,522,266,0,539,299,0,553,285,0,543,286,0,531,292,0,I
243,430,0,259,385,0,287,360,0,311,358,0,327,369,0,317,350,0,349,325,0,364,316,0,372,310,0,332,372,0,349,361,0,337,365,0,324,371,0,339,398,0,350,386,0,338,389,0,327,394,0,341,421,0,352,408,0,342,409,0,331,414,0,I
198,417,0,208,377,0,232,352,0,258,350,0,277,360,0,259,338,0,293,316,0,315,306,0,330,300,0,277,358,0,304,350,0,295,357,0,282,363,0,288,382,0,310,375,0,300,378,0,288,383,0,294,406,0,313,398,0,306,399,0,294,403,0,I
151,426,0,152,384,0,167,354,0,190,345,0,208,351,0,210,344,0,246,318,0,269,304,0,284,294,0,229,366,0,255,348,0,244,350,0,230,357,0,239,390,0,260,373,0,250,374,0,236,380,0,244,412,0,264,397,0,256,397,0,244,402,0,I
167,453,0,179,409,0,206,382,0,231,377,0,251,386,0,230,373,0,263,346,0,282,330,0,295,319,0,246,394,0,272,377,0,261,381,0,247,388,0,256,418,0,275,403,0,264,405,0,251,412,0,260,442,0,277,427,0,269,427,0,257,432,0,I
226,439,0,239,396,0,267,372,0,291,371,0,307,382,0,288,363,0,318,339,0,334,327,0,344,318,0,303,382,0,327,369,0,320,373,0,308,377,0,313,405,0,330,392,0,322,395,0,311,398,0,318,426,0,332,412,0,326,413,0,317,416,0,I
269,434,0,277,389,0,302,359,0,328,355,0,343,363,0,340,357,0,366,333,0,377,323,0,383,317,0,357,380,0,362,363,0,348,365,0,337,370,0,363,404,0,359,389,0,347,390,0,335,396,0,364,425,0,362,412,0,352,412,0,342,416,0,I
261,439,0,274,392,0,302,363,0,326,360,0,341,369,0,338,359,0,363,333,0,373,323,0,378,318,0,355,383,0,360,365,0,347,367,0,335,372,0,361,409,0,361,391,0,348,392,0,336,397,0,360,431,0,363,416,0,354,415,0,343,419,0,I
259,440,0,272,392,0,301,363,0,327,357,0,343,365,0,337,359,0,362,333,0,373,323,0,378,316,0,353,384,0,361,365,0,348,367,0,336,373,0,360,409,0,361,391,0,349,393,0,337,398,0,360,432,0,363,416,0,354,416,0,343,420,0,I
259,424,0,269,376,0,296,348,0,322,345,0,339,354,0,338,348,0,362,324,0,373,312,0,382,304,0,353,368,0,369,344,0,372,332,0,372,325,0,359,389,0,373,365,0,374,354,0,371,348,0,359,406,0,373,384,0,375,374,0,373,367,0,I
252,410,0,265,366,0,293,341,0,317,339,0,333,351,0,327,340,0,353,314,0,367,301,0,378,291,0,342,358,0,359,337,0,361,329,0,360,325,0,349,377,0,363,356,0,362,348,0,360,344,0,350,393,0,364,371,0,367,362,0,366,356,0,I
284,407,0,296,362,0,323,336,0,348,335,0,363,345,0,359,333,0,384,311,0,396,304,0,402,299,0,375,357,0,383,341,0,370,342,0,359,347,0,381,382,0,382,367,0,370,368,0,359,372,0,381,403,0,384,390,0,375,390,0,364,393,0,I
306,407,0,319,362,0,345,338,0,369,340,0,384,352,0,381,332,0,408,312,0,419,306,0,423,303,0,398,354,0,407,350,0,395,354,0,384,356,0,404,380,0,403,376,0,392,378,0,380,380,0,404,403,0,404,398,0,394,399,0,384,401,0,I
327,416,0,339,370,0,362,343,0,384,343,0,397,358,0,407,342,0,427,321,0,436,313,0,441,309,0,424,365,0,423,361,0,409,365,0,399,369,0,428,390,0,421,386,0,409,387,0,398,390,0,426,413,0,421,409,0,411,409,0,401,410,0,I
303,443,0,317,395,0,344,366,0,368,366,0,383,379,0,382,363,0,404,339,0,415,328,0,423,323,0,401,388,0,401,377,0,387,380,0,377,385,0,407,414,0,401,404,0,389,406,0,378,409,0,406,437,0,400,428,0,390,428,0,379,430,0,I
264,443,0,277,395,0,305,367,0,332,364,0,348,374,0,340,363,0,366,337,0,381,325,0,393,317,0,358,386,0,364,367,0,353,369,0,343,374,0,365,411,0,367,393,0,357,394,0,346,399,0,366,433,0,368,417,0,360,417,0,349,420,0,I
263,404,0,278,359,0,305,334,0,329,333,0,344,345,0,336,327,0,363,306,0,375,299,0,381,295,0,352,350,0,364,340,0,352,343,0,340,348,0,359,376,0,366,364,0,356,366,0,344,371,0,360,399,0,369,387,0,361,388,0,351,392,0,I
253,384,0,268,339,0,297,313,0,322,311,0,338,321,0,327,305,0,352,284,0,364,277,0,372,273,0,343,328,0,354,316,0,342,319,0,331,324,0,350,353,0,356,341,0,344,342,0,333,347,0,352,376,0,360,364,0,352,364,0,342,368,0,I
209,396,0,224,351,0,253,328,0,278,330,0,293,345,0,277,313,0,303,290,0,320,283,0,330,279,0,295,332,0,310,326,0,301,332,0,289,336,0,305,356,0,315,350,0,304,353,0,292,357,0,310,380,0,320,371,0,314,372,0,305,376,0,I
198,397,0,212,353,0,238,329,0,263,328,0,280,341,0,258,316,0,290,291,0,308,280,0,319,272,0,274,336,0,299,324,0,288,331,0,274,337,0,284,361,0,302,348,0,292,354,0,280,360,0,290,385,0,307,371,0,298,374,0,287,380,0,I
175,401,0,189,358,0,216,333,0,241,330,0,259,340,0,235,319,0,268,294,0,287,283,0,300,275,0,252,339,0,278,326,0,269,332,0,255,339,0,263,364,0,282,350,0,272,355,0,260,361,0,269,388,0,285,373,0,278,375,0,267,381,0,I
127,421,0,136,376,0,164,347,0,191,342,0,213,351,0,182,332,0,219,307,0,241,294,0,256,285,0,198,353,0,234,343,0,225,350,0,209,358,0,209,377,0,234,368,0,224,373,0,211,379,0,214,402,0,230,392,0,220,395,0,210,400,0,I
100,423,0,109,379,0,135,351,0,162,343,0,182,349,0,153,337,0,189,309,0,213,295,0,230,285,0,169,357,0,207,343,0,197,350,0,181,357,0,181,381,0,209,368,0,199,373,0,185,379,0,187,405,0,206,391,0,198,393,0,187,398,0,I
107,440,0,114,396,0,139,366,0,164,359,0,183,365,0,159,358,0,194,332,0,215,317,0,229,307,0,177,378,0,207,360,0,197,365,0,182,372,0,188,401,0,209,384,0,199,388,0,186,395,0,193,424,0,203,409,0,195,410,0,185,416,0,I
104,456,0,112,412,0,137,379,0,162,367,0,179,368,0,157,372,0,195,345,0,215,330,0,229,318,0,174,392,0,206,370,0,195,372,0,179,380,0,185,414,0,208,393,0,198,395,0,185,404,0,190,435,0,206,416,0,197,416,0,187,423,0,I
105,462,0,109,417,0,131,383,0,154,370,0,169,371,0,159,379,0,195,350,0,215,335,0,230,324,0,176,399,0,204,374,0,191,376,0,176,384,0,186,422,0,208,397,0,197,400,0,184,409,0,190,443,0,206,423,0,198,423,0,187,430,0,I
107,464,0,111,419,0,132,385,0,154,375,0,171,379,0,160,382,0,196,355,0,215,341,0,229,330,0,176,403,0,205,381,0,193,383,0,178,390,0,186,426,0,207,405,0,196,407,0,184,415,0,189,447,0,202,429,0,194,429,0,185,436,0,I
140,449,0,143,404,0,163,368,0,189,360,0,208,369,0,193,371,0,229,343,0,247,328,0,260,318,0,211,393,0,241,370,0,231,371,0,217,377,0,221,415,0,243,394,0,232,394,0,218,401,0,226,435,0,239,418,0,229,417,0,219,423,0,I
179,432,0,182,390,0,199,359,0,225,344,0,243,340,0,236,353,0,273,330,0,294,319,0,306,310,0,254,375,0,286,361,0,278,365,0,264,371,0,265,400,0,292,387,0,283,390,0,269,395,0,270,423,0,288,412,0,280,413,0,269,416,0,I
223,429,0,229,384,0,253,357,0,279,351,0,298,357,0,294,347,0,325,324,0,341,313,0,351,304,0,312,370,0,326,361,0,316,366,0,304,371,0,318,396,0,324,387,0,314,390,0,302,395,0,319,418,0,320,412,0,310,414,0,300,416,0,I
280,420,0,296,376,0,325,351,0,349,352,0,363,363,0,354,349,0,373,325,0,383,314,0,391,307,0,369,372,0,376,365,0,364,369,0,353,372,0,373,397,0,371,392,0,360,394,0,349,396,0,370,420,0,364,417,0,354,416,0,344,416,0,I
328,422,0,327,376,0,343,346,0,361,340,0,373,344,0,407,345,0,409,331,0,406,325,0,405,322,0,422,371,0,410,365,0,396,369,0,384,375,0,423,398,0,411,393,0,399,396,0,388,400,0,418,423,0,408,420,0,396,421,0,386,423,0,I
351,428,0,357,378,0,375,344,0,397,338,0,408,351,0,429,347,0,445,328,0,446,317,0,444,311,0,445,372,0,450,350,0,439,344,0,429,344,0,448,398,0,447,378,0,435,375,0,423,378,0,446,420,0,446,402,0,437,399,0,427,401,0,I
411,422,0,410,376,0,426,343,0,445,337,0,456,350,0,484,349,0,494,332,0,487,326,0,479,325,0,498,375,0,500,357,0,487,355,0,476,358,0,501,400,0,503,384,0,492,380,0,480,383,0,498,423,0,500,407,0,491,403,0,481,406,0,I
438,434,0,440,387,0,455,352,0,474,342,0,488,348,0,520,362,0,521,349,0,507,347,0,496,348,0,532,390,0,526,376,0,511,376,0,499,382,0,532,417,0,529,403,0,516,402,0,504,407,0,528,441,0,527,428,0,516,426,0,506,430,0,I
435,409,0,436,363,0,449,328,0,461,307,0,468,294,0,512,337,0,516,319,0,508,315,0,499,314,0,524,364,0,524,347,0,512,345,0,501,348,0,525,389,0,530,373,0,518,369,0,507,373,0,523,412,0,529,396,0,520,391,0,511,393,0,I
295,392,0,305,343,0,331,313,0,358,309,0,377,319,0,356,309,0,384,276,0,400,259,0,412,246,0,378,331,0,393,302,0,380,304,0,368,312,0,391,355,0,400,327,0,388,327,0,377,334,0,398,378,0,409,354,0,400,351,0,391,355,0,I
267,320,0,300,305,0,326,275,0,343,247,0,359,222,0,307,243,0,318,270,0,321,297,0,323,317,0,280,246,0,296,290,0,302,316,0,307,331,0,257,256,0,271,300,0,281,320,0,288,331,0,234,272,0,243,301,0,253,317,0,261,323,0,YOU
257,345,0,281,341,0,305,325,0,297,305,0,278,292,0,298,272,0,313,255,0,326,241,0,338,228,0,271,266,0,285,261,0,285,290,0,282,308,0,247,269,0,257,274,0,262,301,0,264,316,0,222,279,0,231,281,0,241,299,0,248,310,0,YOU
234,356,0,260,347,0,284,326,0,272,305,0,252,291,0,276,262,0,284,251,0,288,236,0,292,219,0,245,251,0,252,269,0,254,301,0,257,310,0,217,256,0,227,290,0,234,317,0,239,320,0,190,271,0,200,303,0,214,324,0,224,326,0,YOU
212,347,0,237,338,0,256,320,0,243,304,0,224,292,0,248,258,0,252,246,0,252,230,0,250,212,0,215,249,0,217,266,0,226,288,0,232,291,0,184,257,0,193,296,0,207,321,0,217,323,0,156,275,0,168,312,0,187,332,0,200,332,0,YOU
183,351,0,207,338,0,223,316,0,213,300,0,199,287,0,214,268,0,214,250,0,209,234,0,202,219,0,183,266,0,179,276,0,184,297,0,190,301,0,155,276,0,154,297,0,168,317,0,180,320,0,130,294,0,129,312,0,143,327,0,156,329,0,YOU
158,357,0,186,348,0,207,328,0,186,313,0,159,304,0,196,267,0,196,254,0,188,239,0,177,224,0,163,258,0,146,286,0,155,314,0,167,319,0,132,264,0,122,304,0,137,326,0,151,324,0,107,279,0,101,313,0,111,333,0,121,332,0,YOU
146,358,0,171,341,0,179,314,0,159,295,0,136,281,0,172,264,0,168,233,0,156,210,0,145,191,0,143,270,0,134,252,0,131,276,0,135,295,0,118,284,0,108,279,0,118,304,0,131,319,0,98,304,0,90,302,0,100,318,0,114,327,0,YOU
118,358,0,140,339,0,143,312,0,114,297,0,91,282,0,137,260,0,125,233,0,107,215,0,90,199,0,109,268,0,90,256,0,91,279,0,96,292,0,84,285,0,67,287,0,82,312,0,98,320,0,64,308,0,52,310,0,66,327,0,82,330,0,YOU
93,360,0,114,344,0,117,318,0,84,305,0,59,292,0,105,266,0,91,238,0,70,222,0,51,209,0,77,274,0,55,269,0,62,292,0,74,306,0,54,289,0,37,300,0,55,322,0,73,330,0,36,309,0,24,316,0,39,332,0,54,335,0,YOU
272,345,0,299,337,0,326,319,0,319,297,0,301,281,0,316,249,0,325,235,0,330,217,0,334,200,0,284,238,0,295,249,0,298,278,0,297,292,0,253,243,0,267,279,0,276,307,0,281,315,0,226,260,0,241,295,0,255,318,0,265,321,0,YOU
313,348,0,341,338,0,370,321,0,372,299,0,360,283,0,359,253,0,375,229,0,388,211,0,399,196,0,330,245,0,356,247,0,357,281,0,352,298,0,304,250,0,328,271,0,331,301,0,328,311,0,278,265,0,301,288,0,311,309,0,313,314,0,YOU
349,336,0,382,328,0,412,316,0,419,296,0,407,280,0,403,237,0,425,221,0,443,207,0,458,195,0,371,228,0,400,244,0,397,280,0,389,295,0,343,236,0,372,268,0,372,295,0,368,302,0,317,255,0,342,283,0,349,302,0,349,304,0,YOU
392,336,0,429,330,0,460,318,0,470,301,0,468,283,0,455,238,0,485,216,0,507,202,0,526,187,0,423,227,0,453,246,0,451,280,0,442,294,0,395,236,0,426,274,0,426,300,0,419,304,0,370,255,0,400,285,0,405,305,0,402,308,0,YOU
442,328,0,484,324,0,517,313,0,534,297,0,538,279,0,516,228,0,550,209,0,578,195,0,600,183,0,486,218,0,522,242,0,514,279,0,501,292,0,458,227,0,493,266,0,487,292,0,475,295,0,434,248,0,461,284,0,461,301,0,453,298,0,YOU
316,414,0,346,406,0,372,391,0,377,374,0,368,360,0,362,322,0,372,305,0,380,289,0,387,276,0,333,316,0,357,329,0,358,361,0,353,377,0,307,325,0,334,353,0,336,378,0,333,385,0,285,343,0,309,369,0,315,387,0,314,390,0,YOU
293,410,0,322,402,0,348,388,0,352,370,0,340,359,0,338,324,0,346,304,0,351,288,0,355,274,0,308,317,0,325,330,0,326,360,0,322,366,0,282,324,0,303,351,0,306,373,0,302,372,0,259,340,0,278,366,0,285,381,0,284,379,0,YOU
269,417,0,295,410,0,321,396,0,327,380,0,313,371,0,309,330,0,316,315,0,321,300,0,324,286,0,280,323,0,294,342,0,298,371,0,298,376,0,254,332,0,274,363,0,281,386,0,281,388,0,232,349,0,251,379,0,261,397,0,265,397,0,YOU
248,462,0,274,458,0,299,446,0,300,432,0,285,423,0,291,379,0,292,361,0,293,347,0,293,335,0,260,371,0,271,387,0,276,415,0,276,422,0,232,378,0,247,412,0,255,436,0,259,439,0,207,396,0,221,428,0,234,447,0,243,448,0,YOU
226,428,0,252,417,0,275,403,0,272,388,0,256,377,0,264,342,0,267,317,0,268,296,0,267,277,0,235,336,0,242,354,0,245,383,0,246,390,0,209,343,0,220,372,0,230,397,0,236,401,0,187,357,0,198,383,0,211,402,0,218,404,0,YOU
222,435,0,245,426,0,267,413,0,263,399,0,245,390,0,256,350,0,259,327,0,260,307,0,259,288,0,225,344,0,231,364,0,237,394,0,239,398,0,199,353,0,211,386,0,223,409,0,227,409,0,177,369,0,189,399,0,203,416,0,209,415,0,YOU
185,434,0,208,425,0,232,414,0,227,397,0,205,388,0,218,351,0,218,328,0,216,307,0,214,288,0,186,344,0,188,364,0,197,394,0,202,394,0,161,351,0,169,387,0,183,409,0,189,404,0,139,366,0,148,397,0,163,414,0,169,411,0,YOU
162,443,0,187,431,0,210,416,0,199,405,0,175,403,0,193,354,0,191,332,0,185,312,0,178,295,0,160,351,0,162,374,0,173,404,0,178,403,0,133,360,0,145,398,0,160,418,0,165,412,0,110,375,0,124,409,0,140,426,0,147,421,0,YOU
155,442,0,182,430,0,204,416,0,191,404,0,165,401,0,185,353,0,182,333,0,176,314,0,169,297,0,150,351,0,155,374,0,166,404,0,169,402,0,123,363,0,137,398,0,153,417,0,156,409,0,102,380,0,119,413,0,137,429,0,144,422,0,YOU
124,443,0,149,434,0,167,418,0,146,410,0,119,406,0,145,355,0,139,335,0,129,319,0,117,301,0,111,355,0,101,380,0,118,413,0,129,414,0,84,367,0,85,403,0,107,425,0,119,418,0,63,383,0,70,416,0,89,433,0,101,427,0,YOU
104,451,0,126,437,0,138,418,0,115,411,0,90,407,0,116,363,0,106,335,0,93,317,0,79,300,0,89,370,0,75,383,0,90,410,0,103,413,0,67,387,0,58,406,0,78,426,0,94,423,0,50,408,0,42,421,0,61,436,0,76,434,0,YOU
100,449,0,123,433,0,133,414,0,107,407,0,79,403,0,112,359,0,99,333,0,84,314,0,68,297,0,83,366,0,68,383,0,83,408,0,96,411,0,60,382,0,53,406,0,75,424,0,90,419,0,45,403,0,42,421,0,61,435,0,75,431,0,YOU
345,420,0,377,420,0,404,411,0,417,399,0,414,385,0,402,341,0,415,325,0,424,312,0,432,299,0,375,332,0,399,360,0,395,387,0,389,393,0,350,340,0,374,380,0,376,399,0,375,398,0,328,358,0,348,392,0,354,408,0,355,407,0,YOU
354,418,0,390,418,0,419,412,0,434,402,0,433,393,0,419,344,0,438,327,0,453,314,0,464,300,0,394,335,0,418,363,0,414,387,0,406,390,0,370,344,0,396,384,0,395,401,0,390,397,0,349,361,0,372,395,0,374,407,0,372,403,0,YOU
387,420,0,423,422,0,450,416,0,462,406,0,467,394,0,451,344,0,471,330,0,487,319,0,500,307,0,426,335,0,455,367,0,449,391,0,438,393,0,402,343,0,429,384,0,428,401,0,422,397,0,379,361,0,402,395,0,407,408,0,406,405,0,YOU
421,406,0,456,406,0,483,400,0,499,393,0,508,385,0,486,328,0,507,315,0,525,302,0,539,290,0,462,319,0,496,351,0,487,378,0,474,383,0,439,327,0,470,370,0,463,389,0,453,386,0,417,344,0,443,380,0,442,393,0,434,389,0,YOU
432,409,0,476,411,0,506,404,0,524,397,0,538,392,0,509,331,0,537,316,0,558,304,0,575,294,0,485,323,0,520,360,0,509,384,0,497,382,0,462,331,0,494,376,0,486,394,0,477,388,0,440,348,0,467,387,0,466,401,0,462,397,0,YOU
442,366,0,470,377,0,493,383,0,509,390,0,522,394,0,515,331,0,529,360,0,525,373,0,521,371,0,497,318,0,510,368,0,496,379,0,489,368,0,472,318,0,480,370,0,471,377,0,466,366,0,446,324,0,451,364,0,448,370,0,447,362,0,YOU
438,372,0,473,382,0,501,387,0,519,394,0,534,398,0,521,333,0,544,333,0,561,325,0,575,317,0,503,318,0,516,369,0,506,379,0,498,372,0,477,318,0,485,373,0,478,377,0,474,367,0,449,326,0,456,368,0,453,373,0,450,363,0,YOU
269,359,0,299,359,0,325,348,0,337,333,0,345,320,0,324,292,0,344,272,0,358,256,0,371,241,0,302,279,0,320,305,0,315,333,0,307,345,0,279,283,0,298,319,0,295,341,0,291,347,0,257,296,0,276,325,0,278,343,0,278,347,0,YOU
263,322,0,291,316,0,310,303,0,319,290,0,322,274,0,306,245,0,320,227,0,328,213,0,333,200,0,281,238,0,299,256,0,300,288,0,297,306,0,257,245,0,280,274,0,282,299,0,280,311,0,236,259,0,257,283,0,266,300,0,269,307,0,YOU
258,291,0,286,281,0,308,268,0,313,252,0,314,235,0,299,209,0,310,190,0,317,172,0,323,155,0,274,200,0,290,221,0,293,251,0,293,273,0,251,206,0,270,234,0,275,258,0,277,274,0,231,221,0,247,245,0,255,263,0,258,272,0,YOU
259,262,0,285,251,0,306,235,0,310,217,0,309,200,0,295,178,0,305,155,0,310,134,0,314,116,0,270,170,0,286,189,0,288,219,0,288,240,0,247,176,0,266,202,0,270,226,0,270,243,0,226,191,0,242,210,0,249,228,0,252,238,0,YOU
473,389,0,453,378,0,441,360,0,449,342,0,471,328,0,465,298,0,465,287,0,467,269,0,470,262,0,499,301,0,498,307,0,481,339,0,475,351,0,523,317,0,511,342,0,490,360,0,483,358,0,539,339,0,524,365,0,504,376,0,494,370,0,YOU
487,344,0,461,325,0,449,296,0,466,275,0,489,258,0,472,238,0,474,217,0,478,200,0,485,183,0,503,240,0,509,243,0,494,270,0,487,279,0,527,254,0,523,276,0,503,296,0,496,295,0,545,275,0,536,299,0,518,314,0,511,309,0,YOU
487,317,0,462,298,0,454,266,0,472,244,0,492,225,0,477,213,0,479,185,0,483,166,0,488,148,0,505,220,0,514,209,0,499,238,0,490,251,0,528,236,0,530,238,0,509,262,0,499,267,0,545,258,0,542,263,0,523,280,0,513,282,0,YOU
447,307,0,421,290,0,407,263,0,418,242,0,433,224,0,433,205,0,428,181,0,424,162,0,424,144,0,463,208,0,459,204,0,443,230,0,438,243,0,486,224,0,473,237,0,454,257,0,451,261,0,503,247,0,486,262,0,470,275,0,468,275,0,YOU
415,302,0,388,288,0,371,263,0,381,243,0,396,226,0,396,206,0,387,181,0,381,163,0,378,145,0,426,208,0,421,201,0,406,225,0,401,238,0,449,223,0,439,230,0,419,250,0,413,258,0,467,246,0,453,255,0,435,268,0,428,271,0,YOU
394,306,0,362,291,0,342,265,0,348,241,0,360,221,0,366,216,0,352,188,0,341,168,0,333,150,0,392,214,0,380,194,0,362,181,0,348,167,0,416,223,0,392,231,0,382,250,0,383,260,0,436,243,0,410,254,0,401,266,0,402,270,0,YOU
348,307,0,319,294,0,299,270,0,300,249,0,306,229,0,326,212,0,305,194,0,287,178,0,273,166,0,354,214,0,333,209,0,322,234,0,320,251,0,377,230,0,352,237,0,338,256,0,337,266,0,393,254,0,366,265,0,353,276,0,352,280,0,YOU
346,332,0,318,324,0,297,303,0,295,283,0,300,264,0,319,245,0,300,227,0,283,211,0,268,198,0,347,243,0,331,238,0,321,266,0,318,285,0,370,253,0,351,259,0,336,281,0,330,296,0,388,271,0,367,281,0,351,296,0,343,307,0,YOU
355,348,0,330,344,0,307,326,0,304,308,0,313,294,0,331,272,0,313,257,0,296,244,0,281,233,0,359,270,0,345,263,0,333,288,0,327,306,0,380,280,0,361,290,0,347,312,0,342,324,0,396,299,0,377,311,0,364,326,0,359,334,0,YOU
364,375,0,337,366,0,315,350,0,308,337,0,319,325,0,338,288,0,318,283,0,302,275,0,286,267,0,365,286,0,339,309,0,334,332,0,335,341,0,386,301,0,358,334,0,351,349,0,352,349,0,402,323,0,377,350,0,371,360,0,373,359,0,YOU
369,400,0,342,389,0,320,369,0,310,353,0,311,341,0,343,316,0,322,312,0,303,305,0,285,300,0,369,313,0,338,340,0,332,364,0,332,377,0,390,328,0,360,365,0,350,380,0,348,385,0,405,350,0,377,380,0,367,391,0,364,394,0,YOU
377,416,0,352,406,0,332,391,0,328,379,0,342,374,0,352,337,0,341,328,0,337,318,0,336,308,0,381,333,0,360,361,0,352,380,0,352,384,0,403,348,0,374,387,0,365,396,0,365,391,0,417,369,0,387,401,0,379,406,0,380,401,0,YOU
385,445,0,360,437,0,338,422,0,336,409,0,355,404,0,361,365,0,356,357,0,353,351,0,350,348,0,389,360,0,376,383,0,366,405,0,362,416,0,412,372,0,394,406,0,381,421,0,375,426,0,429,391,0,410,420,0,397,431,0,391,434,0,YOU
356,430,0,331,423,0,309,408,0,305,395,0,316,385,0,329,345,0,310,341,0,306,343,0,306,344,0,357,344,0,333,375,0,328,396,0,330,397,0,379,359,0,354,397,0,346,410,0,346,406,0,396,382,0,372,412,0,365,420,0,366,415,0,YOU
331,421,0,305,414,0,282,399,0,272,385,0,281,379,0,297,341,0,281,338,0,267,331,0,256,324,0,321,338,0,295,360,0,295,383,0,301,389,0,342,351,0,314,383,0,310,399,0,312,400,0,358,371,0,331,398,0,323,409,0,322,411,0,YOU
313,414,0,283,412,0,255,398,0,242,383,0,244,373,0,268,340,0,248,333,0,231,327,0,217,323,0,291,335,0,266,351,0,264,374,0,270,383,0,312,344,0,285,367,0,281,385,0,285,391,0,328,362,0,305,381,0,297,394,0,298,399,0,YOU
303,390,0,275,385,0,250,369,0,240,353,0,241,345,0,269,308,0,245,301,0,226,293,0,212,286,0,293,307,0,264,317,0,259,343,0,263,357,0,313,320,0,282,344,0,275,365,0,280,374,0,328,341,0,299,363,0,291,378,0,294,383,0,YOU
300,370,0,273,362,0,250,345,0,241,328,0,238,313,0,266,283,0,243,269,0,224,258,0,211,250,0,289,281,0,260,288,0,252,315,0,256,333,0,309,293,0,277,309,0,268,332,0,271,345,0,325,313,0,296,331,0,285,346,0,284,355,0,YOU
299,344,0,270,336,0,246,318,0,236,301,0,232,283,0,259,259,0,237,239,0,220,225,0,209,212,0,283,256,0,257,253,0,249,278,0,252,297,0,304,266,0,274,275,0,264,299,0,266,314,0,321,283,0,292,299,0,281,315,0,280,325,0,YOU
302,311,0,269,298,0,246,273,0,239,250,0,234,228,0,264,214,0,241,195,0,227,180,0,219,165,0,289,212,0,258,209,0,251,236,0,257,252,0,309,224,0,276,233,0,267,257,0,272,267,0,326,243,0,296,256,0,284,272,0,284,279,0,YOU
329,311,0,298,296,0,277,271,0,273,250,0,271,229,0,297,214,0,276,192,0,265,175,0,259,159,0,323,213,0,294,210,0,286,235,0,291,249,0,344,226,0,311,237,0,303,257,0,309,264,0,362,246,0,333,257,0,321,269,0,322,275,0,YOU
362,314,0,333,299,0,314,275,0,313,254,0,312,232,0,335,219,0,321,197,0,311,180,0,303,165,0,360,219,0,335,214,0,327,239,0,330,253,0,381,231,0,352,240,0,343,262,0,346,270,0,399,251,0,372,261,0,360,275,0,359,281,0,YOU
407,315,0,379,299,0,361,276,0,364,255,0,365,235,0,382,221,0,369,199,0,363,180,0,361,165,0,409,221,0,383,221,0,377,247,0,384,259,0,431,234,0,400,245,0,393,265,0,398,272,0,448,254,0,420,265,0,410,278,0,411,282,0,YOU
430,317,0,405,303,0,388,280,0,389,260,0,398,243,0,408,230,0,400,202,0,397,181,0,397,164,0,434,229,0,415,219,0,406,241,0,406,256,0,456,241,0,432,247,0,423,265,0,424,275,0,474,261,0,452,268,0,439,280,0,436,286,0,YOU
484,318,0,459,302,0,443,276,0,450,255,0,464,241,0,469,224,0,467,196,0,469,176,0,474,160,0,496,226,0,480,220,0,469,240,0,468,251,0,517,241,0,494,250,0,483,266,0,484,271,0,533,262,0,508,271,0,495,282,0,494,286,0,YOU
537,327,0,514,309,0,501,279,0,514,259,0,533,247,0,530,229,0,536,197,0,546,177,0,557,162,0,557,237,0,557,222,0,541,241,0,532,255,0,579,253,0,566,254,0,549,272,0,544,279,0,595,274,0,580,276,0,564,288,0,558,292,0,YOU
557,354,0,533,332,0,525,302,0,541,283,0,558,268,0,556,250,0,566,224,0,581,207,0,594,194,0,582,261,0,592,244,0,576,261,0,561,276,0,602,279,0,602,275,0,582,293,0,569,305,0,617,302,0,613,300,0,593,312,0,579,319,0,YOU
537,391,0,514,370,0,504,344,0,515,326,0,534,315,0,534,294,0,544,269,0,557,258,0,571,250,0,560,304,0,565,292,0,549,310,0,537,324,0,580,320,0,579,321,0,558,339,0,545,351,0,597,342,0,593,343,0,573,354,0,558,361,0,YOU
515,388,0,491,369,0,477,344,0,486,326,0,505,318,0,511,291,0,515,275,0,526,263,0,537,252,0,540,297,0,532,303,0,516,319,0,506,326,0,561,316,0,542,332,0,526,344,0,520,345,0,576,340,0,553,357,0,539,364,0,533,362,0,YOU
481,382,0,458,369,0,441,343,0,448,323,0,469,316,0,471,287,0,472,274,0,480,262,0,490,252,0,502,289,0,494,299,0,478,320,0,469,330,0,526,305,0,508,327,0,493,342,0,486,344,0,542,328,0,522,350,0,508,360,0,502,358,0,YOU
421,375,0,396,364,0,378,345,0,376,329,0,389,322,0,402,287,0,402,268,0,411,255,0,423,244,0,432,286,0,412,309,0,403,326,0,402,331,0,453,303,0,426,333,0,417,344,0,419,343,0,469,325,0,441,351,0,433,357,0,434,354,0,YOU
365,373,0,341,360,0,318,343,0,310,327,0,320,323,0,346,288,0,333,270,0,326,255,0,324,241,0,372,288,0,341,305,0,336,326,0,341,336,0,391,305,0,356,333,0,351,346,0,356,349,0,402,330,0,371,352,0,366,358,0,369,359,0,YOU
345,378,0,316,366,0,295,351,0,286,336,0,289,324,0,319,288,0,306,274,0,298,259,0,295,246,0,346,288,0,317,301,0,307,328,0,311,338,0,367,304,0,332,331,0,322,350,0,325,353,0,380,328,0,347,352,0,336,363,0,336,363,0,YOU
322,369,0,290,356,0,268,338,0,259,322,0,260,314,0,292,278,0,277,264,0,266,251,0,259,238,0,319,278,0,287,292,0,281,319,0,286,331,0,340,293,0,305,317,0,298,336,0,302,342,0,354,316,0,322,338,0,313,348,0,313,350,0,YOU
292,383,0,256,372,0,229,356,0,214,339,0,214,335,0,246,296,0,227,282,0,212,270,0,202,260,0,270,292,0,237,310,0,237,333,0,247,340,0,292,304,0,255,334,0,253,351,0,260,355,0,309,325,0,276,352,0,263,365,0,260,370,0,YOU
259,371,0,219,366,0,189,353,0,172,338,0,161,330,0,198,287,0,174,271,0,154,262,0,140,254,0,222,283,0,188,296,0,189,317,0,199,322,0,243,295,0,206,323,0,208,341,0,217,342,0,260,315,0,226,344,0,223,356,0,228,357,0,YOU
225,367,0,184,364,0,153,350,0,132,337,0,110,333,0,160,289,0,132,278,0,111,269,0,95,261,0,183,285,0,144,297,0,145,322,0,154,330,0,204,294,0,165,319,0,164,340,0,171,344,0,221,313,0,189,338,0,184,354,0,188,356,0,YOU
199,352,0,155,354,0,120,345,0,96,336,0,74,329,0,122,290,0,101,292,0,89,286,0,81,275,0,142,287,0,109,321,0,111,339,0,117,339,0,162,298,0,130,338,0,128,353,0,131,352,0,179,318,0,152,352,0,145,362,0,144,361,0,YOU
163,362,0,126,365,0,89,361,0,62,361,0,39,366,0,89,302,0,67,306,0,51,302,0,39,293,0,109,298,0,76,333,0,82,349,0,90,346,0,132,308,0,101,347,0,103,360,0,109,356,0,153,325,0,125,358,0,120,368,0,122,367,0,YOU
212,345,0,177,330,0,142,309,0,117,291,0,99,273,0,154,278,0,124,308,0,127,319,0,131,313,0,175,286,0,136,326,0,137,334,0,135,329,0,194,302,0,154,341,0,150,349,0,145,344,0,209,323,0,174,353,0,166,361,0,160,360,0,YOU
273,348,0,235,345,0,200,336,0,178,330,0,161,330,0,207,276,0,180,274,0,167,269,0,157,261,0,226,274,0,186,310,0,196,321,0,207,315,0,244,286,0,205,326,0,214,334,0,223,327,0,260,305,0,227,340,0,231,346,0,238,341,0,YOU
327,345,0,297,339,0,268,327,0,249,319,0,235,320,0,283,272,0,267,268,0,258,261,0,252,253,0,303,269,0,269,298,0,272,315,0,280,316,0,322,280,0,287,315,0,288,327,0,293,325,0,336,298,0,307,327,0,304,335,0,306,334,0,YOU
368,344,0,341,337,0,315,325,0,298,318,0,288,318,0,327,271,0,314,266,0,308,259,0,304,253,0,349,271,0,317,298,0,316,314,0,322,317,0,367,284,0,332,323,0,330,333,0,333,331,0,380,306,0,347,338,0,342,344,0,343,341,0,YOU
439,426,0,411,416,0,391,397,0,397,379,0,415,365,0,411,340,0,424,322,0,433,314,0,440,313,0,440,344,0,446,331,0,435,362,0,425,384,0,463,356,0,466,354,0,450,382,0,437,398,0,483,372,0,482,373,0,466,393,0,453,405,0,YOU
413,422,0,387,414,0,363,394,0,361,376,0,381,367,0,389,333,0,389,318,0,393,314,0,399,314,0,420,332,0,406,345,0,394,368,0,391,379,0,444,346,0,427,368,0,413,385,0,409,389,0,464,366,0,448,386,0,433,398,0,426,400,0,YOU
386,419,0,358,411,0,334,393,0,327,376,0,334,362,0,358,330,0,352,324,0,351,321,0,352,318,0,387,329,0,360,360,0,353,379,0,356,382,0,408,344,0,380,381,0,372,393,0,373,392,0,425,367,0,398,395,0,391,403,0,392,402,0,YOU
479,426,0,451,414,0,432,395,0,442,386,0,466,384,0,465,336,0,488,324,0,503,323,0,517,321,0,499,342,0,484,376,0,465,397,0,456,401,0,522,361,0,502,395,0,485,409,0,479,405,0,539,384,0,519,413,0,500,423,0,491,418,0,YOU
495,440,0,469,429,0,452,409,0,463,394,0,486,382,0,478,346,0,503,327,0,525,320,0,549,311,0,506,352,0,508,370,0,490,395,0,481,399,0,527,368,0,522,393,0,501,410,0,492,407,0,542,388,0,533,412,0,514,425,0,503,421,0,YOU
471,441,0,446,432,0,426,411,0,432,395,0,454,391,0,450,357,0,459,334,0,469,319,0,480,305,0,481,357,0,475,369,0,462,391,0,456,398,0,504,370,0,489,397,0,473,411,0,467,410,0,520,389,0,502,416,0,487,426,0,481,423,0,YOU
473,443,0,445,434,0,425,415,0,427,399,0,449,398,0,449,364,0,456,341,0,467,327,0,479,315,0,480,362,0,470,385,0,459,404,0,456,407,0,503,375,0,484,408,0,472,420,0,471,418,0,521,395,0,501,423,0,488,430,0,484,427,0,YOU
501,452,0,477,440,0,461,421,0,467,410,0,487,411,0,487,369,0,498,348,0,510,337,0,524,328,0,516,371,0,512,392,0,495,412,0,487,415,0,538,386,0,525,416,0,505,428,0,498,426,0,554,407,0,538,433,0,519,442,0,508,440,0,YOU
528,456,0,504,445,0,488,427,0,498,417,0,519,415,0,516,371,0,529,354,0,542,344,0,557,336,0,546,373,0,545,393,0,528,416,0,520,420,0,568,387,0,560,417,0,540,433,0,531,430,0,584,407,0,575,433,0,556,445,0,544,442,0,YOU
538,448,0,515,434,0,504,415,0,517,409,0,538,405,0,533,364,0,549,347,0,564,337,0,580,326,0,563,366,0,561,390,0,545,412,0,537,418,0,584,381,0,575,414,0,557,428,0,549,426,0,600,402,0,588,430,0,569,441,0,559,438,0,YOU
483,435,0,460,425,0,443,407,0,445,396,0,462,393,0,467,356,0,472,335,0,481,322,0,492,315,0,498,357,0,482,377,0,471,395,0,469,396,0,519,375,0,491,409,0,479,415,0,478,407,0,533,398,0,503,427,0,491,431,0,489,423,0,YOU
474,432,0,450,425,0,428,408,0,419,397,0,432,396,0,455,357,0,453,339,0,457,326,0,463,313,0,483,356,0,461,373,0,452,394,0,454,398,0,502,370,0,476,397,0,467,410,0,469,409,0,516,391,0,490,413,0,481,422,0,482,422,0,YOU
457,417,0,425,413,0,398,395,0,392,382,0,409,382,0,427,345,0,419,325,0,419,310,0,421,295,0,451,343,0,432,351,0,425,375,0,426,383,0,470,353,0,450,373,0,441,392,0,439,395,0,486,368,0,467,385,0,458,400,0,455,404,0,YOU
411,407,0,381,395,0,356,377,0,348,360,0,352,349,0,381,326,0,367,310,0,359,297,0,355,284,0,405,325,0,374,346,0,372,362,0,379,366,0,424,341,0,388,369,0,385,379,0,390,379,0,436,363,0,402,387,0,397,393,0,400,392,0,YOU
377,403,0,348,392,0,323,377,0,311,366,0,319,365,0,346,322,0,331,310,0,320,300,0,310,289,0,370,321,0,336,346,0,338,367,0,348,370,0,390,336,0,355,368,0,356,381,0,363,379,0,404,359,0,374,384,0,372,391,0,378,388,0,YOU
361,402,0,326,392,0,296,379,0,278,370,0,274,370,0,311,322,0,289,316,0,274,308,0,261,300,0,330,323,0,293,348,0,299,363,0,311,362,0,348,336,0,311,365,0,316,376,0,325,373,0,361,356,0,329,380,0,330,387,0,337,385,0,YOU
351,395,0,315,386,0,287,373,0,269,363,0,263,359,0,301,316,0,281,308,0,263,299,0,251,293,0,322,316,0,288,336,0,285,359,0,292,367,0,341,330,0,305,357,0,301,374,0,306,377,0,355,351,0,325,377,0,316,386,0,315,388,0,YOU
338,398,0,299,389,0,271,376,0,251,369,0,234,371,0,282,321,0,256,313,0,237,306,0,222,300,0,300,322,0,262,342,0,264,360,0,273,364,0,317,335,0,279,362,0,280,375,0,287,375,0,330,355,0,297,379,0,293,388,0,298,387,0,YOU
320,389,0,280,382,0,252,372,0,229,368,0,208,369,0,256,318,0,227,311,0,206,305,0,189,299,0,275,319,0,236,341,0,237,363,0,246,368,0,292,333,0,253,361,0,252,380,0,258,383,0,305,354,0,274,379,0,266,391,0,266,392,0,YOU
286,380,0,243,375,0,213,362,0,190,353,0,168,354,0,222,306,0,193,299,0,172,292,0,157,284,0,242,306,0,197,328,0,204,352,0,217,353,0,259,320,0,216,350,0,222,368,0,232,366,0,272,340,0,238,367,0,237,379,0,243,377,0,YOU
271,387,0,226,383,0,191,374,0,164,372,0,146,380,0,193,323,0,166,317,0,146,312,0,130,307,0,212,322,0,174,354,0,179,374,0,188,375,0,231,333,0,193,369,0,197,383,0,206,380,0,247,352,0,216,381,0,214,391,0,219,390,0,YOU
274,386,0,230,386,0,193,383,0,166,387,0,143,395,0,198,331,0,176,335,0,157,342,0,144,349,0,216,330,0,183,373,0,188,389,0,194,388,0,235,340,0,205,385,0,208,395,0,210,390,0,253,357,0,225,395,0,224,403,0,224,399,0,YOU
241,382,0,201,385,0,164,384,0,137,388,0,118,398,0,164,333,0,139,340,0,119,341,0,103,340,0,181,330,0,150,370,0,158,382,0,166,378,0,200,340,0,172,382,0,178,388,0,183,382,0,218,355,0,195,389,0,196,394,0,200,388,0,YOU
228,380,0,188,380,0,150,379,0,124,386,0,102,396,0,146,335,0,119,342,0,99,345,0,82,345,0,160,335,0,131,371,0,134,384,0,139,383,0,177,345,0,148,382,0,152,390,0,157,386,0,194,360,0,170,390,0,171,395,0,174,389,0,YOU
205,378,0,166,381,0,126,382,0,97,394,0,72,404,0,117,338,0,87,347,0,67,350,0,50,350,0,132,338,0,97,379,0,108,392,0,120,389,0,152,347,0,120,390,0,131,397,0,141,389,0,171,362,0,145,396,0,151,400,0,159,392,0,YOU
198,366,0,167,379,0,139,396,0,126,417,0,115,435,0,123,355,0,114,371,0,107,381,0,100,389,0,142,346,0,139,401,0,145,409,0,146,405,0,166,347,0,163,404,0,166,405,0,165,398,0,190,353,0,185,400,0,183,405,0,179,400,0,YOU
200,367,0,168,379,0,139,392,0,122,412,0,110,430,0,124,349,0,108,366,0,95,363,0,84,354,0,140,340,0,129,392,0,139,401,0,143,395,0,161,341,0,152,395,0,160,399,0,162,391,0,182,348,0,174,394,0,176,398,0,177,392,0,YOU
138,335,0,160,324,0,178,308,0,175,293,0,160,287,0,160,253,0,162,250,0,160,244,0,156,236,0,130,251,0,133,271,0,143,297,0,152,307,0,105,260,0,116,290,0,133,312,0,145,319,0,85,276,0,99,300,0,117,318,0,130,322,0,YOU
152,329,0,173,319,0,193,298,0,194,280,0,179,274,0,174,257,0,177,245,0,178,243,0,175,237,0,152,257,0,153,260,0,163,283,0,166,285,0,132,266,0,138,280,0,151,302,0,157,304,0,113,279,0,119,288,0,132,304,0,139,307,0,YOU
176,323,0,199,313,0,219,295,0,219,277,0,207,267,0,201,248,0,204,247,0,207,239,0,209,228,0,174,243,0,182,260,0,187,278,0,189,280,0,151,249,0,165,279,0,176,301,0,184,308,0,130,262,0,145,285,0,158,303,0,167,308,0,YOU
198,324,0,220,314,0,238,300,0,243,285,0,236,275,0,229,243,0,233,242,0,237,237,0,242,233,0,204,238,0,211,256,0,216,281,0,221,297,0,180,245,0,194,271,0,204,295,0,211,310,0,159,260,0,172,282,0,185,300,0,194,309,0,YOU
282,287,0,307,280,0,328,268,0,338,255,0,346,240,0,324,208,0,341,201,0,354,191,0,365,182,0,301,199,0,324,219,0,321,247,0,314,259,0,279,205,0,302,234,0,302,256,0,298,264,0,259,220,0,277,241,0,284,260,0,286,267,0,YOU
308,277,0,337,273,0,363,260,0,377,246,0,389,232,0,361,197,0,384,190,0,401,182,0,416,174,0,339,188,0,368,211,0,362,237,0,352,248,0,317,194,0,344,222,0,342,244,0,336,252,0,296,208,0,319,229,0,324,249,0,324,258,0,YOU
339,264,0,370,259,0,398,246,0,416,233,0,434,225,0,394,187,0,420,182,0,438,177,0,452,171,0,374,180,0,399,203,0,394,223,0,386,227,0,354,185,0,378,215,0,373,232,0,365,232,0,336,197,0,358,220,0,357,233,0,351,233,0,YOU
389,268,0,415,268,0,439,261,0,455,251,0,468,241,0,445,206,0,463,189,0,476,174,0,486,160,0,421,194,0,434,217,0,431,237,0,426,243,0,397,198,0,410,226,0,410,239,0,406,239,0,374,210,0,385,233,0,388,244,0,386,243,0,YOU
428,261,0,460,263,0,484,259,0,501,254,0,517,251,0,493,203,0,511,197,0,524,187,0,533,176,0,473,190,0,495,224,0,484,244,0,472,247,0,451,193,0,467,232,0,462,248,0,455,248,0,428,204,0,442,234,0,445,249,0,444,251,0,YOU
447,264,0,480,268,0,507,266,0,525,262,0,544,259,0,519,208,0,540,203,0,554,194,0,566,185,0,500,196,0,516,230,0,510,243,0,502,241,0,477,199,0,491,239,0,487,248,0,480,243,0,455,210,0,468,244,0,467,254,0,462,250,0,YOU
480,265,0,517,274,0,549,270,0,571,264,0,590,263,0,566,212,0,592,207,0,610,200,0,626,191,0,549,199,0,571,236,0,556,255,0,541,256,0,527,201,0,550,240,0,538,257,0,527,257,0,505,210,0,523,240,0,518,256,0,513,259,0,YOU
513,254,0,550,260,0,583,253,0,606,249,0,630,248,0,599,201,0,630,196,0,651,193,0,667,189,0,584,190,0,612,222,0,599,244,0,582,249,0,563,191,0,589,225,0,577,243,0,565,246,0,541,198,0,562,221,0,560,237,0,553,242,0,YOU
510,338,0,486,323,0,474,301,0,488,291,0,512,295,0,505,257,0,518,247,0,532,242,0,547,236,0,532,263,0,538,280,0,520,300,0,509,305,0,552,277,0,554,299,0,533,314,0,521,314,0,566,296,0,566,316,0,546,327,0,533,325,0,YOU
479,330,0,457,321,0,440,303,0,445,291,0,464,290,0,468,252,0,476,245,0,484,243,0,492,240,0,497,254,0,499,276,0,482,297,0,474,302,0,518,267,0,515,295,0,496,310,0,487,309,0,534,285,0,529,309,0,512,320,0,502,319,0,YOU
442,320,0,421,316,0,403,305,0,399,294,0,405,285,0,417,248,0,416,241,0,412,236,0,408,236,0,444,248,0,443,253,0,430,278,0,423,287,0,466,259,0,459,278,0,442,297,0,433,299,0,482,277,0,474,295,0,459,308,0,450,309,0,YOU
412,313,0,391,308,0,370,292,0,364,278,0,372,269,0,388,243,0,381,236,0,374,229,0,366,225,0,413,240,0,404,244,0,396,268,0,392,285,0,434,249,0,425,261,0,412,281,0,404,293,0,451,264,0,442,275,0,429,290,0,421,299,0,YOU
364,306,0,339,300,0,317,289,0,305,280,0,294,276,0,334,243,0,320,232,0,307,227,0,295,225,0,356,241,0,342,231,0,330,252,0,322,271,0,375,249,0,363,246,0,348,266,0,339,283,0,391,265,0,381,266,0,367,279,0,356,292,0,YOU
337,306,0,310,302,0,285,293,0,269,287,0,252,286,0,299,242,0,279,236,0,261,235,0,246,234,0,320,240,0,300,235,0,289,259,0,284,276,0,341,249,0,324,249,0,309,271,0,303,287,0,359,266,0,345,270,0,331,283,0,323,295,0,YOU
303,298,0,274,298,0,246,289,0,227,282,0,207,280,0,253,232,0,225,234,0,204,234,0,189,232,0,272,229,0,242,240,0,237,261,0,240,270,0,292,237,0,263,254,0,258,272,0,261,278,0,308,254,0,284,272,0,277,283,0,278,285,0,YOU
284,298,0,253,292,0,226,284,0,206,281,0,190,282,0,230,229,0,200,234,0,179,232,0,165,230,0,249,226,0,211,253,0,218,273,0,230,275,0,268,235,0,233,267,0,237,282,0,245,281,0,285,252,0,256,279,0,250,291,0,250,293,0,YOU
282,302,0,242,296,0,209,287,0,186,282,0,168,282,0,218,233,0,200,239,0,186,240,0,176,239,0,239,231,0,208,264,0,204,288,0,206,298,0,260,241,0,232,278,0,227,294,0,228,297,0,279,259,0,255,288,0,246,301,0,242,304,0,YOU
253,297,0,215,298,0,179,290,0,153,286,0,131,287,0,183,239,0,160,246,0,144,245,0,131,241,0,202,235,0,170,269,0,174,287,0,181,288,0,223,244,0,193,281,0,197,296,0,204,293,0,241,260,0,215,290,0,215,301,0,220,299,0,YOU
239,284,0,201,286,0,164,276,0,140,267,0,119,268,0,168,224,0,143,224,0,123,224,0,105,223,0,186,220,0,160,230,0,153,252,0,153,267,0,205,226,0,181,240,0,173,261,0,172,273,0,223,241,0,204,256,0,194,272,0,192,281,0,YOU
218,273,0,176,278,0,140,269,0,115,262,0,91,261,0,138,215,0,109,220,0,90,218,0,74,213,0,157,209,0,122,241,0,130,262,0,142,264,0,177,215,0,144,250,0,153,268,0,163,266,0,196,229,0,169,259,0,173,273,0,182,272,0,YOU
206,274,0,171,275,0,141,270,0,122,266,0,113,263,0,135,221,0,118,222,0,114,227,0,114,230,0,155,209,0,143,244,0,145,264,0,149,272,0,180,210,0,170,253,0,171,266,0,173,267,0,205,218,0,194,254,0,192,265,0,191,266,0,YOU
511,411,0,488,399,0,467,384,0,469,380,0,484,382,0,493,326,0,505,325,0,515,323,0,524,321,0,523,327,0,518,363,0,500,389,0,492,390,0,546,341,0,539,382,0,519,398,0,509,393,0,564,360,0,556,393,0,539,406,0,529,403,0,YOU
426,388,0,394,375,0,367,360,0,353,349,0,350,337,0,397,310,0,391,304,0,380,306,0,371,311,0,425,308,0,406,338,0,396,356,0,395,359,0,448,320,0,426,356,0,416,368,0,414,367,0,466,338,0,447,367,0,436,377,0,433,377,0,YOU
413,382,0,382,374,0,353,364,0,338,362,0,339,362,0,375,314,0,359,311,0,351,307,0,347,303,0,398,310,0,375,345,0,370,359,0,370,363,0,418,321,0,395,357,0,389,368,0,388,372,0,436,336,0,418,365,0,412,375,0,409,378,0,YOU
392,389,0,360,378,0,331,369,0,314,369,0,311,374,0,345,318,0,332,318,0,322,319,0,315,322,0,370,316,0,342,361,0,328,379,0,322,385,0,393,329,0,363,376,0,350,387,0,342,389,0,412,347,0,387,382,0,375,392,0,366,394,0,YOU
368,383,0,330,379,0,300,372,0,277,370,0,264,376,0,315,312,0,285,321,0,277,329,0,276,334,0,336,309,0,305,348,0,303,362,0,306,362,0,358,321,0,327,361,0,324,372,0,326,372,0,375,339,0,350,370,0,346,378,0,346,378,0,YOU
327,374,0,290,371,0,257,364,0,233,366,0,214,374,0,264,310,0,244,316,0,230,320,0,220,325,0,285,306,0,258,342,0,251,364,0,250,374,0,307,317,0,280,356,0,271,374,0,267,379,0,328,335,0,304,366,0,291,379,0,283,384,0,YOU
300,360,0,266,363,0,234,362,0,211,362,0,196,364,0,237,305,0,221,314,0,215,314,0,212,314,0,258,297,0,243,341,0,245,352,0,248,350,0,281,301,0,267,348,0,269,352,0,271,346,0,303,312,0,291,351,0,291,353,0,293,344,0,YOU
251,341,0,222,343,0,194,340,0,175,339,0,161,344,0,190,288,0,174,292,0,166,294,0,161,295,0,209,276,0,198,308,0,199,325,0,203,330,0,232,278,0,222,315,0,223,327,0,224,328,0,254,287,0,246,317,0,247,325,0,249,324,0,YOU
220,318,0,186,325,0,152,326,0,129,327,0,114,329,0,145,265,0,128,267,0,115,271,0,104,277,0,165,252,0,154,282,0,157,301,0,161,307,0,191,253,0,182,287,0,184,302,0,187,303,0,217,261,0,210,291,0,211,301,0,213,299,0,YOU
204,304,0,169,311,0,132,315,0,105,320,0,94,324,0,122,259,0,109,269,0,96,279,0,86,290,0,143,249,0,133,293,0,136,313,0,138,318,0,170,252,0,160,296,0,161,311,0,160,312,0,197,260,0,188,295,0,186,305,0,184,305,0,YOU
193,295,0,165,312,0,139,326,0,121,336,0,112,344,0,115,262,0,121,302,0,132,313,0,131,305,0,136,249,0,143,297,0,150,307,0,145,298,0,161,245,0,168,292,0,172,301,0,169,292,0,186,246,0,191,285,0,192,293,0,189,286,0,YOU
156,403,0,170,399,0,166,391,0,137,388,0,111,390,0,171,355,0,145,359,0,123,367,0,108,374,0,156,355,0,124,370,0,124,381,0,130,386,0,141,362,0,112,377,0,121,385,0,131,388,0,127,372,0,109,379,0,114,386,0,119,389,0,YOU
142,407,0,167,396,0,187,380,0,171,384,0,148,401,0,149,324,0,157,345,0,165,369,0,166,374,0,119,329,0,129,359,0,143,385,0,146,383,0,95,344,0,106,381,0,123,400,0,128,393,0,78,364,0,88,395,0,105,409,0,112,402,0,YOU
132,365,0,150,354,0,154,336,0,129,327,0,105,322,0,142,294,0,130,283,0,111,272,0,94,264,0,117,301,0,105,303,0,109,319,0,117,330,0,97,316,0,93,327,0,106,340,0,118,345,0,83,335,0,76,341,0,77,345,0,78,343,0,YOU
210,366,0,236,353,0,257,336,0,247,319,0,228,307,0,243,267,0,245,253,0,241,257,0,237,266,0,210,263,0,207,289,0,214,320,0,224,328,0,181,273,0,180,308,0,194,332,0,206,339,0,157,290,0,153,317,0,159,336,0,164,341,0,YOU
226,366,0,250,356,0,271,339,0,267,321,0,252,308,0,254,303,0,264,282,0,269,265,0,273,250,0,232,305,0,236,293,0,244,304,0,249,311,0,212,314,0,215,308,0,224,320,0,229,327,0,195,327,0,180,317,0,174,311,0,169,304,0,YOU
248,358,0,270,350,0,294,334,0,302,315,0,298,301,0,279,283,0,296,271,0,309,258,0,318,246,0,255,276,0,277,285,0,278,314,0,272,319,0,234,280,0,259,297,0,261,320,0,254,323,0,215,293,0,235,307,0,240,323,0,236,326,0,YOU
208,455,0,235,454,0,257,444,0,256,433,0,239,422,0,249,367,0,259,388,0,261,406,0,262,409,0,221,363,0,227,402,0,234,427,0,239,422,0,195,374,0,204,421,0,214,440,0,220,432,0,173,392,0,181,429,0,193,444,0,200,437,0,YOU
280,431,0,335,418,0,371,397,0,398,385,0,417,375,0,359,318,0,373,275,0,391,250,0,402,234,0,334,321,0,387,343,0,389,378,0,377,392,0,312,339,0,362,375,0,364,401,0,356,406,0,295,364,0,336,397,0,344,414,0,343,417,0,FRIEND
284,434,0,337,420,0,372,396,0,395,380,0,408,368,0,359,320,0,372,279,0,389,259,0,401,250,0,334,321,0,383,352,0,382,384,0,372,395,0,311,339,0,360,381,0,360,405,0,353,408,0,292,364,0,333,399,0,339,416,0,337,418,0,FRIEND
259,440,0,315,424,0,349,402,0,371,387,0,384,374,0,336,319,0,355,281,0,371,257,0,381,241,0,308,322,0,356,346,0,359,381,0,353,399,0,284,341,0,332,377,0,339,405,0,338,417,0,265,368,0,305,400,0,321,419,0,328,428,0,FRIEND
449,261,0,465,237,0,451,216,0,417,201,0,387,195,0,460,191,0,440,162,0,418,157,0,403,156,0,437,193,0,400,185,0,391,210,0,393,231,0,418,198,0,384,194,0,382,220,0,388,239,0,403,206,0,379,205,0,375,218,0,376,228,0,FRIEND
231,436,0,281,418,0,313,398,0,332,383,0,341,368,0,297,318,0,311,281,0,321,253,0,326,234,0,267,320,0,308,342,0,315,376,0,312,396,0,242,339,0,283,372,0,296,398,0,298,410,0,222,365,0,258,396,0,276,415,0,286,424,0,FRIEND
426,242,0,437,197,0,417,162,0,382,147,0,347,148,0,387,225,0,354,222,0,342,215,0,334,216,0,368,240,0,346,192,0,370,179,0,388,190,0,356,246,0,340,202,0,364,189,0,381,194,0,349,250,0,336,228,0,343,217,0,349,216,0,FRIEND
204,443,0,250,428,0,280,411,0,296,398,0,296,380,0,258,325,0,276,291,0,286,260,0,292,235,0,225,327,0,269,353,0,275,387,0,271,398,0,199,345,0,245,382,0,256,406,0,256,413,0,180,372,0,219,404,0,238,422,0,247,427,0,FRIEND
399,231,0,404,187,0,383,155,0,346,142,0,315,151,0,351,213,0,321,204,0,319,199,0,321,201,0,334,229,0,314,182,0,340,173,0,361,184,0,325,238,0,307,200,0,330,189,0,346,194,0,320,246,0,298,239,0,290,231,0,283,229,0,FRIEND
175,458,0,214,440,0,241,419,0,254,402,0,248,387,0,217,345,0,226,311,0,234,281,0,239,259,0,185,345,0,222,362,0,233,390,0,232,401,0,160,360,0,202,390,0,214,412,0,214,417,0,141,384,0,179,412,0,196,428,0,202,434,0,FRIEND
370,197,0,354,166,0,323,150,0,294,155,0,272,166,0,290,180,0,266,174,0,285,162,0,304,159,0,289,199,0,273,185,0,299,174,0,320,176,0,291,219,0,276,203,0,300,190,0,321,188,0,295,239,0,271,238,0,270,229,0,274,222,0,FRIEND
165,456,0,201,434,0,228,412,0,239,394,0,230,383,0,198,336,0,210,305,0,214,278,0,215,258,0,165,339,0,202,359,0,214,388,0,215,401,0,140,358,0,182,386,0,197,406,0,202,415,0,122,387,0,162,412,0,184,428,0,197,434,0,FRIEND
351,206,0,339,169,0,308,152,0,277,151,0,254,158,0,281,183,0,258,166,0,277,162,0,298,167,0,277,199,0,260,178,0,283,172,0,304,178,0,275,217,0,259,191,0,283,182,0,303,185,0,276,235,0,259,214,0,276,203,0,293,200,0,FRIEND
312,246,0,311,204,0,283,181,0,243,178,0,212,192,0,251,250,0,219,230,0,226,222,0,242,230,0,236,264,0,202,220,0,230,203,0,256,210,0,226,269,0,200,230,0,228,214,0,249,219,0,222,273,0,204,239,0,224,225,0,241,224,0,FRIEND
274,238,0,255,196,0,221,173,0,177,166,0,146,181,0,184,236,0,143,211,0,166,195,0,190,197,0,176,252,0,137,217,0,170,200,0,194,207,0,171,261,0,133,236,0,160,216,0,185,217,0,169,273,0,130,273,0,131,254,0,142,241,0,FRIEND
254,236,0,237,194,0,199,172,0,155,166,0,126,181,0,156,242,0,118,212,0,148,193,0,172,200,0,151,256,0,116,216,0,150,198,0,172,211,0,147,264,0,114,228,0,145,211,0,167,221,0,144,272,0,112,254,0,126,237,0,143,234,0,FRIEND
208,221,0,193,186,0,153,173,0,114,170,0,91,173,0,122,237,0,85,234,0,83,223,0,94,223,0,116,241,0,82,205,0,110,191,0,136,200,0,113,239,0,84,204,0,115,194,0,137,203,0,115,238,0,92,210,0,113,199,0,131,200,0,FRIEND
298,429,0,358,409,0,392,380,0,415,359,0,425,341,0,361,292,0,372,242,0,393,217,0,410,211,0,336,299,0,399,312,0,405,355,0,396,378,0,317,319,0,380,346,0,383,380,0,374,394,0,304,347,0,355,366,0,365,390,0,362,401,0,FRIEND
449,275,0,444,243,0,418,215,0,385,209,0,361,207,0,391,218,0,357,203,0,359,201,0,371,205,0,385,237,0,359,214,0,374,215,0,390,221,0,382,255,0,361,234,0,379,235,0,393,241,0,381,274,0,366,253,0,380,251,0,390,255,0,FRIEND
318,426,0,377,411,0,411,385,0,438,368,0,455,352,0,385,299,0,394,252,0,409,224,0,421,208,0,361,304,0,425,310,0,429,349,0,419,371,0,344,323,0,407,346,0,410,380,0,401,393,0,334,349,0,385,366,0,391,388,0,385,396,0,FRIEND
344,412,0,304,393,0,277,367,0,258,349,0,246,333,0,322,305,0,287,290,0,264,316,0,257,338,0,339,315,0,292,298,0,267,325,0,260,347,0,349,335,0,295,336,0,267,360,0,255,375,0,350,362,0,303,368,0,277,380,0,263,387,0,FRIEND
269,251,0,275,217,0,302,190,0,335,186,0,361,194,0,326,216,0,350,220,0,360,218,0,363,217,0,338,239,0,350,234,0,330,228,0,306,227,0,343,255,0,349,251,0,329,245,0,309,243,0,346,267,0,350,262,0,337,261,0,324,261,0,FRIEND
351,406,0,312,390,0,286,366,0,269,348,0,261,331,0,332,304,0,322,278,0,321,269,0,329,263,0,351,313,0,305,297,0,279,322,0,272,343,0,360,334,0,306,336,0,280,359,0,271,375,0,363,361,0,316,368,0,292,379,0,279,387,0,FRIEND
208,275,0,202,240,0,214,206,0,234,182,0,257,170,0,238,238,0,278,242,0,301,238,0,316,233,0,248,258,0,285,255,0,302,243,0,309,231,0,256,271,0,288,263,0,300,251,0,302,239,0,263,279,0,288,269,0,297,259,0,299,249,0,FRIEND
404,409,0,358,395,0,328,376,0,306,363,0,284,356,0,345,307,0,342,260,0,329,237,0,312,223,0,373,309,0,334,310,0,310,343,0,298,373,0,394,326,0,353,342,0,334,373,0,323,396,0,409,350,0,374,372,0,356,392,0,345,406,0,FRIEND
374,399,0,324,387,0,292,370,0,266,360,0,242,353,0,310,299,0,303,253,0,290,228,0,273,213,0,337,303,0,292,303,0,268,335,0,258,365,0,357,320,0,312,335,0,294,363,0,286,385,0,371,344,0,334,362,0,318,380,0,312,393,0,FRIEND
360,411,0,307,396,0,269,373,0,241,357,0,215,345,0,296,310,0,287,276,0,280,252,0,273,232,0,318,312,0,268,314,0,241,344,0,228,371,0,336,327,0,286,337,0,258,364,0,243,386,0,351,349,0,322,350,0,302,361,0,286,375,0,FRIEND
169,308,0,167,270,0,179,233,0,200,209,0,222,197,0,204,257,0,246,250,0,264,242,0,274,235,0,217,279,0,257,264,0,265,253,0,264,245,0,227,297,0,264,278,0,265,267,0,260,261,0,234,310,0,263,292,0,263,283,0,257,279,0,FRIEND
338,400,0,288,391,0,250,370,0,222,356,0,196,347,0,275,308,0,268,275,0,260,250,0,252,231,0,294,309,0,241,309,0,216,339,0,206,365,0,313,323,0,260,328,0,234,356,0,221,377,0,328,344,0,300,343,0,280,354,0,263,366,0,FRIEND
156,295,0,151,259,0,165,222,0,190,201,0,213,189,0,183,245,0,219,241,0,238,234,0,251,228,0,194,269,0,231,259,0,247,249,0,254,241,0,202,288,0,237,275,0,249,265,0,253,256,0,210,302,0,237,288,0,247,279,0,250,272,0,FRIEND
306,398,0,248,389,0,207,370,0,176,356,0,148,345,0,225,301,0,217,263,0,207,239,0,197,222,0,247,301,0,194,305,0,166,336,0,154,365,0,266,315,0,214,323,0,186,351,0,173,374,0,281,337,0,245,340,0,221,351,0,205,362,0,FRIEND
332,413,0,275,403,0,244,386,0,219,375,0,196,370,0,261,315,0,251,276,0,237,249,0,228,229,0,282,320,0,224,335,0,227,366,0,244,374,0,297,338,0,241,364,0,247,386,0,263,387,0,306,361,0,264,389,0,266,404,0,277,402,0,FRIEND
150,286,0,154,252,0,174,225,0,198,217,0,215,221,0,172,237,0,211,235,0,228,229,0,236,225,0,177,263,0,229,255,0,236,246,0,229,244,0,184,285,0,232,273,0,228,263,0,214,261,0,192,302,0,231,290,0,227,279,0,214,277,0,FRIEND
328,411,0,271,403,0,240,387,0,215,378,0,193,375,0,256,314,0,247,273,0,231,249,0,217,231,0,279,317,0,221,334,0,223,367,0,240,374,0,295,336,0,238,363,0,243,387,0,258,388,0,306,361,0,263,390,0,262,407,0,272,406,0,FRIEND
150,285,0,152,253,0,170,226,0,191,214,0,209,214,0,170,239,0,207,234,0,223,229,0,231,226,0,176,262,0,225,250,0,231,243,0,224,243,0,184,283,0,230,268,0,224,261,0,210,261,0,192,300,0,229,286,0,224,278,0,211,278,0,FRIEND
296,406,0,237,401,0,202,385,0,175,373,0,147,367,0,217,311,0,205,269,0,191,245,0,180,226,0,236,316,0,175,332,0,179,364,0,196,372,0,250,336,0,191,365,0,200,388,0,217,388,0,258,361,0,215,392,0,220,408,0,232,405,0,FRIEND
293,406,0,234,400,0,199,383,0,171,373,0,146,369,0,215,308,0,204,267,0,187,244,0,174,227,0,236,313,0,176,332,0,177,364,0,192,371,0,251,334,0,192,364,0,198,387,0,213,387,0,260,361,0,216,391,0,218,407,0,230,404,0,FRIEND
295,406,0,235,401,0,202,384,0,175,374,0,147,371,0,216,311,0,199,268,0,181,241,0,168,219,0,238,315,0,175,331,0,176,364,0,191,374,0,251,335,0,192,366,0,198,388,0,214,389,0,257,360,0,214,390,0,215,405,0,227,403,0,FRIEND
103,295,0,118,268,0,142,249,0,166,245,0,185,246,0,129,238,0,152,224,0,164,219,0,170,218,0,121,256,0,177,256,0,189,265,0,190,272,0,120,279,0,177,282,0,175,287,0,162,289,0,123,302,0,170,304,0,168,303,0,156,302,0,FRIEND
271,401,0,211,398,0,174,382,0,146,371,0,120,367,0,186,308,0,172,265,0,156,239,0,144,216,0,207,312,0,144,329,0,142,362,0,155,372,0,222,333,0,161,365,0,164,390,0,178,391,0,231,360,0,185,390,0,184,407,0,193,406,0,FRIEND
92,294,0,108,267,0,131,247,0,152,240,0,164,240,0,114,239,0,154,240,0,163,248,0,161,252,0,109,258,0,161,261,0,164,268,0,158,272,0,108,279,0,159,283,0,154,287,0,142,288,0,111,299,0,154,299,0,153,298,0,145,296,0,FRIEND
257,385,0,197,380,0,160,362,0,130,352,0,100,348,0,174,290,0,159,253,0,147,226,0,138,202,0,193,294,0,130,310,0,135,340,0,154,347,0,207,313,0,147,339,0,157,363,0,174,364,0,215,338,0,171,364,0,176,382,0,190,382,0,FRIEND
82,292,0,85,267,0,100,245,0,120,237,0,138,237,0,96,238,0,122,224,0,134,223,0,135,224,0,99,252,0,141,246,0,142,253,0,131,257,0,103,269,0,143,264,0,141,270,0,131,273,0,109,285,0,141,279,0,139,284,0,129,287,0,FRIEND
262,387,0,198,384,0,162,367,0,136,354,0,107,348,0,179,293,0,166,256,0,153,231,0,145,209,0,200,295,0,138,308,0,140,339,0,157,347,0,214,313,0,154,338,0,159,363,0,175,366,0,221,338,0,175,364,0,176,383,0,188,385,0,FRIEND
143,287,0,149,256,0,147,227,0,143,209,0,138,202,0,98,233,0,126,220,0,138,223,0,139,227,0,99,253,0,139,236,0,145,244,0,139,250,0,106,272,0,145,254,0,149,262,0,142,268,0,116,288,0,148,271,0,151,278,0,144,284,0,FRIEND
539,389,0,513,368,0,493,336,0,493,306,0,510,287,0,514,296,0,507,257,0,500,239,0,495,225,0,536,301,0,528,266,0,518,294,0,516,316,0,557,312,0,546,287,0,533,316,0,529,336,0,579,327,0,570,308,0,552,321,0,542,334,0,FRIEND
368,328,0,362,291,0,372,262,0,388,240,0,406,225,0,434,275,0,474,253,0,494,241,0,509,229,0,443,293,0,450,253,0,432,238,0,417,238,0,440,303,0,442,267,0,423,258,0,407,260,0,436,307,0,437,279,0,423,270,0,410,271,0,FRIEND
519,398,0,489,378,0,466,346,0,460,319,0,475,300,0,506,291,0,495,261,0,481,261,0,472,265,0,527,295,0,501,272,0,485,303,0,485,324,0,545,305,0,513,296,0,497,326,0,495,344,0,559,322,0,528,319,0,511,340,0,506,352,0,FRIEND
352,255,0,353,217,0,377,188,0,407,176,0,433,177,0,411,236,0,447,249,0,470,251,0,487,253,0,422,249,0,453,211,0,433,194,0,415,199,0,427,251,0,448,211,0,429,202,0,416,209,0,429,251,0,441,217,0,427,209,0,416,216,0,FRIEND
473,399,0,442,380,0,422,348,0,417,320,0,429,301,0,459,301,0,469,264,0,458,253,0,448,254,0,478,305,0,468,276,0,447,297,0,439,317,0,495,315,0,475,302,0,455,325,0,448,343,0,511,331,0,487,325,0,469,341,0,461,354,0,FRIEND
336,258,0,337,218,0,364,188,0,396,175,0,422,174,0,394,238,0,437,256,0,458,248,0,469,240,0,404,252,0,433,217,0,417,194,0,399,193,0,407,255,0,428,217,0,412,202,0,398,205,0,409,256,0,422,222,0,410,211,0,398,215,0,FRIEND
463,407,0,436,381,0,420,345,0,419,316,0,434,296,0,468,298,0,459,268,0,443,278,0,435,292,0,488,304,0,470,271,0,446,298,0,441,321,0,504,317,0,474,300,0,450,327,0,446,347,0,515,337,0,484,328,0,461,343,0,454,355,0,FRIEND
360,260,0,362,216,0,387,189,0,419,178,0,446,178,0,416,238,0,455,255,0,477,247,0,488,240,0,426,251,0,458,218,0,442,195,0,424,195,0,429,255,0,452,216,0,435,202,0,422,208,0,431,256,0,443,220,0,432,210,0,423,217,0,FRIEND
503,410,0,475,385,0,459,346,0,456,316,0,472,299,0,504,305,0,509,273,0,501,263,0,496,258,0,524,313,0,510,285,0,485,306,0,476,325,0,540,328,0,521,306,0,495,327,0,486,346,0,553,347,0,532,330,0,507,342,0,495,355,0,FRIEND
387,257,0,388,214,0,416,186,0,448,177,0,476,177,0,441,233,0,481,252,0,505,253,0,523,253,0,453,249,0,487,220,0,473,198,0,456,197,0,458,255,0,484,220,0,467,204,0,453,207,0,461,256,0,477,225,0,465,214,0,452,221,0,FRIEND
524,416,0,496,386,0,479,346,0,481,313,0,502,299,0,528,302,0,539,266,0,531,251,0,521,247,0,550,312,0,543,280,0,521,298,0,508,319,0,568,327,0,547,310,0,523,331,0,509,350,0,581,348,0,558,336,0,536,348,0,522,360,0,FRIEND
402,256,0,408,213,0,438,187,0,470,179,0,496,182,0,465,234,0,501,250,0,527,256,0,546,259,0,475,252,0,504,221,0,492,201,0,478,199,0,480,258,0,501,222,0,486,206,0,473,207,0,480,258,0,494,228,0,486,217,0,475,219,0,FRIEND
552,415,0,527,385,0,514,345,0,518,316,0,539,301,0,558,300,0,566,262,0,558,247,0,552,238,0,579,312,0,574,280,0,547,306,0,538,327,0,597,330,0,583,310,0,555,335,0,547,352,0,612,354,0,596,337,0,570,349,0,558,360,0,FRIEND
425,251,0,431,211,0,464,187,0,497,179,0,522,181,0,491,235,0,535,256,0,559,251,0,573,242,0,500,250,0,535,216,0,521,193,0,504,190,0,503,255,0,530,217,0,514,203,0,500,206,0,502,256,0,520,224,0,510,214,0,498,216,0,FRIEND
580,419,0,555,387,0,543,346,0,549,316,0,573,301,0,587,310,0,597,272,0,596,252,0,594,238,0,607,320,0,607,285,0,583,305,0,571,326,0,624,336,0,616,312,0,588,333,0,575,352,0,637,358,0,626,339,0,601,351,0,585,364,0,FRIEND
446,251,0,454,209,0,486,186,0,519,178,0,544,178,0,514,233,0,554,250,0,579,250,0,597,248,0,522,250,0,552,219,0,539,198,0,522,197,0,525,257,0,550,222,0,536,208,0,522,209,0,526,259,0,543,229,0,534,219,0,522,221,0,FRIEND
565,417,0,541,391,0,528,349,0,533,318,0,555,304,0,570,309,0,576,273,0,570,258,0,566,250,0,593,321,0,588,286,0,562,312,0,552,335,0,612,338,0,601,315,0,572,340,0,561,359,0,630,361,0,615,340,0,587,354,0,572,368,0,FRIEND
431,252,0,439,210,0,472,185,0,506,176,0,533,175,0,498,232,0,538,249,0,564,253,0,584,254,0,508,249,0,545,218,0,536,194,0,522,188,0,513,254,0,542,218,0,528,201,0,512,201,0,514,255,0,533,223,0,524,211,0,511,212,0,FRIEND
557,425,0,531,394,0,516,353,0,522,324,0,543,310,0,564,306,0,574,269,0,567,258,0,558,253,0,587,318,0,577,289,0,551,315,0,541,336,0,605,336,0,586,322,0,560,346,0,549,363,0,620,359,0,601,347,0,576,360,0,562,370,0,FRIEND
423,254,0,431,213,0,465,189,0,501,180,0,528,181,0,494,237,0,538,257,0,563,258,0,579,255,0,500,255,0,531,221,0,520,199,0,505,195,0,500,260,0,526,224,0,513,209,0,498,209,0,499,261,0,516,229,0,506,217,0,494,219,0,FRIEND
544,426,0,514,397,0,495,356,0,498,324,0,521,311,0,544,307,0,551,272,0,543,257,0,534,249,0,568,317,0,555,290,0,532,316,0,524,337,0,586,334,0,562,321,0,538,347,0,530,365,0,600,356,0,576,347,0,552,361,0,540,371,0,FRIEND
408,256,0,415,214,0,447,187,0,482,179,0,509,181,0,475,239,0,515,256,0,540,259,0,559,261,0,483,256,0,512,220,0,500,200,0,485,199,0,484,261,0,508,222,0,494,209,0,481,211,0,484,261,0,498,227,0,487,217,0,476,222,0,FRIEND
528,428,0,498,399,0,478,359,0,478,325,0,498,309,0,530,315,0,543,277,0,536,260,0,526,254,0,551,324,0,536,296,0,509,318,0,498,337,0,568,339,0,546,319,0,519,341,0,508,359,0,582,358,0,556,344,0,532,356,0,520,367,0,FRIEND
396,255,0,401,214,0,431,186,0,466,175,0,494,176,0,460,235,0,501,255,0,525,255,0,542,252,0,468,253,0,500,217,0,486,196,0,468,196,0,469,259,0,495,220,0,480,206,0,466,209,0,470,261,0,487,227,0,477,216,0,465,220,0,FRIEND
519,428,0,485,398,0,464,359,0,462,326,0,480,307,0,505,316,0,506,276,0,493,268,0,485,268,0,527,323,0,513,290,0,490,314,0,485,332,0,546,335,0,524,315,0,499,339,0,492,358,0,563,353,0,538,342,0,514,354,0,502,366,0,FRIEND
385,256,0,389,214,0,417,186,0,453,175,0,481,176,0,448,240,0,490,254,0,513,250,0,526,246,0,459,254,0,494,215,0,474,195,0,455,200,0,461,259,0,488,215,0,469,203,0,455,211,0,463,259,0,480,223,0,466,213,0,454,221,0,FRIEND
498,424,0,467,396,0,446,356,0,442,325,0,459,306,0,494,304,0,499,265,0,487,253,0,479,250,0,516,312,0,498,280,0,473,305,0,468,325,0,534,327,0,503,313,0,479,340,0,476,357,0,547,347,0,515,340,0,492,356,0,484,368,0,FRIEND
369,257,0,373,212,0,402,185,0,437,174,0,465,175,0,431,238,0,474,249,0,492,244,0,500,241,0,440,253,0,474,213,0,456,195,0,437,200,0,441,259,0,467,215,0,449,204,0,436,211,0,442,259,0,458,222,0,444,213,0,433,220,0,FRIEND
486,423,0,455,394,0,435,357,0,430,327,0,446,308,0,485,304,0,491,263,0,478,252,0,469,252,0,507,312,0,484,280,0,460,306,0,455,328,0,524,327,0,489,314,0,467,339,0,464,358,0,536,347,0,504,340,0,481,355,0,471,367,0,FRIEND
364,259,0,366,215,0,393,188,0,427,176,0,455,176,0,423,239,0,463,255,0,484,249,0,493,245,0,432,253,0,467,214,0,449,191,0,428,192,0,434,256,0,459,213,0,440,199,0,426,206,0,435,256,0,449,219,0,436,208,0,425,215,0,FRIEND
482,422,0,448,394,0,427,356,0,423,326,0,438,307,0,478,302,0,481,260,0,470,244,0,461,239,0,501,309,0,474,280,0,452,309,0,450,332,0,519,324,0,480,313,0,461,341,0,460,359,0,531,345,0,496,340,0,474,356,0,466,367,0,FRIEND
357,259,0,359,215,0,386,187,0,421,175,0,449,174,0,417,240,0,455,253,0,475,250,0,485,247,0,426,254,0,458,214,0,441,192,0,422,192,0,426,258,0,450,215,0,432,201,0,418,206,0,426,259,0,440,221,0,428,211,0,416,217,0,FRIEND
462,421,0,430,391,0,409,355,0,402,326,0,419,311,0,465,304,0,457,270,0,442,272,0,434,280,0,487,312,0,454,286,0,435,313,0,434,334,0,502,326,0,460,317,0,443,341,0,442,359,0,512,345,0,474,342,0,454,356,0,445,368,0,FRIEND
346,259,0,347,216,0,373,188,0,406,177,0,433,174,0,403,240,0,439,257,0,456,252,0,463,247,0,411,254,0,440,218,0,425,195,0,406,192,0,412,258,0,434,218,0,417,203,0,403,206,0,413,258,0,427,223,0,415,212,0,404,218,0,FRIEND
458,424,0,426,393,0,404,358,0,395,330,0,411,314,0,458,304,0,442,274,0,423,282,0,415,295,0,480,310,0,444,285,0,425,314,0,426,335,0,496,325,0,451,318,0,434,343,0,435,359,0,506,345,0,467,344,0,447,358,0,439,368,0,FRIEND
341,263,0,339,220,0,364,190,0,397,177,0,424,175,0,396,241,0,433,251,0,452,250,0,461,251,0,405,254,0,430,215,0,414,196,0,397,199,0,408,258,0,426,215,0,408,203,0,396,210,0,410,258,0,420,220,0,406,212,0,396,220,0,FRIEND
448,420,0,413,391,0,392,358,0,384,331,0,392,312,0,444,305,0,438,270,0,420,262,0,407,264,0,463,310,0,430,285,0,410,309,0,410,328,0,477,324,0,433,317,0,416,340,0,418,355,0,485,343,0,445,344,0,427,359,0,423,369,0,FRIEND
335,261,0,332,218,0,353,191,0,385,178,0,412,174,0,385,233,0,409,215,0,402,208,0,392,214,0,396,246,0,416,205,0,399,194,0,384,203,0,401,251,0,416,209,0,399,201,0,388,210,0,405,252,0,413,217,0,400,212,0,391,222,0,FRIEND
421,415,0,389,388,0,370,358,0,363,333,0,374,315,0,427,299,0,406,275,0,389,285,0,383,296,0,447,306,0,408,291,0,388,315,0,387,330,0,460,322,0,412,321,0,392,344,0,391,357,0,466,344,0,424,349,0,405,361,0,399,370,0,FRIEND
320,259,0,318,221,0,339,193,0,370,180,0,394,178,0,354,226,0,377,217,0,380,210,0,379,210,0,365,243,0,390,219,0,385,209,0,377,212,0,373,254,0,397,231,0,393,223,0,386,225,0,381,260,0,399,240,0,397,234,0,393,237,0,FRIEND
410,406,0,377,382,0,358,353,0,352,329,0,357,309,0,410,295,0,408,262,0,397,246,0,388,241,0,430,300,0,395,276,0,372,298,0,369,316,0,442,314,0,396,311,0,377,334,0,377,347,0,448,336,0,406,340,0,387,354,0,383,362,0,FRIEND
313,254,0,308,219,0,328,192,0,358,179,0,382,175,0,343,209,0,359,191,0,353,187,0,345,191,0,356,224,0,366,198,0,353,196,0,343,206,0,365,236,0,374,211,0,360,209,0,351,218,0,373,245,0,378,224,0,368,223,0,362,230,0,FRIEND
398,401,0,361,375,0,343,348,0,335,327,0,336,305,0,394,291,0,394,255,0,379,247,0,367,251,0,414,297,0,376,280,0,354,304,0,351,321,0,426,312,0,378,311,0,360,334,0,359,349,0,431,333,0,389,339,0,372,353,0,368,362,0,FRIEND
295,257,0,290,225,0,309,197,0,339,180,0,364,178,0,312,214,0,339,194,0,341,187,0,342,186,0,328,229,0,356,202,0,346,199,0,336,208,0,342,242,0,364,215,0,353,213,0,344,221,0,354,253,0,370,230,0,361,228,0,355,234,0,FRIEND
383,404,0,347,380,0,328,353,0,319,331,0,318,308,0,373,294,0,376,261,0,367,247,0,358,245,0,393,299,0,355,283,0,335,307,0,333,323,0,405,314,0,357,316,0,342,340,0,343,353,0,412,336,0,369,343,0,353,358,0,350,367,0,FRIEND
284,259,0,277,231,0,290,205,0,315,192,0,337,192,0,296,212,0,324,191,0,343,179,0,357,173,0,310,225,0,338,205,0,334,205,0,325,211,0,323,238,0,345,219,0,338,219,0,330,224,0,333,248,0,350,232,0,345,231,0,338,235,0,FRIEND
369,402,0,334,379,0,314,353,0,304,331,0,301,309,0,358,291,0,365,257,0,352,243,0,340,243,0,379,298,0,338,289,0,319,316,0,320,331,0,392,315,0,341,320,0,326,344,0,327,355,0,398,338,0,354,346,0,337,360,0,334,368,0,FRIEND
273,260,0,264,231,0,277,205,0,300,192,0,322,193,0,284,210,0,308,190,0,329,179,0,344,173,0,301,223,0,325,203,0,324,203,0,317,208,0,314,236,0,337,219,0,333,217,0,325,221,0,325,249,0,347,236,0,349,233,0,345,235,0,FRIEND
362,410,0,319,384,0,297,358,0,283,337,0,273,317,0,338,296,0,337,264,0,331,250,0,328,244,0,357,301,0,312,294,0,295,320,0,296,338,0,369,318,0,317,324,0,305,347,0,307,361,0,375,340,0,330,353,0,315,366,0,311,374,0,FRIEND
341,407,0,298,383,0,275,356,0,262,334,0,257,311,0,321,293,0,325,256,0,314,245,0,306,244,0,340,300,0,290,294,0,272,320,0,277,335,0,349,317,0,294,323,0,281,346,0,287,357,0,351,340,0,306,347,0,292,362,0,291,370,0,FRIEND
339,409,0,295,384,0,272,357,0,258,335,0,252,313,0,316,292,0,321,256,0,308,242,0,297,237,0,335,298,0,283,295,0,266,322,0,270,338,0,345,316,0,289,324,0,277,347,0,283,358,0,348,340,0,303,348,0,286,362,0,282,369,0,FRIEND
333,410,0,290,385,0,267,358,0,254,336,0,247,312,0,312,294,0,314,258,0,305,243,0,299,238,0,331,301,0,280,293,0,262,320,0,267,337,0,340,318,0,284,324,0,272,348,0,279,359,0,343,339,0,296,347,0,281,362,0,280,370,0,FRIEND
321,406,0,278,381,0,257,355,0,243,335,0,235,312,0,298,289,0,307,247,0,290,241,0,276,249,0,318,297,0,268,291,0,250,320,0,257,337,0,327,316,0,271,322,0,259,347,0,266,359,0,330,339,0,284,348,0,268,362,0,267,370,0,FRIEND
313,407,0,267,381,0,244,356,0,229,336,0,219,312,0,284,290,0,291,249,0,277,242,0,267,246,0,303,297,0,253,292,0,238,322,0,245,339,0,313,315,0,257,323,0,245,348,0,253,359,0,315,338,0,270,348,0,258,364,0,262,371,0,FRIEND
368,475,0,322,452,0,294,431,0,273,416,0,258,410,0,326,365,0,289,359,0,277,388,0,280,409,0,344,373,0,290,371,0,280,404,0,288,421,0,357,391,0,300,409,0,296,435,0,307,441,0,363,414,0,315,435,0,310,452,0,317,453,0,FRIEND
211,318,0,208,276,0,229,248,0,260,237,0,284,232,0,232,286,0,262,297,0,284,298,0,300,298,0,243,307,0,273,300,0,285,286,0,288,277,0,251,319,0,279,305,0,284,291,0,281,284,0,260,327,0,283,310,0,287,297,0,284,291,0,FRIEND
354,457,0,319,443,0,293,426,0,272,415,0,256,410,0,322,362,0,277,366,0,276,397,0,287,407,0,339,371,0,283,378,0,282,408,0,292,417,0,351,391,0,296,414,0,295,436,0,306,439,0,357,416,0,312,437,0,311,450,0,319,451,0,FRIEND
212,318,0,204,276,0,223,247,0,254,237,0,279,233,0,235,287,0,265,296,0,284,294,0,297,291,0,248,305,0,273,288,0,272,270,0,261,263,0,256,315,0,281,295,0,275,279,0,266,273,0,265,321,0,286,299,0,284,284,0,278,277,0,FRIEND
349,458,0,314,444,0,288,427,0,268,415,0,254,408,0,320,361,0,277,364,0,274,396,0,284,409,0,338,370,0,281,377,0,278,409,0,287,420,0,349,390,0,292,412,0,290,437,0,300,442,0,355,414,0,309,435,0,307,449,0,315,450,0,FRIEND
206,318,0,198,278,0,217,248,0,248,236,0,273,233,0,232,285,0,263,294,0,282,292,0,296,291,0,244,302,0,271,286,0,276,269,0,275,261,0,251,313,0,277,293,0,275,278,0,270,273,0,258,321,0,279,300,0,279,287,0,275,283,0,FRIEND
361,458,0,319,443,0,291,423,0,270,410,0,258,401,0,322,357,0,277,356,0,272,385,0,281,397,0,338,366,0,280,368,0,276,397,0,287,408,0,347,385,0,291,407,0,291,431,0,302,434,0,352,408,0,306,430,0,305,447,0,313,448,0,FRIEND
204,311,0,200,268,0,221,237,0,253,226,0,277,223,0,235,280,0,268,289,0,283,286,0,292,283,0,247,296,0,273,270,0,263,253,0,249,252,0,253,305,0,276,275,0,263,260,0,250,261,0,260,310,0,278,282,0,269,269,0,259,271,0,FRIEND
354,464,0,314,447,0,284,426,0,261,413,0,252,407,0,316,362,0,271,363,0,267,392,0,278,402,0,332,373,0,274,381,0,275,410,0,289,414,0,341,392,0,286,416,0,290,437,0,304,435,0,346,416,0,299,437,0,300,451,0,310,451,0,FRIEND
204,314,0,196,275,0,215,245,0,248,234,0,270,235,0,217,276,0,245,284,0,264,286,0,277,288,0,228,297,0,258,292,0,269,285,0,273,282,0,237,311,0,267,302,0,274,293,0,273,287,0,247,321,0,272,307,0,275,298,0,271,294,0,FRIEND
350,463,0,311,444,0,278,423,0,251,413,0,243,415,0,307,365,0,259,366,0,259,394,0,271,402,0,322,378,0,261,388,0,266,413,0,281,416,0,331,399,0,273,424,0,281,442,0,296,438,0,335,424,0,287,446,0,292,458,0,305,456,0,FRIEND
356,472,0,309,452,0,278,432,0,254,419,0,232,411,0,302,367,0,296,329,0,286,303,0,280,282,0,321,373,0,266,373,0,252,403,0,254,422,0,331,392,0,275,417,0,275,440,0,285,447,0,337,416,0,290,442,0,288,458,0,296,459,0,FRIEND
200,331,0,202,290,0,230,264,0,266,258,0,294,262,0,220,294,0,266,293,0,275,277,0,273,268,0,228,319,0,280,297,0,279,278,0,266,273,0,239,336,0,285,310,0,281,292,0,270,288,0,249,347,0,281,324,0,278,310,0,268,305,0,FRIEND
354,470,0,306,451,0,275,430,0,250,418,0,226,410,0,297,366,0,293,324,0,283,299,0,276,279,0,315,372,0,263,370,0,246,401,0,246,421,0,326,392,0,270,416,0,268,439,0,278,446,0,331,416,0,285,442,0,282,458,0,291,459,0,FRIEND
197,330,0,200,290,0,225,264,0,260,256,0,285,261,0,217,291,0,253,290,0,265,281,0,269,277,0,227,316,0,274,297,0,279,281,0,272,273,0,239,333,0,282,308,0,282,292,0,272,287,0,250,344,0,279,321,0,277,307,0,269,303,0,FRIEND
346,480,0,298,459,0,266,436,0,240,424,0,214,414,0,293,373,0,288,329,0,276,303,0,267,285,0,310,379,0,254,375,0,238,405,0,241,425,0,319,398,0,260,423,0,262,445,0,274,449,0,322,421,0,274,447,0,274,463,0,285,463,0,FRIEND
343,477,0,290,458,0,256,437,0,228,424,0,202,416,0,285,374,0,274,337,0,260,315,0,253,298,0,300,381,0,245,377,0,229,408,0,233,427,0,309,400,0,251,424,0,252,446,0,264,451,0,313,424,0,266,450,0,267,466,0,279,465,0,FRIEND
342,483,0,296,460,0,262,440,0,234,433,0,208,428,0,286,379,0,280,336,0,270,309,0,262,287,0,304,386,0,247,387,0,232,418,0,235,440,0,314,406,0,258,433,0,260,454,0,272,459,0,320,430,0,274,457,0,274,472,0,284,472,0,FRIEND
189,346,0,187,312,0,208,283,0,235,279,0,254,290,0,206,313,0,244,311,0,261,302,0,270,294,0,217,337,0,259,320,0,259,308,0,247,304,0,228,353,0,265,327,0,259,317,0,245,317,0,239,362,0,266,336,0,258,326,0,246,327,0,FRIEND
344,481,0,296,461,0,263,443,0,235,434,0,208,428,0,288,379,0,281,335,0,270,309,0,261,288,0,305,386,0,250,385,0,233,417,0,234,440,0,316,406,0,260,433,0,260,455,0,270,461,0,321,430,0,275,457,0,275,473,0,286,474,0,FRIEND
190,345,0,188,309,0,210,280,0,241,273,0,264,278,0,203,307,0,241,310,0,261,307,0,271,306,0,213,334,0,262,316,0,263,305,0,249,302,0,226,352,0,267,327,0,260,318,0,244,318,0,238,362,0,267,337,0,259,329,0,245,331,0,FRIEND
342,483,0,293,464,0,259,445,0,231,435,0,204,428,0,282,380,0,277,338,0,267,312,0,260,291,0,301,386,0,245,388,0,229,418,0,229,439,0,313,405,0,257,436,0,259,456,0,271,460,0,319,429,0,272,458,0,272,473,0,282,472,0,FRIEND
338,482,0,288,462,0,255,443,0,228,434,0,201,429,0,278,380,0,272,339,0,264,312,0,258,292,0,296,386,0,242,386,0,224,414,0,223,435,0,307,405,0,252,433,0,257,453,0,270,456,0,313,428,0,268,456,0,271,471,0,283,470,0,FRIEND
336,477,0,286,459,0,253,440,0,226,433,0,199,427,0,277,376,0,270,334,0,261,308,0,253,288,0,295,383,0,239,384,0,221,412,0,221,432,0,305,403,0,249,431,0,251,451,0,264,454,0,311,427,0,265,454,0,267,468,0,278,467,0,FRIEND
172,347,0,199,355,0,232,354,0,253,344,0,257,330,0,225,347,0,256,329,0,267,314,0,267,303,0,213,335,0,246,327,0,263,317,0,266,308,0,202,325,0,234,319,0,248,315,0,252,309,0,191,315,0,218,309,0,230,310,0,234,310,0,FRIEND
338,476,0,284,459,0,248,439,0,219,430,0,191,425,0,270,375,0,263,331,0,251,304,0,242,284,0,289,382,0,230,382,0,214,412,0,215,432,0,300,401,0,242,429,0,243,449,0,256,452,0,306,425,0,259,452,0,260,466,0,272,465,0,FRIEND
330,430,0,279,405,0,253,380,0,236,362,0,225,347,0,296,314,0,261,300,0,241,321,0,233,342,0,314,322,0,264,317,0,244,346,0,241,369,0,326,340,0,273,348,0,254,374,0,251,391,0,330,364,0,286,375,0,270,391,0,266,401,0,FRIEND
226,274,0,225,238,0,242,217,0,267,220,0,285,232,0,252,217,0,285,206,0,307,201,0,324,198,0,264,238,0,302,232,0,308,230,0,302,230,0,273,258,0,306,247,0,307,242,0,297,240,0,280,274,0,302,258,0,300,250,0,291,246,0,FRIEND
320,427,0,270,405,0,243,381,0,226,364,0,217,349,0,286,314,0,252,300,0,231,323,0,228,344,0,305,322,0,254,315,0,235,344,0,236,360,0,316,339,0,261,350,0,248,375,0,252,385,0,320,363,0,275,376,0,261,391,0,260,398,0,FRIEND
235,263,0,227,234,0,240,214,0,264,214,0,284,223,0,261,213,0,286,203,0,304,198,0,318,195,0,278,226,0,295,222,0,288,228,0,279,233,0,289,241,0,297,240,0,288,243,0,277,244,0,296,256,0,300,252,0,294,253,0,285,254,0,FRIEND
319,424,0,268,403,0,240,379,0,221,362,0,205,346,0,280,314,0,242,297,0,221,320,0,219,341,0,296,321,0,241,316,0,226,346,0,232,364,0,305,338,0,247,350,0,239,374,0,247,385,0,307,361,0,260,375,0,250,390,0,253,397,0,FRIEND
301,415,0,254,396,0,228,373,0,211,356,0,199,340,0,267,308,0,228,301,0,212,329,0,214,351,0,284,316,0,228,315,0,215,346,0,221,362,0,293,334,0,236,348,0,229,373,0,238,383,0,296,357,0,249,370,0,238,387,0,239,394,0,FRIEND
220,266,0,212,229,0,232,203,0,261,198,0,283,204,0,252,221,0,270,209,0,286,201,0,298,195,0,270,235,0,278,225,0,270,224,0,261,229,0,281,247,0,280,237,0,270,236,0,262,239,0,287,255,0,284,244,0,275,243,0,268,246,0,FRIEND
297,411,0,245,392,0,220,369,0,201,352,0,184,337,0,257,305,0,230,284,0,219,300,0,223,316,0,274,312,0,218,310,0,206,341,0,214,358,0,283,329,0,224,343,0,217,369,0,225,381,0,286,352,0,239,366,0,230,383,0,233,391,0,FRIEND
223,262,0,212,231,0,221,207,0,244,201,0,263,207,0,249,208,0,268,199,0,280,194,0,290,190,0,264,220,0,271,217,0,261,222,0,252,228,0,272,235,0,273,231,0,264,236,0,257,240,0,277,250,0,275,245,0,269,247,0,263,250,0,FRIEND
286,408,0,239,391,0,214,370,0,195,354,0,181,339,0,252,304,0,220,292,0,209,314,0,213,333,0,269,311,0,212,309,0,201,341,0,208,358,0,278,329,0,220,344,0,215,371,0,225,383,0,282,352,0,234,365,0,223,383,0,224,391,0,FRIEND
207,261,0,200,228,0,214,206,0,240,210,0,261,222,0,239,206,0,262,197,0,275,194,0,286,191,0,255,220,0,269,217,0,261,223,0,252,228,0,265,236,0,272,233,0,263,238,0,254,240,0,270,252,0,274,248,0,267,251,0,259,252,0,FRIEND
293,411,0,239,394,0,213,371,0,194,353,0,181,337,0,252,308,0,232,282,0,225,287,0,231,294,0,269,314,0,214,305,0,200,337,0,206,356,0,278,331,0,221,342,0,213,369,0,222,380,0,281,353,0,236,365,0,225,383,0,227,391,0,FRIEND
198,271,0,194,240,0,208,218,0,233,216,0,253,224,0,218,211,0,250,197,0,272,195,0,289,194,0,231,224,0,270,216,0,268,227,0,257,234,0,242,239,0,274,234,0,270,242,0,258,245,0,251,254,0,274,250,0,270,254,0,259,255,0,FRIEND
296,412,0,243,394,0,214,371,0,194,354,0,182,341,0,254,305,0,215,297,0,201,326,0,205,348,0,269,313,0,213,310,0,203,343,0,210,360,0,278,330,0,221,343,0,215,370,0,225,381,0,281,353,0,234,364,0,224,382,0,225,391,0,FRIEND
200,270,0,195,238,0,208,215,0,233,211,0,252,217,0,222,208,0,253,196,0,275,195,0,290,195,0,235,222,0,271,217,0,267,228,0,254,233,0,245,239,0,274,235,0,268,242,0,257,245,0,252,255,0,273,251,0,268,255,0,258,256,0,FRIEND
293,413,0,240,393,0,214,371,0,196,355,0,181,339,0,252,306,0,249,273,0,245,252,0,245,234,0,268,313,0,213,305,0,198,338,0,204,358,0,276,331,0,219,339,0,210,366,0,218,380,0,279,353,0,234,363,0,222,380,0,223,389,0,FRIEND
198,272,0,198,243,0,213,220,0,236,216,0,256,222,0,222,209,0,250,197,0,271,195,0,286,195,0,232,220,0,270,216,0,266,228,0,254,234,0,241,236,0,273,235,0,267,243,0,256,245,0,248,254,0,272,252,0,268,256,0,257,255,0,FRIEND
285,409,0,233,392,0,207,369,0,188,353,0,171,337,0,246,304,0,208,295,0,194,322,0,197,344,0,261,311,0,207,307,0,194,338,0,200,356,0,270,328,0,213,340,0,207,365,0,214,376,0,272,351,0,227,363,0,215,379,0,215,387,0,FRIEND
199,268,0,194,237,0,205,213,0,228,209,0,247,215,0,222,209,0,250,198,0,269,196,0,284,196,0,236,223,0,266,216,0,258,225,0,244,231,0,248,238,0,271,233,0,262,240,0,250,243,0,256,253,0,274,251,0,266,254,0,255,255,0,FRIEND
283,406,0,232,390,0,206,366,0,186,351,0,169,335,0,245,302,0,199,296,0,186,326,0,190,346,0,260,309,0,202,306,0,190,337,0,195,356,0,268,327,0,208,339,0,201,364,0,208,375,0,268,351,0,221,361,0,209,376,0,210,383,0,FRIEND
202,263,0,194,237,0,202,217,0,222,220,0,239,229,0,230,203,0,254,196,0,270,194,0,284,193,0,247,216,0,263,218,0,252,228,0,240,231,0,257,231,0,270,234,0,259,242,0,248,243,0,263,246,0,272,251,0,262,256,0,252,257,0,FRIEND
282,408,0,231,391,0,206,368,0,186,352,0,168,335,0,244,302,0,198,297,0,185,327,0,189,348,0,260,310,0,201,309,0,189,340,0,195,359,0,268,328,0,208,340,0,202,365,0,209,378,0,268,351,0,222,360,0,208,375,0,206,383,0,FRIEND
200,265,0,193,238,0,204,218,0,225,220,0,242,228,0,224,207,0,250,195,0,268,195,0,283,194,0,239,218,0,262,216,0,254,228,0,242,232,0,251,232,0,268,235,0,259,243,0,247,245,0,258,246,0,270,252,0,262,257,0,252,258,0,FRIEND
283,407,0,231,390,0,205,366,0,185,350,0,166,336,0,244,302,0,196,298,0,184,328,0,189,348,0,259,310,0,199,307,0,187,339,0,192,358,0,265,328,0,205,338,0,196,363,0,203,375,0,264,351,0,217,362,0,206,376,0,206,383,0,FRIEND
200,261,0,193,233,0,205,213,0,226,215,0,242,223,0,226,205,0,253,195,0,270,195,0,284,196,0,242,216,0,262,219,0,253,228,0,240,232,0,253,231,0,265,236,0,256,242,0,246,244,0,259,246,0,267,252,0,260,256,0,250,256,0,FRIEND
276,401,0,226,386,0,201,363,0,183,348,0,164,335,0,238,300,0,232,272,0,231,250,0,233,231,0,254,307,0,196,304,0,183,335,0,189,354,0,262,326,0,201,337,0,194,361,0,202,374,0,263,350,0,215,360,0,203,374,0,204,381,0,FRIEND
266,399,0,212,384,0,184,362,0,164,346,0,145,332,0,219,295,0,208,263,0,204,245,0,205,227,0,234,303,0,176,296,0,166,324,0,174,338,0,240,321,0,180,333,0,176,356,0,186,363,0,239,344,0,192,354,0,184,369,0,188,375,0,FRIEND
266,404,0,214,386,0,186,363,0,163,349,0,147,335,0,220,298,0,217,265,0,213,244,0,210,226,0,235,306,0,176,301,0,164,331,0,170,349,0,241,325,0,182,335,0,175,360,0,183,371,0,241,350,0,195,360,0,185,375,0,187,382,0,FRIEND
267,404,0,214,386,0,186,364,0,164,349,0,147,335,0,221,298,0,216,266,0,211,244,0,207,226,0,235,306,0,177,301,0,165,330,0,172,345,0,241,325,0,182,335,0,176,359,0,183,369,0,241,350,0,196,360,0,186,375,0,189,381,0,FRIEND
271,407,0,217,388,0,189,365,0,166,351,0,148,338,0,221,301,0,212,270,0,207,250,0,205,231,0,236,308,0,178,303,0,167,332,0,174,348,0,242,327,0,183,337,0,178,362,0,186,372,0,242,351,0,197,363,0,188,377,0,191,383,0,FRIEND
274,403,0,224,381,0,198,356,0,179,341,0,160,329,0,234,294,0,236,253,0,227,227,0,220,208,0,251,301,0,198,292,0,177,318,0,174,339,0,260,321,0,204,328,0,192,352,0,195,367,0,263,344,0,216,354,0,201,368,0,197,376,0,FRIEND
277,401,0,232,376,0,207,352,0,186,337,0,167,322,0,240,288,0,245,247,0,242,220,0,237,199,0,259,296,0,206,285,0,183,313,0,177,336,0,268,316,0,211,325,0,201,351,0,206,366,0,272,341,0,226,351,0,215,366,0,217,373,0,FRIEND
282,412,0,229,390,0,200,365,0,174,349,0,149,337,0,233,305,0,231,274,0,226,254,0,219,240,0,251,313,0,198,307,0,171,332,0,156,356,0,261,332,0,204,341,0,178,366,0,163,386,0,265,357,0,221,364,0,201,377,0,188,387,0,FRIEND
294,408,0,240,391,0,210,366,0,188,351,0,164,340,0,247,304,0,205,296,0,189,326,0,191,348,0,263,310,0,204,306,0,191,340,0,196,360,0,272,327,0,213,341,0,207,368,0,217,379,0,273,350,0,227,364,0,221,382,0,228,389,0,FRIEND
296,408,0,246,383,0,217,358,0,195,341,0,174,328,0,256,298,0,260,253,0,253,225,0,246,202,0,272,305,0,220,292,0,201,322,0,201,347,0,278,324,0,222,333,0,217,360,0,226,376,0,279,347,0,235,357,0,229,375,0,237,384,0,FRIEND
191,237,0,193,205,0,211,181,0,236,171,0,256,167,0,229,199,0,246,190,0,242,188,0,234,190,0,237,213,0,253,202,0,245,197,0,233,200,0,240,227,0,257,218,0,249,211,0,237,212,0,242,242,0,252,233,0,246,226,0,237,224,0,FRIEND
295,406,0,238,385,0,208,361,0,188,342,0,183,328,0,249,300,0,251,259,0,245,238,0,242,221,0,265,306,0,218,293,0,200,322,0,202,343,0,273,324,0,219,330,0,210,356,0,218,370,0,276,346,0,233,358,0,225,375,0,231,383,0,FRIEND
293,408,0,237,387,0,207,362,0,187,345,0,175,335,0,247,301,0,245,261,0,240,235,0,238,213,0,262,308,0,212,295,0,194,324,0,197,344,0,270,326,0,214,334,0,206,358,0,214,370,0,271,349,0,228,361,0,222,376,0,230,381,0,FRIEND
288,407,0,236,386,0,208,361,0,187,345,0,172,334,0,243,301,0,245,257,0,239,228,0,233,204,0,259,308,0,207,297,0,189,326,0,188,348,0,266,328,0,209,338,0,202,363,0,210,376,0,267,351,0,222,363,0,214,380,0,219,386,0,FRIEND
184,236,0,180,205,0,197,180,0,223,171,0,244,168,0,209,194,0,226,185,0,239,178,0,248,175,0,219,209,0,235,198,0,244,190,0,247,188,0,225,225,0,240,213,0,239,208,0,232,208,0,229,242,0,238,229,0,234,222,0,226,220,0,FRIEND
292,411,0,236,391,0,205,367,0,183,350,0,166,339,0,240,304,0,242,260,0,235,234,0,229,212,0,256,311,0,202,299,0,184,328,0,186,349,0,262,330,0,205,339,0,198,363,0,206,376,0,262,354,0,219,365,0,213,380,0,220,386,0,FRIEND
291,409,0,238,389,0,208,364,0,185,347,0,166,336,0,240,302,0,241,258,0,235,231,0,230,208,0,255,310,0,202,298,0,185,326,0,187,349,0,262,329,0,205,337,0,199,361,0,207,374,0,262,352,0,218,363,0,214,379,0,222,385,0,FRIEND
337,397,0,290,378,0,263,356,0,241,340,0,225,331,0,286,296,0,283,262,0,272,242,0,262,229,0,304,302,0,247,315,0,246,341,0,259,350,0,314,322,0,260,344,0,263,365,0,275,371,0,320,345,0,275,362,0,264,379,0,261,387,0,FRIEND
345,404,0,299,382,0,272,360,0,252,344,0,229,340,0,299,306,0,295,271,0,290,244,0,287,221,0,317,312,0,261,317,0,259,344,0,271,355,0,326,330,0,272,345,0,274,365,0,286,373,0,329,353,0,286,365,0,275,380,0,273,387,0,FRIEND
264,388,0,312,385,0,350,368,0,379,360,0,403,361,0,336,297,0,357,262,0,374,237,0,387,218,0,312,296,0,343,277,0,372,297,0,388,321,0,290,308,0,318,305,0,345,331,0,362,355,0,270,329,0,291,331,0,310,346,0,324,361,0,FRIEND
498,257,0,495,220,0,471,193,0,442,188,0,419,192,0,475,196,0,435,194,0,411,195,0,393,199,0,467,222,0,418,215,0,402,208,0,399,205,0,458,247,0,411,236,0,403,225,0,407,218,0,450,268,0,413,256,0,406,245,0,408,236,0,FRIEND
255,389,0,308,386,0,347,369,0,377,361,0,400,360,0,334,290,0,354,250,0,368,223,0,380,202,0,309,292,0,339,278,0,368,302,0,384,327,0,285,307,0,313,306,0,343,332,0,362,356,0,264,330,0,284,332,0,305,347,0,322,363,0,FRIEND
497,256,0,492,220,0,468,194,0,439,188,0,417,190,0,470,194,0,428,192,0,402,194,0,383,197,0,462,220,0,413,215,0,397,208,0,394,204,0,453,244,0,406,235,0,398,224,0,402,217,0,446,265,0,408,254,0,402,243,0,404,234,0,FRIEND
251,391,0,305,387,0,344,371,0,374,361,0,399,361,0,332,291,0,352,252,0,366,226,0,378,204,0,307,291,0,339,278,0,366,301,0,381,326,0,283,306,0,312,307,0,340,334,0,360,357,0,261,329,0,281,331,0,302,347,0,318,363,0,FRIEND
495,255,0,489,219,0,465,191,0,436,182,0,414,181,0,469,194,0,424,192,0,397,192,0,377,195,0,463,221,0,406,214,0,396,206,0,400,203,0,455,245,0,401,234,0,395,223,0,402,218,0,447,266,0,405,254,0,399,242,0,402,235,0,FRIEND
249,392,0,300,387,0,340,370,0,370,360,0,393,359,0,325,294,0,347,253,0,362,225,0,373,203,0,301,295,0,333,278,0,359,303,0,374,329,0,277,309,0,306,305,0,334,332,0,353,357,0,256,331,0,275,330,0,296,345,0,313,362,0,FRIEND
494,253,0,486,217,0,462,188,0,434,180,0,413,179,0,465,192,0,421,192,0,394,194,0,375,197,0,458,220,0,405,215,0,394,207,0,396,202,0,451,245,0,400,234,0,393,223,0,400,216,0,444,265,0,404,253,0,399,241,0,402,233,0,FRIEND
243,395,0,296,388,0,336,370,0,366,361,0,392,361,0,321,292,0,343,254,0,357,227,0,368,205,0,296,293,0,328,280,0,354,303,0,369,328,0,272,309,0,299,308,0,328,334,0,347,357,0,250,332,0,268,331,0,289,345,0,307,361,0,FRIEND
493,256,0,485,220,0,458,194,0,427,188,0,403,191,0,462,193,0,417,193,0,390,195,0,370,198,0,455,220,0,403,216,0,392,210,0,394,206,0,447,244,0,397,235,0,393,226,0,402,221,0,439,264,0,400,253,0,398,242,0,405,237,0,FRIEND
230,397,0,286,390,0,326,373,0,357,364,0,386,366,0,312,295,0,333,255,0,347,228,0,358,205,0,286,296,0,315,284,0,342,307,0,357,332,0,261,311,0,286,313,0,313,340,0,332,364,0,239,334,0,256,337,0,276,353,0,293,369,0,FRIEND
483,256,0,473,217,0,443,193,0,409,191,0,384,200,0,448,193,0,401,195,0,373,197,0,351,203,0,442,219,0,387,218,0,384,212,0,394,207,0,434,244,0,381,236,0,382,227,0,394,221,0,428,266,0,388,256,0,389,245,0,397,239,0,FRIEND
241,406,0,288,399,0,323,387,0,349,379,0,369,375,0,313,305,0,331,260,0,346,230,0,356,207,0,285,302,0,326,317,0,331,356,0,327,378,0,262,315,0,307,351,0,317,385,0,319,403,0,244,338,0,283,369,0,304,393,0,316,409,0,FRIEND
473,247,0,465,209,0,434,183,0,397,185,0,371,197,0,443,194,0,402,195,0,374,200,0,352,207,0,434,221,0,388,211,0,371,200,0,365,194,0,426,242,0,380,227,0,378,214,0,386,207,0,418,257,0,385,243,0,382,230,0,386,222,0,FRIEND
235,412,0,285,406,0,317,396,0,336,389,0,347,385,0,312,313,0,328,270,0,343,241,0,351,218,0,283,311,0,321,335,0,321,371,0,312,387,0,258,327,0,293,371,0,298,397,0,295,403,0,239,350,0,269,392,0,281,412,0,285,417,0,FRIEND
461,243,0,455,197,0,422,174,0,386,170,0,360,171,0,413,207,0,378,215,0,359,221,0,344,230,0,403,231,0,371,210,0,367,193,0,369,186,0,397,247,0,369,223,0,375,209,0,384,206,0,393,255,0,376,232,0,380,221,0,386,220,0,FRIEND
234,417,0,286,411,0,321,398,0,342,388,0,354,382,0,310,315,0,326,275,0,341,249,0,350,230,0,282,312,0,320,338,0,320,373,0,309,391,0,257,328,0,292,370,0,297,396,0,293,405,0,237,352,0,269,393,0,282,412,0,288,420,0,FRIEND
457,243,0,452,197,0,419,176,0,382,170,0,353,170,0,408,212,0,377,218,0,359,225,0,343,236,0,398,235,0,366,212,0,362,194,0,363,188,0,392,250,0,364,223,0,371,208,0,381,206,0,387,257,0,371,232,0,376,221,0,383,219,0,FRIEND
230,418,0,278,410,0,310,396,0,328,383,0,339,373,0,302,318,0,319,276,0,332,247,0,340,225,0,274,316,0,312,341,0,312,376,0,302,390,0,249,332,0,286,376,0,289,400,0,284,405,0,229,356,0,261,397,0,270,415,0,271,417,0,FRIEND
455,242,0,448,197,0,414,177,0,380,171,0,354,168,0,400,213,0,365,222,0,346,226,0,334,235,0,393,235,0,362,219,0,361,203,0,365,199,0,389,249,0,362,229,0,368,215,0,377,212,0,387,256,0,369,236,0,372,225,0,380,223,0,FRIEND
224,417,0,271,410,0,302,397,0,319,385,0,330,374,0,294,319,0,314,278,0,326,250,0,334,226,0,265,316,0,301,343,0,301,380,0,292,396,0,239,332,0,274,373,0,278,399,0,273,406,0,217,357,0,246,398,0,260,417,0,265,422,0,FRIEND
448,239,0,440,193,0,406,174,0,370,167,0,343,167,0,393,213,0,359,220,0,340,225,0,328,234,0,386,234,0,354,216,0,355,199,0,360,195,0,383,249,0,355,229,0,361,214,0,371,211,0,381,257,0,362,237,0,366,226,0,373,224,0,FRIEND
219,427,0,263,423,0,295,414,0,313,407,0,321,404,0,288,330,0,304,286,0,318,258,0,326,236,0,258,326,0,293,348,0,293,387,0,283,404,0,233,340,0,265,379,0,268,407,0,262,413,0,213,363,0,240,401,0,249,419,0,250,421,0,FRIEND
441,242,0,434,199,0,402,178,0,368,172,0,341,173,0,383,220,0,344,233,0,328,235,0,320,242,0,377,242,0,346,222,0,349,202,0,358,197,0,376,255,0,348,232,0,355,216,0,364,213,0,374,261,0,354,240,0,359,227,0,368,226,0,FRIEND
200,429,0,250,418,0,285,405,0,308,402,0,325,406,0,279,333,0,301,304,0,315,278,0,324,257,0,254,334,0,293,365,0,290,397,0,279,412,0,231,352,0,267,397,0,268,419,0,263,425,0,212,378,0,243,421,0,258,440,0,266,446,0,FRIEND
212,427,0,263,419,0,299,403,0,321,392,0,335,384,0,286,333,0,305,297,0,320,275,0,329,260,0,260,331,0,298,357,0,296,388,0,286,398,0,237,346,0,274,387,0,276,410,0,272,414,0,219,368,0,249,408,0,261,426,0,267,429,0,FRIEND
215,420,0,259,414,0,292,407,0,314,406,0,332,408,0,284,334,0,318,350,0,328,376,0,329,393,0,260,336,0,300,364,0,303,395,0,299,407,0,239,353,0,276,395,0,280,418,0,279,423,0,221,376,0,254,416,0,269,436,0,278,443,0,FRIEND
440,260,0,433,222,0,408,206,0,384,207,0,368,212,0,384,240,0,356,245,0,337,251,0,323,259,0,379,260,0,356,247,0,358,237,0,363,233,0,380,273,0,359,258,0,363,248,0,372,244,0,383,279,0,366,266,0,369,257,0,376,254,0,FRIEND
214,418,0,259,418,0,291,413,0,313,409,0,332,409,0,285,335,0,319,351,0,325,379,0,322,395,0,261,334,0,303,365,0,301,394,0,294,402,0,239,349,0,276,396,0,278,419,0,275,421,0,220,372,0,252,417,0,267,437,0,277,444,0,FRIEND
210,419,0,253,416,0,284,410,0,306,409,0,324,410,0,278,334,0,313,347,0,324,374,0,327,390,0,255,335,0,296,363,0,300,393,0,299,402,0,233,350,0,271,396,0,276,418,0,276,421,0,214,373,0,247,416,0,262,435,0,271,441,0,FRIEND
444,253,0,433,219,0,406,196,0,374,195,0,349,206,0,417,198,0,376,194,0,359,196,0,346,200,0,415,226,0,374,232,0,357,233,0,343,237,0,411,252,0,373,255,0,358,252,0,348,249,0,407,272,0,375,270,0,362,267,0,353,265,0,FRIEND
213,421,0,256,421,0,286,414,0,307,409,0,327,406,0,278,336,0,314,351,0,326,377,0,328,393,0,255,334,0,294,361,0,294,391,0,287,402,0,233,350,0,268,393,0,269,414,0,264,416,0,214,373,0,246,415,0,257,433,0,263,435,0,FRIEND
433,264,0,429,223,0,403,205,0,374,204,0,355,206,0,380,238,0,348,244,0,328,248,0,315,254,0,373,258,0,348,243,0,352,231,0,359,228,0,371,271,0,349,254,0,355,242,0,365,239,0,370,278,0,355,261,0,358,252,0,365,249,0,FRIEND
211,421,0,253,423,0,284,417,0,303,413,0,320,411,0,279,338,0,313,352,0,325,379,0,327,397,0,255,335,0,296,362,0,293,394,0,286,405,0,233,350,0,269,396,0,267,418,0,262,419,0,214,373,0,246,417,0,258,436,0,264,439,0,FRIEND
434,265,0,431,223,0,405,206,0,377,205,0,359,205,0,384,238,0,354,245,0,333,250,0,318,259,0,377,258,0,353,243,0,359,232,0,368,230,0,374,272,0,352,255,0,359,243,0,369,241,0,372,279,0,356,263,0,360,254,0,367,252,0,FRIEND
215,422,0,254,423,0,283,417,0,301,412,0,316,407,0,279,339,0,311,349,0,322,373,0,324,391,0,254,335,0,294,362,0,291,395,0,283,408,0,231,350,0,266,395,0,265,418,0,260,422,0,212,373,0,243,417,0,255,436,0,262,440,0,FRIEND
433,261,0,428,226,0,407,212,0,386,216,0,372,225,0,388,239,0,358,245,0,335,252,0,317,259,0,385,259,0,360,251,0,363,238,0,369,233,0,383,273,0,359,262,0,362,249,0,370,242,0,381,281,0,362,271,0,363,260,0,369,256,0,FRIEND
212,423,0,253,423,0,283,418,0,302,414,0,317,411,0,280,341,0,314,356,0,328,382,0,332,400,0,256,337,0,296,364,0,293,395,0,284,407,0,234,351,0,268,396,0,267,418,0,261,420,0,213,373,0,244,417,0,257,437,0,265,440,0,FRIEND
432,261,0,428,229,0,409,214,0,391,217,0,377,225,0,385,241,0,357,246,0,335,252,0,318,259,0,381,260,0,363,250,0,369,239,0,379,236,0,382,274,0,363,262,0,369,251,0,378,247,0,383,282,0,367,271,0,371,263,0,378,260,0,FRIEND
216,423,0,255,423,0,284,416,0,303,411,0,316,404,0,278,337,0,312,354,0,322,381,0,322,398,0,255,335,0,296,360,0,292,392,0,283,404,0,232,348,0,267,392,0,266,415,0,261,419,0,212,371,0,243,415,0,255,435,0,263,438,0,FRIEND
432,259,0,425,226,0,404,216,0,384,223,0,371,235,0,389,241,0,359,244,0,336,250,0,319,257,0,385,261,0,363,252,0,367,240,0,375,236,0,385,274,0,364,262,0,369,250,0,378,246,0,386,281,0,367,270,0,369,261,0,375,258,0,FRIEND
215,419,0,251,417,0,279,412,0,298,408,0,314,403,0,274,334,0,306,349,0,313,376,0,312,391,0,250,332,0,290,357,0,289,388,0,282,403,0,227,346,0,262,391,0,263,414,0,258,421,0,208,371,0,240,413,0,254,432,0,261,438,0,FRIEND
432,260,0,427,226,0,406,212,0,385,214,0,372,225,0,386,236,0,356,241,0,333,247,0,315,252,0,383,256,0,362,244,0,370,234,0,380,232,0,382,271,0,361,257,0,368,246,0,378,242,0,381,280,0,364,268,0,368,259,0,376,257,0,FRIEND
207,421,0,246,420,0,274,414,0,292,409,0,307,403,0,268,336,0,303,350,0,314,376,0,315,389,0,244,334,0,286,361,0,284,392,0,275,403,0,222,349,0,257,394,0,257,416,0,252,419,0,203,374,0,234,416,0,249,435,0,258,440,0,FRIEND
425,258,0,419,222,0,398,209,0,377,216,0,364,228,0,373,239,0,346,243,0,325,249,0,308,255,0,369,259,0,353,243,0,363,231,0,374,229,0,370,272,0,353,255,0,361,243,0,371,239,0,372,279,0,357,262,0,362,252,0,369,250,0,FRIEND
206,423,0,244,423,0,272,416,0,289,410,0,304,406,0,269,339,0,303,353,0,314,380,0,315,394,0,244,336,0,284,363,0,281,396,0,272,406,0,220,351,0,255,397,0,254,419,0,248,420,0,200,376,0,229,421,0,240,438,0,245,439,0,FRIEND
426,262,0,421,224,0,397,210,0,372,215,0,356,224,0,379,237,0,348,245,0,324,251,0,306,258,0,373,258,0,348,246,0,353,233,0,362,230,0,369,273,0,345,256,0,351,244,0,360,240,0,366,280,0,348,263,0,351,252,0,358,250,0,FRIEND
209,426,0,243,424,0,268,417,0,285,411,0,300,404,0,263,343,0,291,339,0,306,345,0,313,347,0,238,339,0,277,361,0,277,394,0,270,411,0,215,353,0,248,395,0,251,419,0,247,425,0,195,378,0,224,418,0,238,437,0,245,442,0,FRIEND
424,262,0,418,223,0,393,208,0,368,207,0,350,211,0,372,238,0,341,246,0,317,252,0,300,259,0,367,259,0,338,250,0,336,237,0,339,231,0,365,272,0,339,258,0,342,244,0,349,238,0,364,279,0,345,265,0,345,253,0,350,249,0,FRIEND
194,424,0,236,421,0,265,415,0,281,411,0,294,409,0,257,339,0,294,355,0,310,383,0,315,400,0,231,340,0,270,364,0,273,398,0,267,414,0,207,358,0,242,400,0,247,424,0,244,429,0,189,385,0,221,425,0,238,444,0,245,448,0,FRIEND
424,264,0,416,221,0,386,203,0,354,199,0,331,199,0,367,239,0,331,250,0,310,255,0,296,261,0,361,260,0,333,245,0,337,231,0,345,226,0,359,274,0,334,257,0,339,244,0,348,239,0,358,280,0,341,265,0,343,254,0,350,251,0,FRIEND
193,424,0,234,421,0,260,415,0,276,411,0,289,407,0,254,341,0,291,352,0,306,377,0,311,392,0,227,341,0,267,364,0,269,399,0,264,413,0,202,360,0,237,401,0,243,426,0,242,430,0,183,388,0,215,427,0,232,445,0,241,447,0,FRIEND
420,263,0,413,220,0,382,200,0,349,196,0,326,198,0,364,238,0,330,248,0,307,254,0,291,261,0,358,260,0,331,242,0,338,229,0,350,227,0,356,274,0,331,255,0,339,242,0,349,240,0,355,280,0,337,263,0,342,253,0,350,252,0,FRIEND
195,425,0,227,420,0,255,414,0,272,411,0,284,408,0,252,341,0,282,352,0,296,377,0,301,393,0,224,340,0,262,363,0,265,397,0,259,412,0,199,355,0,234,397,0,241,422,0,241,429,0,178,381,0,209,420,0,224,440,0,232,445,0,FRIEND
411,260,0,405,219,0,377,200,0,346,195,0,321,196,0,363,237,0,326,246,0,301,252,0,283,261,0,357,259,0,323,243,0,323,227,0,329,223,0,353,272,0,322,253,0,327,237,0,336,232,0,350,278,0,327,261,0,330,248,0,337,244,0,FRIEND
180,421,0,219,417,0,246,412,0,261,408,0,272,402,0,241,333,0,271,349,0,281,379,0,279,396,0,215,334,0,252,358,0,254,394,0,248,409,0,191,350,0,223,392,0,227,415,0,223,420,0,170,376,0,200,416,0,215,435,0,223,439,0,FRIEND
409,261,0,401,217,0,367,197,0,330,192,0,302,193,0,346,237,0,308,246,0,288,249,0,274,253,0,341,259,0,313,239,0,319,225,0,331,222,0,341,271,0,318,251,0,326,239,0,337,237,0,342,277,0,325,259,0,331,250,0,340,248,0,FRIEND
181,425,0,222,416,0,249,408,0,265,405,0,278,405,0,245,338,0,261,305,0,270,277,0,274,254,0,215,335,0,247,356,0,250,391,0,244,404,0,190,351,0,222,391,0,228,414,0,224,415,0,171,376,0,199,414,0,213,430,0,217,430,0,FRIEND
409,261,0,400,218,0,366,198,0,331,193,0,303,194,0,344,237,0,308,245,0,287,249,0,272,254,0,339,258,0,315,238,0,323,224,0,335,222,0,340,271,0,321,250,0,330,239,0,340,238,0,342,277,0,328,258,0,335,250,0,344,249,0,FRIEND
178,429,0,219,421,0,247,412,0,263,405,0,272,406,0,244,337,0,262,300,0,272,274,0,276,252,0,214,334,0,247,355,0,249,390,0,242,407,0,188,349,0,221,388,0,226,413,0,224,419,0,169,373,0,198,412,0,210,429,0,214,432,0,FRIEND
407,260,0,400,217,0,369,199,0,335,194,0,310,195,0,345,235,0,308,243,0,286,247,0,270,251,0,339,256,0,315,236,0,323,223,0,335,221,0,339,270,0,319,248,0,329,237,0,340,237,0,340,277,0,326,257,0,333,249,0,343,248,0,FRIEND
176,426,0,218,419,0,247,409,0,262,401,0,267,393,0,237,332,0,255,293,0,267,270,0,272,254,0,209,330,0,242,354,0,243,389,0,237,403,0,184,345,0,218,387,0,221,410,0,219,414,0,165,367,0,194,407,0,206,424,0,210,426,0,FRIEND
399,258,0,391,215,0,358,196,0,322,191,0,295,193,0,340,236,0,302,243,0,280,247,0,263,253,0,334,257,0,304,237,0,311,221,0,323,219,0,334,270,0,308,248,0,316,235,0,327,233,0,333,276,0,316,255,0,321,245,0,329,243,0,FRIEND
173,426,0,215,419,0,244,409,0,257,400,0,264,395,0,237,335,0,250,294,0,258,268,0,262,247,0,209,332,0,238,356,0,241,390,0,236,407,0,184,347,0,214,388,0,220,411,0,219,416,0,166,369,0,193,408,0,206,426,0,211,428,0,FRIEND
399,259,0,391,217,0,358,198,0,322,193,0,295,194,0,337,236,0,300,243,0,278,249,0,262,255,0,332,258,0,307,237,0,316,224,0,327,222,0,332,271,0,312,250,0,321,239,0,332,238,0,333,278,0,318,259,0,325,250,0,335,249,0,FRIEND
177,425,0,213,420,0,242,410,0,256,403,0,261,395,0,238,339,0,253,295,0,262,271,0,264,253,0,209,333,0,237,352,0,238,387,0,232,402,0,185,344,0,214,384,0,218,409,0,215,413,0,165,362,0,194,401,0,204,421,0,208,425,0,FRIEND
398,261,0,389,217,0,355,196,0,317,192,0,290,194,0,333,237,0,296,244,0,275,248,0,259,254,0,328,259,0,304,237,0,312,223,0,324,222,0,330,272,0,309,249,0,319,238,0,329,238,0,332,278,0,317,258,0,324,250,0,334,249,0,FRIEND
172,428,0,214,417,0,241,407,0,256,401,0,264,397,0,232,336,0,248,303,0,257,282,0,260,267,0,203,335,0,235,355,0,239,389,0,234,402,0,178,352,0,211,390,0,218,413,0,217,415,0,158,377,0,188,413,0,204,430,0,211,432,0,FRIEND
395,262,0,387,218,0,356,198,0,320,193,0,293,194,0,336,236,0,298,243,0,274,249,0,256,257,0,329,257,0,298,240,0,302,225,0,310,221,0,327,271,0,301,251,0,308,238,0,318,235,0,326,277,0,309,259,0,313,249,0,322,246,0,FRIEND
163,427,0,202,416,0,230,406,0,247,402,0,248,397,0,221,337,0,237,306,0,247,283,0,251,267,0,192,335,0,223,355,0,227,387,0,221,401,0,167,350,0,199,390,0,206,410,0,205,414,0,148,373,0,178,411,0,194,427,0,202,430,0,FRIEND
388,259,0,379,215,0,344,195,0,308,192,0,279,193,0,328,234,0,289,243,0,265,247,0,248,253,0,323,256,0,292,236,0,300,221,0,312,219,0,322,269,0,296,248,0,305,234,0,316,231,0,322,275,0,303,256,0,309,245,0,318,242,0,FRIEND
381,257,0,373,215,0,341,198,0,308,196,0,282,197,0,327,235,0,287,244,0,259,250,0,239,259,0,320,256,0,285,242,0,286,228,0,291,224,0,317,269,0,286,250,0,292,235,0,301,231,0,315,275,0,293,258,0,295,246,0,302,242,0,FRIEND
375,260,0,369,216,0,337,197,0,300,193,0,272,198,0,326,236,0,281,248,0,253,254,0,233,262,0,318,259,0,285,237,0,292,222,0,304,222,0,314,274,0,284,250,0,293,236,0,303,234,0,310,280,0,290,259,0,294,247,0,302,246,0,FRIEND
377,263,0,371,219,0,342,200,0,308,198,0,284,202,0,328,239,0,284,251,0,256,257,0,237,266,0,320,263,0,290,240,0,299,226,0,312,227,0,317,277,0,289,253,0,298,240,0,311,239,0,313,284,0,293,262,0,300,252,0,309,251,0,FRIEND
379,263,0,372,220,0,342,201,0,307,197,0,281,202,0,325,242,0,283,253,0,256,259,0,238,267,0,319,265,0,289,242,0,299,227,0,313,227,0,316,278,0,289,254,0,299,240,0,312,239,0,314,284,0,295,263,0,302,252,0,312,251,0,FRIEND
380,266,0,375,223,0,347,203,0,313,197,0,288,204,0,331,242,0,290,253,0,262,259,0,242,266,0,324,264,0,295,240,0,305,226,0,319,227,0,319,278,0,292,253,0,303,239,0,315,239,0,314,284,0,296,262,0,302,251,0,312,251,0,FRIEND
374,267,0,367,227,0,340,210,0,311,204,0,289,212,0,329,243,0,284,253,0,253,259,0,230,266,0,324,264,0,284,256,0,280,240,0,285,234,0,320,278,0,283,264,0,285,248,0,294,241,0,315,285,0,288,272,0,287,259,0,294,254,0,FRIEND
366,266,0,357,223,0,327,207,0,294,205,0,268,209,0,316,246,0,269,259,0,239,265,0,218,274,0,310,269,0,272,248,0,278,231,0,290,229,0,306,283,0,272,260,0,280,244,0,292,242,0,301,289,0,279,269,0,283,256,0,292,254,0,FRIEND
366,266,0,355,224,0,323,208,0,287,205,0,260,210,0,305,250,0,261,263,0,234,270,0,214,279,0,301,273,0,269,254,0,276,239,0,290,237,0,301,286,0,272,265,0,281,251,0,294,249,0,299,292,0,280,272,0,286,261,0,297,259,0,FRIEND
358,266,0,346,223,0,312,205,0,275,205,0,244,212,0,298,249,0,252,266,0,224,271,0,205,278,0,293,272,0,253,250,0,260,230,0,276,228,0,291,286,0,257,262,0,267,245,0,280,242,0,290,292,0,269,270,0,274,256,0,285,254,0,FRIEND
380,287,0,363,250,0,343,221,0,322,194,0,318,164,0,285,248,0,264,244,0,280,244,0,295,247,0,281,276,0,264,264,0,277,260,0,291,262,0,285,299,0,271,284,0,281,281,0,295,282,0,292,318,0,280,304,0,289,300,0,299,300,0,     HELP
255,332,0,244,322,0,244,314,0,246,309,0,258,304,0,299,348,0,339,342,0,364,332,0,387,321,0,310,350,0,353,341,0,381,330,0,405,320,0,318,349,0,355,341,0,381,331,0,401,321,0,325,346,0,354,341,0,374,334,0,389,327,0,     HELP
388,281,0,375,240,0,353,208,0,334,179,0,328,152,0,298,228,0,279,228,0,293,229,0,305,230,0,291,255,0,271,250,0,284,249,0,299,250,0,293,279,0,273,270,0,284,268,0,297,269,0,297,298,0,281,288,0,289,285,0,298,284,0,     HELP
248,342,0,235,318,0,236,298,0,243,281,0,252,264,0,297,333,0,334,336,0,363,338,0,389,340,0,314,339,0,359,340,0,394,341,0,424,343,0,325,341,0,365,340,0,397,341,0,423,343,0,332,339,0,361,341,0,384,343,0,404,348,0,     HELP
387,282,0,374,241,0,351,209,0,332,181,0,326,153,0,298,229,0,280,228,0,294,230,0,306,231,0,291,255,0,273,249,0,287,248,0,301,250,0,292,279,0,273,269,0,285,266,0,298,268,0,296,298,0,278,287,0,286,283,0,295,283,0,     HELP
246,343,0,233,319,0,235,299,0,242,281,0,252,263,0,294,334,0,330,336,0,358,337,0,383,339,0,311,340,0,355,339,0,390,339,0,420,340,0,322,342,0,362,341,0,392,341,0,418,343,0,329,340,0,358,342,0,379,344,0,399,349,0,     HELP
385,281,0,372,240,0,350,208,0,331,180,0,325,152,0,294,227,0,281,225,0,295,228,0,307,229,0,286,253,0,272,245,0,287,245,0,301,247,0,287,277,0,270,266,0,283,264,0,297,265,0,292,297,0,274,285,0,282,281,0,291,280,0,     HELP
247,342,0,232,318,0,233,298,0,240,280,0,249,264,0,294,332,0,328,336,0,357,338,0,382,340,0,312,338,0,355,340,0,389,341,0,419,342,0,323,341,0,363,340,0,393,340,0,420,343,0,330,339,0,358,343,0,380,346,0,399,351,0,     HELP
383,281,0,369,242,0,347,210,0,328,181,0,322,153,0,290,228,0,280,228,0,295,231,0,306,233,0,283,255,0,270,249,0,284,249,0,298,252,0,284,280,0,267,271,0,278,269,0,292,270,0,289,300,0,270,290,0,276,286,0,283,284,0,     HELP
242,338,0,231,313,0,233,293,0,239,275,0,249,259,0,298,331,0,330,337,0,359,342,0,383,346,0,314,335,0,355,338,0,389,340,0,418,343,0,324,338,0,362,338,0,392,338,0,418,340,0,329,336,0,357,341,0,377,342,0,397,345,0,     HELP
379,284,0,364,244,0,341,211,0,321,183,0,314,154,0,286,232,0,283,229,0,299,233,0,311,236,0,279,258,0,274,250,0,289,250,0,302,254,0,280,282,0,271,270,0,284,269,0,297,272,0,285,301,0,275,289,0,285,287,0,294,288,0,     HELP
236,344,0,224,317,0,226,294,0,234,277,0,245,263,0,284,332,0,319,337,0,349,340,0,374,343,0,301,338,0,344,339,0,379,338,0,408,339,0,313,341,0,352,339,0,382,338,0,408,339,0,321,339,0,348,341,0,369,342,0,389,345,0,     HELP
372,283,0,357,243,0,334,211,0,315,183,0,308,155,0,277,234,0,277,228,0,293,231,0,305,234,0,271,261,0,266,251,0,281,250,0,295,254,0,273,284,0,264,272,0,277,270,0,290,273,0,280,303,0,269,291,0,278,288,0,287,289,0,     HELP
235,342,0,220,319,0,219,298,0,226,282,0,239,269,0,283,333,0,313,338,0,341,342,0,365,346,0,301,337,0,342,337,0,376,338,0,404,340,0,314,339,0,351,337,0,380,336,0,405,338,0,321,339,0,346,341,0,365,343,0,382,347,0,     HELP
369,278,0,354,239,0,331,210,0,311,182,0,302,155,0,270,235,0,270,224,0,287,226,0,298,230,0,267,262,0,259,248,0,273,245,0,287,249,0,274,285,0,262,270,0,274,266,0,287,268,0,284,302,0,272,292,0,281,288,0,290,289,0,     HELP
217,342,0,215,319,0,229,306,0,248,304,0,268,302,0,287,329,0,324,330,0,353,328,0,378,327,0,296,335,0,334,333,0,367,329,0,397,326,0,300,339,0,336,337,0,363,333,0,388,331,0,302,341,0,329,339,0,351,337,0,370,335,0,     HELP
368,277,0,353,239,0,330,210,0,309,183,0,301,156,0,271,233,0,271,228,0,288,229,0,299,232,0,267,260,0,261,251,0,276,249,0,289,252,0,273,283,0,263,273,0,275,270,0,288,271,0,283,301,0,274,294,0,284,290,0,294,290,0,     HELP
217,345,0,211,322,0,224,310,0,247,306,0,272,302,0,282,329,0,322,328,0,352,326,0,378,324,0,292,336,0,333,332,0,366,327,0,395,322,0,297,340,0,333,336,0,362,331,0,387,327,0,298,339,0,328,336,0,349,333,0,368,331,0,     HELP
363,278,0,351,239,0,327,210,0,307,184,0,299,157,0,268,234,0,267,228,0,281,229,0,290,231,0,264,261,0,253,252,0,265,248,0,276,248,0,270,284,0,257,272,0,267,267,0,278,267,0,279,301,0,268,293,0,276,288,0,285,287,0,     HELP
221,343,0,215,322,0,227,312,0,246,308,0,269,303,0,280,330,0,317,327,0,346,325,0,369,324,0,290,336,0,329,330,0,359,325,0,386,322,0,296,339,0,331,333,0,356,329,0,379,326,0,300,339,0,327,335,0,346,331,0,364,330,0,     HELP
355,277,0,337,238,0,313,208,0,292,181,0,283,153,0,259,232,0,255,230,0,272,232,0,284,233,0,256,260,0,257,252,0,273,252,0,286,255,0,262,284,0,262,273,0,274,272,0,287,274,0,271,303,0,268,294,0,279,292,0,289,293,0,     HELP
352,276,0,337,238,0,312,208,0,291,181,0,282,153,0,253,230,0,252,229,0,268,232,0,280,235,0,249,258,0,249,251,0,265,251,0,278,254,0,255,282,0,252,272,0,265,271,0,278,273,0,264,301,0,260,293,0,272,291,0,282,292,0,     HELP
207,343,0,200,320,0,211,308,0,229,303,0,252,298,0,263,327,0,303,325,0,334,324,0,359,324,0,276,333,0,317,329,0,348,325,0,377,322,0,284,337,0,320,332,0,346,328,0,369,326,0,289,337,0,316,333,0,336,330,0,354,329,0,     HELP
332,281,0,315,240,0,290,209,0,267,182,0,256,156,0,235,235,0,232,229,0,248,229,0,259,232,0,230,263,0,227,252,0,242,250,0,254,254,0,235,286,0,231,274,0,243,271,0,255,273,0,243,304,0,239,294,0,250,291,0,260,292,0,     HELP
193,343,0,188,322,0,198,311,0,214,308,0,234,305,0,254,332,0,290,330,0,318,329,0,340,329,0,264,336,0,301,333,0,330,329,0,356,327,0,270,338,0,303,335,0,328,331,0,350,329,0,273,338,0,299,336,0,318,333,0,335,331,0,     HELP
322,280,0,305,240,0,281,209,0,258,182,0,246,155,0,225,236,0,223,230,0,238,231,0,250,233,0,220,264,0,221,253,0,236,251,0,247,255,0,226,287,0,224,275,0,237,272,0,249,274,0,234,305,0,229,296,0,239,293,0,249,294,0,     HELP
184,341,0,180,322,0,189,312,0,203,308,0,222,304,0,253,333,0,286,331,0,311,328,0,332,328,0,262,336,0,297,332,0,323,328,0,347,327,0,268,338,0,300,333,0,323,329,0,344,327,0,271,338,0,297,336,0,315,333,0,332,330,0,     HELP
322,281,0,304,240,0,280,209,0,257,182,0,245,156,0,224,237,0,220,231,0,237,231,0,248,233,0,219,265,0,218,253,0,233,251,0,244,255,0,224,288,0,219,275,0,232,272,0,244,274,0,232,306,0,224,296,0,233,293,0,243,294,0,     HELP
176,351,0,169,328,0,179,315,0,197,309,0,219,304,0,236,335,0,274,333,0,303,331,0,327,329,0,246,341,0,284,337,0,315,331,0,342,327,0,250,345,0,285,340,0,311,335,0,334,331,0,253,344,0,280,340,0,299,337,0,317,334,0,     HELP
317,283,0,301,243,0,279,210,0,256,183,0,242,159,0,220,238,0,217,230,0,233,231,0,244,234,0,215,266,0,212,254,0,226,252,0,237,256,0,220,290,0,215,277,0,227,274,0,238,276,0,228,308,0,221,298,0,230,295,0,239,297,0,     HELP
175,348,0,170,325,0,179,311,0,194,305,0,214,301,0,237,334,0,272,334,0,299,332,0,322,330,0,246,340,0,282,337,0,311,332,0,337,329,0,252,343,0,286,339,0,310,334,0,331,331,0,256,343,0,282,341,0,301,337,0,318,334,0,     HELP
317,285,0,300,245,0,278,211,0,255,185,0,241,161,0,220,241,0,219,232,0,235,233,0,246,236,0,215,268,0,215,255,0,230,254,0,242,258,0,220,292,0,217,278,0,230,275,0,242,278,0,228,310,0,221,299,0,231,296,0,241,298,0,     HELP
175,352,0,168,329,0,177,315,0,194,310,0,214,307,0,230,338,0,266,337,0,294,335,0,316,333,0,241,344,0,278,341,0,308,336,0,334,332,0,248,348,0,281,344,0,306,338,0,327,335,0,253,347,0,278,344,0,297,340,0,313,338,0,     HELP
309,283,0,294,243,0,272,209,0,250,181,0,236,157,0,213,238,0,214,230,0,230,231,0,241,235,0,208,265,0,207,253,0,221,253,0,233,257,0,212,289,0,208,276,0,221,274,0,233,276,0,219,307,0,212,298,0,222,295,0,231,297,0,     HELP
174,345,0,170,325,0,178,314,0,193,310,0,212,308,0,237,336,0,269,335,0,295,332,0,316,331,0,246,340,0,281,336,0,307,332,0,332,329,0,253,342,0,285,338,0,307,333,0,328,330,0,257,342,0,283,339,0,301,336,0,318,333,0,     HELP
305,284,0,290,243,0,268,211,0,246,185,0,232,160,0,209,242,0,208,232,0,224,232,0,235,236,0,205,270,0,204,256,0,218,254,0,229,259,0,210,292,0,206,278,0,218,276,0,230,279,0,218,310,0,210,298,0,220,296,0,230,298,0,     HELP
173,343,0,174,334,0,189,328,0,207,325,0,227,321,0,237,342,0,271,339,0,297,335,0,320,333,0,244,341,0,279,337,0,306,332,0,332,329,0,249,340,0,281,337,0,305,333,0,326,329,0,251,339,0,276,338,0,295,336,0,311,333,0,     HELP
298,283,0,281,242,0,258,210,0,234,184,0,220,158,0,197,243,0,200,230,0,217,230,0,229,233,0,193,270,0,198,254,0,213,252,0,225,256,0,199,292,0,199,276,0,213,274,0,225,277,0,208,309,0,201,298,0,210,295,0,218,298,0,     HELP
291,285,0,274,244,0,249,211,0,225,185,0,212,158,0,188,241,0,194,234,0,213,237,0,224,241,0,186,268,0,194,259,0,209,258,0,221,262,0,192,292,0,197,281,0,210,279,0,221,282,0,201,311,0,202,301,0,213,299,0,222,301,0,     HELP
289,286,0,272,246,0,247,213,0,223,187,0,209,161,0,185,243,0,190,238,0,208,241,0,219,245,0,182,270,0,191,262,0,207,262,0,218,266,0,188,293,0,192,283,0,206,282,0,218,284,0,197,312,0,193,305,0,201,303,0,209,305,0,     HELP
283,285,0,267,245,0,241,211,0,215,186,0,201,160,0,178,243,0,181,235,0,197,237,0,209,240,0,174,269,0,182,260,0,197,259,0,208,262,0,179,292,0,185,282,0,198,279,0,209,281,0,188,311,0,186,303,0,196,301,0,205,302,0,     HELP
282,286,0,265,244,0,239,211,0,214,185,0,199,159,0,176,243,0,181,233,0,199,234,0,210,238,0,173,269,0,181,257,0,196,255,0,208,260,0,179,292,0,184,278,0,197,275,0,210,278,0,188,309,0,186,299,0,196,296,0,206,298,0,     HELP
304,283,0,287,243,0,263,210,0,239,185,0,226,158,0,201,237,0,205,237,0,223,239,0,234,241,0,197,265,0,204,263,0,220,262,0,232,263,0,202,291,0,209,285,0,223,283,0,235,284,0,211,313,0,215,307,0,228,304,0,239,303,0,     HELP
145,350,0,130,329,0,128,317,0,130,308,0,130,302,0,191,347,0,227,350,0,255,352,0,279,355,0,209,350,0,254,345,0,286,344,0,314,344,0,220,350,0,260,343,0,290,340,0,314,339,0,227,346,0,256,343,0,277,339,0,295,340,0,     HELP
304,284,0,286,243,0,262,210,0,237,184,0,225,158,0,201,238,0,205,237,0,222,238,0,233,240,0,197,266,0,203,262,0,219,262,0,231,264,0,203,292,0,210,286,0,223,284,0,235,284,0,212,314,0,216,307,0,229,303,0,239,303,0,     HELP
149,350,0,130,329,0,127,314,0,129,306,0,128,302,0,191,345,0,227,350,0,254,352,0,277,355,0,211,349,0,258,343,0,288,342,0,314,343,0,225,350,0,267,343,0,295,340,0,318,341,0,233,348,0,264,345,0,284,344,0,302,347,0,     HELP
300,283,0,283,241,0,259,208,0,235,182,0,221,156,0,198,236,0,202,238,0,219,240,0,231,242,0,194,264,0,201,263,0,217,263,0,229,264,0,200,290,0,207,285,0,219,283,0,232,283,0,209,312,0,214,305,0,226,302,0,236,301,0,     HELP
146,350,0,126,329,0,123,314,0,125,304,0,129,301,0,188,342,0,224,347,0,251,349,0,274,352,0,209,346,0,253,339,0,283,339,0,308,340,0,222,347,0,263,340,0,290,339,0,312,342,0,229,346,0,259,345,0,280,345,0,297,349,0,     HELP
294,284,0,277,242,0,253,209,0,228,182,0,216,155,0,192,237,0,196,236,0,214,237,0,225,239,0,189,265,0,198,262,0,213,261,0,225,263,0,195,290,0,203,284,0,216,282,0,227,282,0,204,312,0,209,305,0,221,301,0,231,301,0,     HELP
138,355,0,123,330,0,118,313,0,118,303,0,117,301,0,178,341,0,213,347,0,241,350,0,265,352,0,196,347,0,240,343,0,272,342,0,300,341,0,207,349,0,247,344,0,276,341,0,301,339,0,214,347,0,242,345,0,263,343,0,281,343,0,     HELP
289,284,0,272,242,0,247,210,0,222,184,0,209,157,0,186,238,0,187,237,0,204,238,0,216,239,0,183,266,0,190,263,0,205,262,0,217,263,0,188,291,0,195,284,0,208,282,0,220,282,0,197,313,0,201,305,0,213,301,0,223,300,0,     HELP
128,358,0,113,331,0,111,313,0,112,304,0,113,301,0,164,342,0,201,347,0,230,350,0,256,351,0,183,352,0,229,345,0,263,341,0,292,337,0,195,356,0,236,347,0,266,341,0,291,337,0,203,353,0,231,350,0,251,346,0,269,345,0,     HELP
286,284,0,269,243,0,243,210,0,218,184,0,206,157,0,183,239,0,185,240,0,203,241,0,216,241,0,180,267,0,189,266,0,205,265,0,218,265,0,185,292,0,194,288,0,207,285,0,219,283,0,194,314,0,200,308,0,213,304,0,223,302,0,     HELP
127,360,0,113,332,0,111,314,0,111,305,0,108,301,0,160,343,0,195,347,0,223,350,0,248,352,0,178,354,0,223,348,0,257,345,0,286,342,0,189,358,0,229,350,0,260,345,0,286,341,0,196,355,0,225,352,0,246,348,0,265,346,0,     HELP
281,285,0,265,244,0,240,211,0,215,186,0,201,160,0,179,241,0,184,241,0,202,242,0,215,243,0,176,269,0,187,267,0,203,266,0,216,266,0,181,293,0,191,288,0,205,286,0,216,285,0,190,315,0,197,309,0,210,305,0,220,304,0,     HELP
126,358,0,112,333,0,107,315,0,105,305,0,102,299,0,151,340,0,187,346,0,217,348,0,242,350,0,169,353,0,213,349,0,247,346,0,276,343,0,181,358,0,220,352,0,250,348,0,276,345,0,189,356,0,217,353,0,238,352,0,257,351,0,     HELP
279,285,0,264,244,0,239,211,0,213,187,0,198,160,0,175,241,0,182,238,0,200,239,0,211,240,0,172,268,0,185,264,0,201,263,0,213,265,0,179,293,0,189,286,0,202,283,0,214,283,0,188,313,0,194,305,0,207,301,0,217,301,0,     HELP
125,357,0,109,333,0,104,316,0,102,307,0,101,300,0,154,343,0,190,346,0,218,347,0,242,347,0,171,353,0,214,349,0,246,345,0,274,341,0,183,357,0,221,351,0,250,346,0,275,342,0,190,354,0,217,352,0,237,350,0,256,350,0,     HELP
274,288,0,259,246,0,234,214,0,208,189,0,194,163,0,173,243,0,175,245,0,193,246,0,205,247,0,170,271,0,176,270,0,193,270,0,206,270,0,175,296,0,182,292,0,196,290,0,208,289,0,184,318,0,189,311,0,203,308,0,214,306,0,     HELP
116,362,0,101,337,0,98,319,0,99,308,0,102,299,0,148,343,0,186,348,0,215,351,0,239,354,0,164,355,0,208,352,0,241,349,0,269,346,0,175,361,0,213,355,0,242,351,0,267,348,0,181,358,0,209,356,0,229,354,0,247,354,0,     HELP
268,287,0,253,245,0,226,212,0,200,186,0,186,161,0,167,241,0,171,240,0,190,241,0,202,242,0,163,269,0,171,266,0,188,265,0,202,266,0,168,294,0,175,288,0,190,286,0,203,286,0,177,316,0,181,308,0,195,305,0,206,304,0,     HELP
114,360,0,100,335,0,96,317,0,95,306,0,96,298,0,144,344,0,179,347,0,206,348,0,228,349,0,160,355,0,202,351,0,232,347,0,258,343,0,171,359,0,208,354,0,235,348,0,258,345,0,179,358,0,205,355,0,224,353,0,240,352,0,     HELP
265,289,0,250,246,0,224,213,0,197,187,0,181,162,0,164,243,0,165,238,0,184,238,0,196,240,0,160,271,0,168,263,0,185,262,0,199,264,0,166,295,0,173,285,0,187,283,0,200,284,0,175,316,0,179,306,0,192,302,0,203,302,0,     HELP
110,360,0,95,335,0,89,317,0,88,305,0,89,299,0,140,342,0,177,347,0,206,349,0,231,352,0,157,354,0,200,349,0,233,345,0,262,341,0,168,359,0,206,352,0,234,346,0,259,342,0,175,356,0,201,354,0,221,351,0,239,349,0,     HELP
261,286,0,246,245,0,219,212,0,192,188,0,177,163,0,158,244,0,162,241,0,182,241,0,195,242,0,155,271,0,164,267,0,181,266,0,195,267,0,162,296,0,170,291,0,184,288,0,197,287,0,171,318,0,176,313,0,189,308,0,201,307,0,     HELP
107,362,0,93,336,0,87,319,0,83,306,0,77,299,0,138,344,0,174,349,0,202,351,0,227,354,0,155,355,0,199,349,0,231,346,0,260,342,0,167,358,0,205,351,0,233,346,0,258,341,0,175,355,0,201,351,0,220,347,0,239,345,0,     HELP
257,289,0,242,247,0,214,215,0,187,191,0,171,166,0,153,245,0,150,254,0,166,257,0,180,258,0,150,272,0,157,279,0,173,278,0,187,275,0,156,297,0,163,299,0,177,296,0,191,292,0,165,319,0,171,319,0,185,314,0,197,310,0,     HELP
105,362,0,90,337,0,84,319,0,78,306,0,71,300,0,130,346,0,164,351,0,191,353,0,215,356,0,148,356,0,190,351,0,222,347,0,251,344,0,160,359,0,197,352,0,225,348,0,249,343,0,168,356,0,194,353,0,214,349,0,233,346,0,     HELP
256,289,0,240,247,0,213,214,0,185,189,0,168,164,0,150,245,0,156,245,0,175,245,0,189,247,0,148,272,0,160,271,0,177,269,0,191,270,0,154,297,0,164,293,0,178,290,0,191,289,0,164,319,0,169,314,0,183,310,0,195,308,0,     HELP
104,363,0,89,338,0,83,319,0,79,307,0,77,299,0,129,348,0,162,350,0,188,351,0,211,353,0,146,357,0,190,349,0,222,343,0,250,338,0,159,361,0,197,351,0,225,344,0,249,338,0,166,359,0,192,353,0,211,348,0,229,344,0,     HELP
249,287,0,233,245,0,206,214,0,180,189,0,163,164,0,146,244,0,145,245,0,163,246,0,177,247,0,143,272,0,152,272,0,168,270,0,182,269,0,150,297,0,158,294,0,171,290,0,184,288,0,160,319,0,165,315,0,179,310,0,190,308,0,     HELP
103,358,0,85,336,0,77,319,0,69,307,0,63,301,0,125,346,0,153,351,0,178,353,0,201,356,0,144,354,0,185,349,0,217,347,0,245,344,0,157,357,0,192,351,0,219,347,0,243,343,0,164,355,0,188,353,0,206,350,0,223,349,0,     HELP
247,286,0,230,245,0,203,213,0,177,188,0,160,165,0,139,246,0,143,243,0,162,243,0,175,244,0,137,273,0,148,268,0,165,266,0,179,267,0,145,298,0,153,291,0,167,287,0,181,286,0,155,319,0,160,313,0,174,308,0,186,306,0,     HELP
100,361,0,82,339,0,74,321,0,66,308,0,62,302,0,127,347,0,155,351,0,179,354,0,200,357,0,145,353,0,183,348,0,212,346,0,238,343,0,157,355,0,190,349,0,215,344,0,237,341,0,164,352,0,187,349,0,204,345,0,221,344,0,     HELP
241,287,0,225,245,0,197,212,0,171,188,0,154,164,0,135,245,0,143,243,0,162,243,0,176,245,0,133,272,0,144,269,0,160,267,0,174,268,0,140,296,0,149,291,0,163,287,0,175,286,0,150,318,0,157,312,0,169,306,0,181,304,0,     HELP
94,359,0,77,336,0,70,318,0,62,306,0,53,300,0,119,348,0,147,352,0,169,354,0,190,355,0,138,354,0,177,350,0,205,346,0,230,342,0,151,357,0,185,351,0,209,346,0,232,342,0,158,354,0,180,351,0,195,348,0,211,346,0,     HELP
238,287,0,220,244,0,192,210,0,165,186,0,149,161,0,128,246,0,143,233,0,164,232,0,177,235,0,127,274,0,143,261,0,160,258,0,174,261,0,136,298,0,145,284,0,159,280,0,173,282,0,147,318,0,148,307,0,161,301,0,173,300,0,     HELP
95,356,0,80,333,0,72,313,0,57,300,0,42,294,0,120,341,0,147,347,0,169,351,0,189,354,0,135,349,0,170,348,0,196,347,0,218,345,0,146,354,0,176,350,0,199,346,0,218,343,0,152,352,0,175,349,0,191,347,0,206,346,0,     HELP
230,286,0,212,242,0,184,209,0,157,184,0,139,160,0,123,243,0,138,232,0,159,231,0,171,234,0,120,271,0,140,259,0,158,257,0,170,259,0,128,295,0,144,283,0,158,279,0,169,281,0,139,316,0,147,307,0,160,301,0,170,300,0,     HELP
95,357,0,78,333,0,66,315,0,51,302,0,36,293,0,111,339,0,135,347,0,158,351,0,178,354,0,128,349,0,163,348,0,189,347,0,212,345,0,140,353,0,171,350,0,193,347,0,213,345,0,148,351,0,172,349,0,187,348,0,202,348,0,     HELP
224,286,0,207,242,0,178,209,0,151,185,0,133,162,0,118,244,0,133,238,0,154,238,0,166,241,0,117,272,0,134,264,0,151,262,0,163,264,0,124,296,0,138,287,0,151,283,0,162,283,0,136,317,0,143,308,0,155,302,0,165,300,0,     HELP
86,359,0,68,336,0,58,316,0,42,301,0,26,291,0,99,339,0,124,346,0,148,351,0,168,356,0,117,350,0,149,351,0,173,353,0,193,355,0,129,355,0,156,356,0,175,356,0,191,356,0,136,353,0,157,354,0,171,355,0,182,356,0,     HELP
223,287,0,206,243,0,177,211,0,149,187,0,132,163,0,117,245,0,129,239,0,149,238,0,162,241,0,115,273,0,132,266,0,148,263,0,161,265,0,122,297,0,136,288,0,149,284,0,160,285,0,134,318,0,142,310,0,154,304,0,164,302,0,     HELP
79,355,0,65,335,0,55,314,0,41,300,0,27,291,0,85,339,0,107,345,0,126,348,0,141,351,0,99,350,0,125,353,0,144,354,0,159,356,0,110,355,0,134,356,0,149,356,0,163,356,0,118,355,0,137,355,0,150,356,0,161,357,0,     HELP
406,265,0,394,225,0,371,193,0,349,163,0,339,134,0,312,212,0,310,216,0,328,220,0,340,222,0,305,239,0,308,237,0,324,238,0,337,241,0,308,263,0,308,258,0,321,256,0,334,258,0,314,284,0,314,275,0,325,272,0,335,273,0,     HELP
271,314,0,261,297,0,268,285,0,278,273,0,293,262,0,332,317,0,371,318,0,402,319,0,428,320,0,345,320,0,391,317,0,425,317,0,455,317,0,352,321,0,394,320,0,425,319,0,450,321,0,357,321,0,389,324,0,411,324,0,432,326,0,     HELP
407,269,0,393,228,0,370,195,0,348,167,0,340,138,0,309,217,0,310,213,0,328,216,0,339,220,0,303,243,0,306,233,0,322,233,0,334,238,0,307,267,0,307,254,0,320,253,0,332,256,0,314,286,0,313,273,0,325,270,0,334,272,0,     HELP
263,320,0,252,297,0,260,284,0,274,275,0,289,264,0,322,317,0,366,319,0,399,320,0,427,323,0,336,323,0,383,321,0,420,321,0,452,321,0,344,326,0,387,324,0,420,323,0,446,324,0,350,326,0,383,326,0,407,325,0,427,327,0,     HELP
427,259,0,415,220,0,392,188,0,371,160,0,361,130,0,334,208,0,337,209,0,354,213,0,365,215,0,329,235,0,336,231,0,353,231,0,365,235,0,333,259,0,335,250,0,348,250,0,360,251,0,339,279,0,339,268,0,351,266,0,361,266,0,     HELP
284,314,0,274,290,0,282,276,0,296,266,0,311,253,0,345,313,0,389,313,0,423,314,0,451,314,0,359,321,0,407,318,0,445,313,0,477,308,0,367,324,0,410,319,0,444,314,0,472,311,0,372,321,0,406,320,0,432,318,0,454,318,0,     HELP
442,260,0,429,220,0,406,189,0,384,161,0,373,132,0,350,209,0,351,208,0,369,211,0,380,213,0,343,236,0,348,229,0,365,230,0,377,234,0,346,260,0,346,249,0,360,249,0,372,251,0,352,279,0,350,268,0,362,265,0,372,266,0,     HELP
293,317,0,284,290,0,292,275,0,307,266,0,323,256,0,356,310,0,401,312,0,436,313,0,465,314,0,367,320,0,417,318,0,455,313,0,488,309,0,374,325,0,418,321,0,453,316,0,481,313,0,379,324,0,414,322,0,441,319,0,463,319,0,     HELP
448,260,0,435,220,0,411,190,0,390,162,0,382,132,0,356,208,0,356,212,0,374,216,0,386,217,0,350,235,0,351,235,0,367,236,0,381,237,0,353,260,0,349,254,0,361,254,0,374,255,0,360,279,0,355,272,0,367,270,0,377,269,0,     HELP
304,319,0,294,291,0,304,276,0,318,266,0,333,256,0,364,311,0,410,311,0,445,312,0,474,314,0,377,322,0,426,319,0,464,314,0,496,309,0,384,327,0,427,323,0,460,318,0,487,317,0,389,326,0,423,323,0,448,321,0,469,322,0,     HELP
467,263,0,451,222,0,426,190,0,405,162,0,398,132,0,372,212,0,375,214,0,393,218,0,405,220,0,366,240,0,373,237,0,390,238,0,402,241,0,370,264,0,372,257,0,385,256,0,397,257,0,376,283,0,377,274,0,389,271,0,398,271,0,     HELP
314,324,0,306,297,0,316,281,0,333,270,0,348,260,0,378,314,0,426,315,0,461,316,0,490,317,0,390,327,0,440,323,0,478,317,0,511,311,0,396,333,0,441,326,0,475,320,0,503,317,0,401,331,0,437,328,0,464,324,0,487,323,0,     HELP
471,264,0,458,223,0,434,193,0,412,165,0,405,135,0,382,211,0,371,212,0,386,216,0,400,217,0,376,238,0,375,236,0,391,237,0,404,239,0,377,262,0,376,255,0,389,254,0,402,254,0,381,282,0,382,272,0,393,270,0,403,270,0,     HELP
324,323,0,314,296,0,323,282,0,337,273,0,353,264,0,384,314,0,431,316,0,467,317,0,497,317,0,398,325,0,450,322,0,489,317,0,522,312,0,406,329,0,452,325,0,487,319,0,516,316,0,412,328,0,448,325,0,474,322,0,497,321,0,     HELP
495,265,0,482,224,0,456,191,0,435,162,0,431,133,0,404,210,0,390,215,0,406,219,0,421,221,0,398,236,0,394,237,0,410,238,0,424,240,0,401,260,0,397,255,0,410,255,0,423,255,0,406,280,0,403,270,0,415,269,0,425,269,0,     HELP
344,327,0,334,300,0,345,282,0,364,271,0,386,260,0,412,315,0,462,316,0,498,316,0,528,316,0,424,326,0,477,321,0,515,315,0,549,310,0,431,331,0,478,324,0,513,318,0,542,315,0,436,329,0,473,324,0,500,320,0,523,318,0,     HELP
506,267,0,493,226,0,469,194,0,447,167,0,442,137,0,416,212,0,391,220,0,405,225,0,421,225,0,410,238,0,395,242,0,409,243,0,424,242,0,413,263,0,402,260,0,414,260,0,427,259,0,418,283,0,411,276,0,423,276,0,434,275,0,     HELP
353,329,0,345,302,0,356,285,0,375,274,0,397,265,0,422,319,0,472,319,0,509,319,0,540,319,0,434,331,0,486,326,0,526,320,0,560,315,0,441,336,0,488,330,0,523,324,0,552,320,0,445,334,0,483,330,0,510,325,0,534,323,0,     HELP
513,269,0,501,228,0,480,195,0,457,168,0,452,138,0,429,213,0,393,220,0,402,224,0,418,225,0,422,238,0,402,240,0,417,239,0,432,238,0,423,263,0,409,257,0,421,257,0,434,257,0,425,283,0,416,273,0,429,272,0,441,271,0,     HELP
357,328,0,352,300,0,366,284,0,386,273,0,408,263,0,436,319,0,489,321,0,526,321,0,555,322,0,445,332,0,497,329,0,535,323,0,566,318,0,448,338,0,493,332,0,527,327,0,554,323,0,450,336,0,487,332,0,513,328,0,536,327,0,     HELP
525,268,0,510,226,0,488,193,0,466,164,0,460,134,0,437,212,0,400,217,0,408,222,0,423,223,0,431,238,0,411,238,0,426,237,0,441,236,0,432,262,0,417,255,0,430,255,0,444,256,0,435,282,0,425,272,0,438,271,0,450,270,0,     HELP
358,327,0,356,299,0,373,284,0,395,273,0,418,263,0,443,320,0,499,320,0,537,320,0,568,320,0,450,333,0,507,327,0,546,321,0,578,316,0,453,337,0,500,331,0,535,325,0,563,322,0,454,335,0,491,331,0,517,327,0,539,325,0,     HELP
535,273,0,522,231,0,500,199,0,479,169,0,474,139,0,451,217,0,414,220,0,423,224,0,438,225,0,444,242,0,424,241,0,438,240,0,452,239,0,445,265,0,430,258,0,442,257,0,455,258,0,448,284,0,437,273,0,449,271,0,461,271,0,     HELP
370,330,0,369,301,0,387,287,0,411,276,0,432,264,0,455,324,0,510,324,0,548,324,0,579,325,0,464,338,0,519,333,0,559,326,0,591,320,0,466,344,0,512,341,0,548,335,0,576,332,0,466,343,0,502,346,0,529,346,0,553,347,0,     HELP
542,274,0,530,233,0,508,201,0,486,171,0,481,141,0,456,217,0,419,223,0,430,227,0,446,228,0,450,242,0,427,245,0,440,245,0,454,243,0,451,266,0,434,263,0,445,262,0,458,262,0,453,286,0,441,278,0,453,276,0,465,275,0,     HELP
379,332,0,374,304,0,389,290,0,412,281,0,435,269,0,458,326,0,514,327,0,554,327,0,587,328,0,469,338,0,526,334,0,567,328,0,602,324,0,473,343,0,522,338,0,559,332,0,589,329,0,476,340,0,514,338,0,543,335,0,566,334,0,     HELP
549,274,0,537,233,0,516,201,0,495,171,0,489,142,0,463,218,0,425,224,0,437,227,0,454,227,0,457,244,0,433,245,0,446,244,0,461,243,0,458,267,0,441,263,0,452,263,0,465,263,0,461,287,0,448,278,0,460,277,0,472,277,0,     HELP
381,335,0,378,306,0,395,291,0,419,281,0,444,269,0,464,327,0,523,327,0,562,327,0,595,327,0,474,341,0,532,336,0,574,330,0,609,325,0,478,346,0,527,341,0,563,336,0,592,333,0,481,344,0,518,342,0,545,339,0,567,338,0,     HELP
554,273,0,542,231,0,521,200,0,501,169,0,496,140,0,469,216,0,429,224,0,441,229,0,458,229,0,464,242,0,434,245,0,446,245,0,461,242,0,464,266,0,442,262,0,452,262,0,465,261,0,466,284,0,449,276,0,461,274,0,474,273,0,     HELP
386,333,0,383,306,0,401,291,0,425,280,0,450,268,0,471,326,0,530,326,0,569,326,0,602,327,0,480,339,0,539,335,0,580,329,0,615,325,0,484,344,0,531,340,0,568,336,0,596,335,0,485,342,0,522,340,0,548,338,0,570,338,0,     HELP
564,272,0,551,232,0,529,200,0,511,169,0,506,139,0,479,215,0,438,223,0,452,228,0,470,227,0,474,241,0,442,245,0,454,245,0,470,242,0,474,265,0,449,262,0,459,262,0,473,260,0,477,284,0,455,275,0,466,274,0,480,272,0,     HELP
391,330,0,391,301,0,411,286,0,437,276,0,463,265,0,476,324,0,536,325,0,576,326,0,608,327,0,484,338,0,543,334,0,584,330,0,619,327,0,488,344,0,537,338,0,574,334,0,603,333,0,489,342,0,527,338,0,555,335,0,577,333,0,     HELP
579,277,0,566,235,0,541,203,0,522,169,0,519,139,0,492,216,0,451,222,0,460,228,0,476,230,0,486,242,0,458,243,0,470,243,0,485,242,0,486,267,0,468,261,0,479,261,0,493,262,0,489,287,0,477,276,0,489,274,0,503,274,0,     HELP
398,332,0,400,303,0,422,287,0,449,276,0,476,266,0,484,322,0,540,325,0,580,326,0,612,327,0,493,337,0,549,336,0,590,333,0,625,330,0,497,345,0,546,341,0,582,338,0,612,336,0,498,344,0,537,342,0,566,339,0,590,338,0,     HELP
579,273,0,566,232,0,541,199,0,522,166,0,520,136,0,494,215,0,452,222,0,464,227,0,483,226,0,488,242,0,456,243,0,469,243,0,484,241,0,489,266,0,465,261,0,476,261,0,489,260,0,491,284,0,473,275,0,485,274,0,499,273,0,     HELP
404,331,0,404,301,0,424,286,0,451,275,0,478,266,0,488,323,0,547,326,0,588,326,0,620,326,0,496,337,0,555,336,0,596,330,0,629,327,0,499,344,0,548,339,0,585,333,0,613,330,0,500,342,0,538,339,0,565,334,0,587,331,0,     HELP
553,264,0,541,225,0,520,194,0,502,165,0,498,137,0,473,210,0,437,216,0,447,222,0,465,224,0,467,235,0,447,241,0,460,242,0,474,240,0,467,257,0,454,258,0,465,258,0,477,257,0,470,276,0,462,271,0,474,271,0,486,270,0,     HELP
397,323,0,395,293,0,411,275,0,432,266,0,453,257,0,472,308,0,525,311,0,563,312,0,592,313,0,481,324,0,533,323,0,571,319,0,602,316,0,485,332,0,530,327,0,564,323,0,591,321,0,488,331,0,524,327,0,550,324,0,571,322,0,     HELP
542,267,0,531,228,0,510,198,0,492,171,0,489,143,0,463,215,0,431,218,0,442,221,0,459,222,0,457,239,0,440,238,0,454,238,0,468,238,0,457,260,0,446,254,0,457,254,0,470,255,0,460,277,0,451,267,0,463,267,0,475,267,0,     HELP
390,322,0,390,292,0,407,275,0,427,265,0,445,257,0,467,307,0,516,310,0,551,312,0,579,315,0,473,323,0,524,322,0,559,319,0,589,318,0,476,331,0,520,327,0,552,324,0,578,324,0,477,331,0,512,328,0,537,325,0,557,324,0,     HELP
533,268,0,521,229,0,501,200,0,482,174,0,479,147,0,454,216,0,425,218,0,437,222,0,453,224,0,448,240,0,431,239,0,444,238,0,457,238,0,449,262,0,436,254,0,447,253,0,459,254,0,452,278,0,442,266,0,454,265,0,465,265,0,     HELP
385,320,0,385,291,0,400,275,0,418,265,0,436,256,0,458,305,0,507,310,0,542,311,0,569,313,0,465,320,0,515,321,0,550,318,0,579,316,0,468,329,0,510,326,0,541,323,0,566,322,0,469,331,0,500,328,0,523,324,0,542,323,0,     HELP
519,268,0,510,231,0,490,203,0,473,178,0,469,152,0,443,221,0,419,222,0,430,226,0,445,227,0,438,244,0,426,242,0,439,241,0,450,242,0,441,264,0,432,257,0,443,256,0,453,256,0,446,279,0,440,269,0,450,268,0,459,269,0,     HELP
380,321,0,380,291,0,395,274,0,413,263,0,429,255,0,452,308,0,500,311,0,533,312,0,559,313,0,458,323,0,506,323,0,540,319,0,567,315,0,461,332,0,503,328,0,533,323,0,556,321,0,464,332,0,497,329,0,520,326,0,539,324,0,     HELP
512,268,0,503,232,0,484,205,0,466,180,0,461,155,0,439,221,0,413,223,0,423,227,0,437,230,0,434,244,0,419,244,0,431,244,0,443,243,0,436,264,0,426,258,0,436,256,0,447,256,0,440,279,0,434,269,0,444,268,0,454,268,0,     HELP
378,320,0,377,290,0,390,273,0,407,262,0,424,255,0,444,307,0,489,308,0,522,309,0,548,311,0,452,322,0,499,320,0,533,316,0,561,312,0,457,331,0,498,326,0,528,321,0,552,318,0,460,330,0,493,327,0,516,324,0,535,323,0,     HELP
501,267,0,493,232,0,474,205,0,456,181,0,451,156,0,430,222,0,408,223,0,416,228,0,429,231,0,425,244,0,413,245,0,424,245,0,435,244,0,426,263,0,421,258,0,430,256,0,440,256,0,429,279,0,428,269,0,437,267,0,446,267,0,     HELP
369,319,0,369,289,0,382,272,0,398,259,0,415,250,0,436,304,0,481,307,0,514,308,0,540,309,0,443,320,0,489,318,0,524,314,0,552,311,0,447,328,0,487,325,0,518,321,0,542,318,0,450,329,0,482,327,0,504,324,0,523,323,0,     HELP
486,261,0,479,229,0,460,202,0,442,179,0,436,155,0,413,217,0,396,220,0,406,224,0,419,225,0,408,237,0,403,241,0,416,241,0,428,240,0,409,257,0,405,255,0,416,255,0,427,254,0,412,274,0,406,268,0,416,267,0,424,266,0,     HELP
356,315,0,355,283,0,369,266,0,385,253,0,403,243,0,422,301,0,466,302,0,500,302,0,527,303,0,430,317,0,476,314,0,511,309,0,540,305,0,435,325,0,475,320,0,506,316,0,530,312,0,437,325,0,470,323,0,494,320,0,513,319,0,     HELP
478,262,0,469,229,0,450,204,0,433,181,0,427,157,0,404,219,0,392,223,0,404,227,0,416,229,0,401,239,0,398,242,0,413,242,0,424,242,0,403,259,0,404,256,0,415,255,0,425,255,0,408,275,0,408,268,0,419,266,0,427,266,0,     HELP
347,318,0,346,287,0,359,269,0,376,255,0,392,244,0,411,302,0,456,303,0,489,303,0,515,303,0,420,318,0,467,314,0,501,309,0,529,303,0,425,326,0,466,321,0,496,315,0,520,311,0,427,326,0,460,323,0,483,320,0,502,318,0,     HELP
469,267,0,462,235,0,445,208,0,427,185,0,423,161,0,401,222,0,390,224,0,402,228,0,413,231,0,396,241,0,397,241,0,410,242,0,420,243,0,397,260,0,399,255,0,410,255,0,419,256,0,400,275,0,401,268,0,411,267,0,418,268,0,     HELP
340,321,0,339,289,0,353,271,0,371,258,0,387,246,0,406,305,0,452,306,0,484,306,0,509,307,0,413,321,0,460,317,0,493,312,0,519,307,0,418,329,0,458,323,0,487,318,0,509,314,0,421,329,0,452,324,0,473,320,0,492,317,0,     HELP
460,267,0,452,235,0,434,210,0,416,188,0,410,165,0,389,227,0,381,225,0,393,226,0,404,228,0,385,247,0,388,242,0,402,243,0,411,245,0,387,265,0,390,258,0,401,258,0,410,260,0,390,281,0,391,273,0,400,272,0,408,273,0,     HELP
335,323,0,332,293,0,343,275,0,358,262,0,373,250,0,397,306,0,441,307,0,473,306,0,497,306,0,405,321,0,449,318,0,482,312,0,508,307,0,410,330,0,448,324,0,477,318,0,500,314,0,413,330,0,443,326,0,465,322,0,483,319,0,     HELP
451,265,0,443,233,0,424,207,0,407,185,0,401,163,0,379,226,0,378,221,0,391,223,0,402,227,0,375,246,0,379,239,0,392,240,0,402,245,0,376,263,0,378,255,0,389,255,0,399,258,0,379,278,0,373,269,0,381,267,0,388,268,0,     HELP
325,323,0,323,291,0,335,272,0,350,259,0,363,247,0,388,302,0,430,303,0,461,303,0,485,303,0,396,317,0,439,313,0,471,308,0,498,303,0,401,325,0,438,319,0,466,314,0,489,310,0,403,326,0,433,321,0,454,317,0,473,315,0,     HELP
443,269,0,434,237,0,415,211,0,396,190,0,390,168,0,367,231,0,367,224,0,380,227,0,389,230,0,362,250,0,366,243,0,379,243,0,388,247,0,364,268,0,364,259,0,375,258,0,385,261,0,368,282,0,360,274,0,366,271,0,371,271,0,     HELP
318,324,0,314,294,0,324,275,0,338,262,0,350,250,0,376,305,0,417,305,0,449,304,0,473,304,0,385,321,0,430,317,0,463,311,0,491,307,0,391,329,0,431,323,0,461,317,0,485,313,0,394,329,0,425,325,0,448,321,0,469,320,0,     HELP
426,282,0,415,249,0,395,225,0,376,203,0,368,180,0,349,246,0,335,242,0,348,243,0,360,245,0,345,267,0,339,260,0,352,258,0,362,260,0,347,286,0,340,276,0,351,274,0,361,275,0,352,302,0,341,293,0,347,290,0,354,290,0,     HELP
302,340,0,296,314,0,305,297,0,318,284,0,330,272,0,363,326,0,402,325,0,431,325,0,455,324,0,373,336,0,414,332,0,445,326,0,471,320,0,379,340,0,415,334,0,443,328,0,465,324,0,381,339,0,411,336,0,432,331,0,450,329,0,     HELP
423,292,0,412,258,0,393,231,0,373,209,0,365,185,0,346,253,0,339,246,0,352,246,0,362,248,0,341,274,0,337,265,0,350,262,0,360,265,0,343,293,0,337,282,0,347,279,0,357,280,0,347,308,0,339,296,0,348,293,0,355,294,0,     HELP
296,348,0,291,322,0,302,304,0,315,292,0,325,280,0,357,332,0,394,332,0,423,332,0,447,333,0,366,343,0,406,337,0,437,332,0,464,327,0,371,348,0,408,342,0,435,336,0,459,333,0,373,349,0,404,344,0,426,341,0,445,340,0,     HELP
420,306,0,409,273,0,391,245,0,370,222,0,360,198,0,343,269,0,338,262,0,351,263,0,361,267,0,337,290,0,332,279,0,345,278,0,355,281,0,338,308,0,330,295,0,341,293,0,351,295,0,341,323,0,331,310,0,339,306,0,347,307,0,     HELP
285,362,0,282,336,0,293,318,0,307,307,0,317,296,0,343,350,0,384,348,0,414,347,0,438,347,0,349,362,0,391,359,0,423,356,0,450,355,0,353,368,0,390,363,0,418,360,0,442,360,0,355,366,0,385,364,0,407,362,0,425,363,0,     HELP
416,310,0,406,277,0,388,250,0,368,228,0,358,204,0,340,273,0,335,268,0,348,270,0,358,274,0,334,294,0,327,284,0,339,284,0,349,287,0,335,312,0,324,300,0,334,299,0,345,301,0,338,326,0,324,316,0,332,313,0,340,314,0,     HELP
285,365,0,281,340,0,290,324,0,303,312,0,316,301,0,341,357,0,380,356,0,410,355,0,434,354,0,348,367,0,390,365,0,421,361,0,447,357,0,353,371,0,390,367,0,417,363,0,441,361,0,357,369,0,387,366,0,409,363,0,428,362,0,     HELP
414,321,0,405,286,0,385,258,0,364,235,0,355,210,0,334,282,0,333,274,0,347,276,0,356,280,0,329,303,0,325,291,0,337,289,0,347,293,0,330,321,0,323,306,0,334,304,0,344,307,0,334,334,0,324,321,0,332,318,0,339,320,0,     HELP
284,368,0,281,345,0,291,329,0,302,317,0,311,306,0,346,364,0,386,364,0,416,365,0,440,365,0,353,370,0,396,368,0,428,365,0,455,363,0,359,373,0,397,369,0,425,366,0,449,365,0,364,370,0,394,367,0,415,365,0,434,365,0,     HELP
415,336,0,405,299,0,384,271,0,362,248,0,352,225,0,328,300,0,321,279,0,339,277,0,350,283,0,324,321,0,318,299,0,332,294,0,344,299,0,329,338,0,319,318,0,331,313,0,342,316,0,336,351,0,324,334,0,333,329,0,342,331,0,     HELP
287,388,0,280,366,0,286,350,0,297,340,0,310,331,0,350,379,0,388,378,0,416,377,0,439,378,0,361,383,0,402,376,0,433,374,0,457,373,0,367,386,0,405,379,0,431,376,0,453,376,0,372,386,0,401,382,0,421,379,0,439,379,0,     HELP
415,364,0,401,327,0,378,300,0,357,279,0,344,256,0,323,330,0,311,311,0,323,301,0,334,298,0,320,352,0,311,329,0,323,319,0,336,317,0,326,369,0,314,348,0,324,338,0,336,336,0,335,381,0,322,364,0,328,354,0,337,352,0,     HELP
292,406,0,286,399,0,290,390,0,297,380,0,306,371,0,349,410,0,384,408,0,410,407,0,432,406,0,360,409,0,399,404,0,426,403,0,450,402,0,367,409,0,402,405,0,426,404,0,445,404,0,371,410,0,397,409,0,415,408,0,431,408,0,     HELP
412,367,0,398,330,0,375,303,0,354,281,0,341,258,0,319,333,0,309,312,0,320,301,0,331,297,0,317,356,0,306,333,0,316,322,0,329,318,0,323,374,0,309,354,0,317,343,0,329,338,0,332,387,0,318,370,0,323,360,0,332,356,0,     HELP
269,415,0,268,393,0,279,382,0,290,376,0,299,371,0,333,418,0,374,415,0,404,413,0,428,411,0,343,424,0,387,415,0,420,410,0,445,407,0,349,425,0,389,416,0,417,411,0,440,409,0,354,422,0,386,418,0,407,414,0,426,413,0,     HELP
403,372,0,392,336,0,371,309,0,349,287,0,338,265,0,317,334,0,304,321,0,316,314,0,328,313,0,313,357,0,300,339,0,312,331,0,324,331,0,317,376,0,303,358,0,312,350,0,323,349,0,324,390,0,311,373,0,317,367,0,325,365,0,     HELP
264,419,0,263,396,0,274,383,0,283,374,0,288,362,0,325,421,0,365,419,0,394,419,0,417,420,0,335,426,0,378,419,0,410,416,0,435,414,0,340,427,0,379,421,0,406,416,0,429,415,0,345,426,0,375,422,0,395,418,0,413,417,0,     HELP
391,375,0,379,338,0,359,311,0,338,290,0,326,271,0,303,338,0,290,322,0,306,318,0,319,320,0,300,362,0,290,341,0,304,335,0,317,338,0,305,380,0,294,360,0,306,355,0,318,357,0,312,393,0,301,375,0,310,370,0,320,371,0,     HELP
264,423,0,256,402,0,263,387,0,273,377,0,284,367,0,318,421,0,354,421,0,381,422,0,403,422,0,330,424,0,371,419,0,401,417,0,426,416,0,339,425,0,376,421,0,401,417,0,422,417,0,345,425,0,373,424,0,392,422,0,409,422,0,     HELP
369,372,0,357,336,0,337,308,0,318,285,0,305,264,0,279,334,0,277,320,0,291,317,0,302,320,0,276,356,0,276,340,0,290,336,0,301,339,0,281,375,0,277,359,0,289,355,0,300,357,0,287,390,0,280,376,0,289,371,0,298,371,0,     HELP
348,373,0,338,336,0,316,308,0,294,286,0,279,263,0,259,335,0,259,322,0,275,320,0,285,324,0,255,357,0,256,343,0,270,339,0,282,341,0,259,375,0,252,361,0,264,356,0,276,357,0,264,389,0,251,376,0,257,370,0,264,369,0,     HELP
343,377,0,330,339,0,306,309,0,284,287,0,271,266,0,248,340,0,248,316,0,265,308,0,278,309,0,244,363,0,247,336,0,264,327,0,279,330,0,249,380,0,248,355,0,264,347,0,278,348,0,256,393,0,251,373,0,261,365,0,272,365,0,     HELP
337,378,0,325,342,0,303,312,0,280,291,0,266,269,0,246,341,0,246,322,0,263,317,0,276,318,0,242,364,0,245,340,0,262,334,0,276,337,0,245,382,0,245,359,0,259,353,0,273,354,0,252,395,0,247,376,0,256,369,0,267,370,0,     HELP
327,374,0,315,337,0,291,310,0,268,290,0,253,267,0,233,338,0,235,320,0,254,315,0,268,318,0,229,360,0,233,338,0,251,333,0,265,337,0,233,378,0,232,356,0,247,350,0,261,353,0,239,392,0,233,373,0,243,367,0,254,368,0,     HELP
326,373,0,313,337,0,289,309,0,265,289,0,250,267,0,235,339,0,235,325,0,251,322,0,262,325,0,231,360,0,233,344,0,248,340,0,260,343,0,235,379,0,234,361,0,247,357,0,258,359,0,241,393,0,237,377,0,246,372,0,255,373,0,     HELP
323,374,0,308,338,0,283,309,0,258,289,0,243,267,0,232,337,0,226,326,0,239,322,0,250,323,0,229,359,0,225,345,0,238,340,0,250,342,0,233,378,0,227,362,0,238,357,0,249,358,0,239,394,0,231,379,0,238,373,0,246,373,0,     HELP
302,389,0,289,352,0,263,322,0,238,300,0,222,278,0,212,348,0,208,339,0,223,338,0,234,340,0,207,371,0,212,360,0,225,357,0,237,359,0,211,392,0,212,378,0,223,374,0,234,376,0,217,408,0,214,394,0,224,390,0,233,391,0,     HELP
178,434,0,167,418,0,162,405,0,160,397,0,163,392,0,213,436,0,245,439,0,268,440,0,290,442,0,231,438,0,270,434,0,299,432,0,324,430,0,242,439,0,277,434,0,302,431,0,323,430,0,247,438,0,273,436,0,291,433,0,309,432,0,     HELP
289,398,0,278,358,0,248,330,0,222,308,0,204,286,0,192,358,0,198,344,0,215,345,0,225,350,0,189,382,0,199,367,0,215,365,0,224,370,0,195,402,0,198,386,0,212,383,0,223,386,0,202,417,0,195,403,0,203,397,0,211,397,0,     HELP
169,438,0,159,422,0,156,410,0,152,404,0,145,403,0,203,444,0,232,449,0,255,451,0,274,453,0,219,447,0,258,447,0,287,446,0,313,443,0,230,449,0,265,449,0,292,447,0,314,445,0,236,448,0,260,449,0,280,447,0,297,447,0,     HELP
282,396,0,269,358,0,241,329,0,216,309,0,199,289,0,187,358,0,191,344,0,208,344,0,219,348,0,184,380,0,195,365,0,211,363,0,222,368,0,189,399,0,197,382,0,210,380,0,222,383,0,196,415,0,193,400,0,201,394,0,208,394,0,     HELP
168,442,0,157,425,0,151,413,0,144,406,0,136,404,0,194,447,0,223,447,0,247,447,0,268,448,0,211,451,0,250,446,0,279,444,0,304,441,0,223,453,0,258,451,0,283,448,0,305,447,0,229,453,0,254,453,0,273,452,0,290,453,0,     HELP
288,392,0,274,353,0,246,325,0,221,304,0,203,285,0,191,356,0,197,344,0,213,345,0,223,349,0,189,380,0,200,366,0,215,365,0,226,369,0,196,399,0,200,386,0,213,382,0,225,383,0,204,415,0,192,403,0,192,394,0,194,391,0,     HELP
165,439,0,158,422,0,156,411,0,152,403,0,142,398,0,203,444,0,234,446,0,257,446,0,277,446,0,217,445,0,257,439,0,285,436,0,309,432,0,227,443,0,262,439,0,286,434,0,307,432,0,232,440,0,257,438,0,275,436,0,292,436,0,     HELP
311,393,0,297,358,0,271,330,0,246,308,0,232,286,0,218,354,0,211,347,0,225,347,0,235,350,0,214,377,0,215,367,0,229,365,0,240,369,0,217,397,0,217,385,0,229,382,0,240,384,0,224,415,0,219,403,0,229,398,0,237,399,0,     HELP
179,442,0,170,423,0,169,411,0,173,402,0,179,398,0,224,443,0,259,445,0,286,446,0,308,447,0,236,448,0,278,441,0,309,437,0,336,432,0,243,450,0,280,443,0,307,437,0,329,433,0,249,448,0,276,444,0,296,439,0,313,438,0,     HELP
332,392,0,318,354,0,292,325,0,268,302,0,253,281,0,237,353,0,235,339,0,251,338,0,262,342,0,233,375,0,233,358,0,247,355,0,259,358,0,237,394,0,233,376,0,245,371,0,258,373,0,244,410,0,238,392,0,247,387,0,256,388,0,     HELP
198,438,0,187,422,0,187,410,0,192,404,0,200,398,0,242,442,0,275,443,0,301,444,0,323,444,0,257,444,0,299,439,0,331,436,0,357,433,0,267,445,0,304,440,0,332,436,0,355,434,0,274,444,0,300,443,0,320,440,0,337,439,0,     HELP
334,393,0,321,354,0,295,325,0,271,302,0,257,280,0,239,352,0,240,332,0,256,327,0,267,330,0,235,375,0,237,352,0,252,347,0,264,350,0,239,394,0,236,372,0,249,365,0,262,367,0,246,409,0,240,389,0,249,382,0,259,383,0,     HELP
198,438,0,187,421,0,188,410,0,194,404,0,202,399,0,245,443,0,282,443,0,309,443,0,333,443,0,259,446,0,302,441,0,334,437,0,361,434,0,268,446,0,306,442,0,333,437,0,356,436,0,275,444,0,302,443,0,323,440,0,340,440,0,     HELP
342,389,0,329,352,0,306,323,0,283,302,0,269,280,0,248,352,0,247,331,0,264,329,0,275,334,0,244,375,0,245,350,0,261,347,0,274,353,0,249,393,0,244,370,0,258,366,0,271,370,0,256,407,0,248,388,0,258,383,0,268,386,0,     HELP
203,439,0,193,422,0,195,411,0,202,402,0,212,393,0,256,442,0,294,440,0,322,440,0,346,439,0,268,444,0,312,438,0,344,433,0,371,430,0,276,443,0,315,438,0,343,433,0,367,430,0,282,441,0,310,439,0,331,436,0,349,435,0,     HELP
364,378,0,355,340,0,335,311,0,315,288,0,303,266,0,279,338,0,272,320,0,286,317,0,298,320,0,274,359,0,272,338,0,287,334,0,298,338,0,277,377,0,272,357,0,285,353,0,296,355,0,283,390,0,275,373,0,284,368,0,293,369,0,     HELP
224,432,0,217,406,0,225,386,0,236,374,0,250,369,0,282,423,0,325,422,0,357,423,0,383,423,0,295,433,0,342,427,0,376,421,0,406,416,0,303,436,0,344,428,0,375,421,0,401,417,0,308,432,0,340,429,0,363,425,0,383,423,0,     HELP
385,377,0,374,340,0,356,313,0,337,290,0,328,268,0,302,336,0,286,324,0,300,322,0,314,324,0,297,360,0,283,343,0,296,339,0,309,342,0,299,379,0,285,362,0,295,357,0,307,359,0,304,393,0,290,378,0,298,374,0,307,374,0,     HELP
240,428,0,235,403,0,244,389,0,259,379,0,274,368,0,304,425,0,349,422,0,381,422,0,407,422,0,315,434,0,363,428,0,398,423,0,426,420,0,321,436,0,364,430,0,395,425,0,421,423,0,325,433,0,358,430,0,382,426,0,402,426,0,     HELP
403,384,0,395,348,0,378,322,0,361,297,0,354,274,0,325,342,0,301,327,0,317,324,0,332,327,0,319,366,0,299,346,0,312,341,0,325,344,0,320,385,0,303,365,0,313,360,0,325,362,0,324,399,0,308,383,0,316,377,0,326,377,0,     HELP
254,429,0,251,405,0,262,394,0,279,386,0,293,376,0,319,431,0,367,428,0,401,428,0,429,428,0,328,441,0,378,434,0,414,429,0,445,426,0,332,444,0,377,436,0,410,431,0,437,428,0,337,441,0,372,436,0,397,432,0,420,430,0,     HELP
418,393,0,407,357,0,389,330,0,372,304,0,365,280,0,337,351,0,313,338,0,327,337,0,341,340,0,331,375,0,310,358,0,323,354,0,336,357,0,332,395,0,312,377,0,323,372,0,336,375,0,336,410,0,316,394,0,325,389,0,335,390,0,     HELP
270,438,0,267,416,0,278,406,0,291,401,0,301,396,0,333,441,0,378,439,0,411,439,0,438,441,0,343,448,0,393,441,0,429,437,0,459,435,0,349,450,0,393,444,0,425,440,0,452,438,0,354,449,0,388,446,0,412,443,0,434,443,0,     HELP
449,399,0,439,362,0,420,333,0,404,305,0,401,281,0,370,351,0,338,341,0,350,338,0,364,339,0,364,375,0,336,361,0,347,356,0,361,358,0,364,396,0,339,382,0,349,376,0,362,378,0,368,412,0,345,397,0,353,392,0,363,392,0,     HELP
293,443,0,294,419,0,310,407,0,330,403,0,344,399,0,368,444,0,416,443,0,449,444,0,476,446,0,375,454,0,424,448,0,460,443,0,491,440,0,379,457,0,423,450,0,455,446,0,482,443,0,381,455,0,417,451,0,443,447,0,466,446,0,     HELP
471,399,0,463,363,0,448,336,0,432,308,0,430,284,0,400,353,0,366,341,0,382,340,0,398,344,0,393,376,0,365,361,0,378,358,0,392,360,0,392,396,0,369,382,0,379,377,0,393,380,0,393,410,0,373,398,0,381,393,0,392,393,0,     HELP
318,444,0,323,421,0,342,410,0,363,404,0,380,395,0,393,445,0,439,443,0,471,443,0,498,444,0,398,456,0,445,451,0,479,448,0,510,446,0,400,460,0,442,455,0,473,451,0,499,449,0,401,458,0,435,454,0,460,451,0,482,450,0,     HELP
480,402,0,474,368,0,462,341,0,451,312,0,452,288,0,416,352,0,380,340,0,393,343,0,409,347,0,406,376,0,377,363,0,389,364,0,402,367,0,403,396,0,378,384,0,388,383,0,401,386,0,402,412,0,379,403,0,382,401,0,389,402,0,     HELP
330,445,0,333,421,0,352,411,0,373,405,0,393,399,0,405,444,0,453,445,0,486,446,0,512,448,0,411,454,0,459,451,0,494,448,0,523,445,0,413,459,0,455,455,0,487,452,0,512,450,0,415,457,0,448,455,0,473,452,0,493,451,0,     HELP
500,401,0,493,368,0,480,341,0,468,314,0,467,289,0,434,355,0,392,342,0,407,345,0,424,349,0,426,378,0,392,365,0,405,366,0,419,368,0,424,398,0,394,385,0,405,384,0,419,385,0,425,413,0,391,408,0,373,408,0,360,409,0,     HELP
348,447,0,348,423,0,364,411,0,385,408,0,406,403,0,415,444,0,461,445,0,496,448,0,524,450,0,423,455,0,472,453,0,509,451,0,541,451,0,429,461,0,473,457,0,506,454,0,534,453,0,434,460,0,468,458,0,494,456,0,516,457,0,     HELP
515,402,0,507,367,0,492,340,0,478,312,0,478,287,0,447,354,0,405,342,0,417,345,0,433,347,0,439,378,0,402,365,0,413,364,0,427,365,0,437,399,0,407,386,0,417,383,0,429,383,0,437,414,0,411,404,0,411,399,0,414,397,0,     HELP
360,452,0,362,426,0,379,413,0,401,408,0,422,403,0,439,449,0,485,446,0,517,447,0,544,449,0,445,460,0,492,453,0,526,449,0,555,448,0,447,464,0,489,457,0,520,452,0,546,451,0,451,462,0,485,458,0,510,455,0,531,454,0,     HELP
523,406,0,512,370,0,494,342,0,481,313,0,483,288,0,451,357,0,408,345,0,422,347,0,439,349,0,443,380,0,404,368,0,417,365,0,432,366,0,441,401,0,411,389,0,421,384,0,434,384,0,442,416,0,419,404,0,427,399,0,437,399,0,     HELP
363,453,0,365,427,0,384,416,0,407,411,0,427,405,0,439,449,0,487,448,0,520,449,0,547,451,0,447,461,0,496,454,0,531,450,0,562,449,0,451,466,0,495,459,0,527,454,0,553,453,0,455,465,0,490,460,0,515,456,0,537,455,0,     HELP
524,404,0,513,369,0,497,342,0,484,314,0,485,289,0,453,356,0,409,345,0,423,346,0,439,349,0,443,380,0,405,367,0,417,365,0,431,365,0,441,401,0,410,388,0,418,383,0,430,383,0,442,416,0,416,405,0,416,399,0,420,397,0,     HELP
366,452,0,368,426,0,386,414,0,410,409,0,431,402,0,438,449,0,486,447,0,520,448,0,547,449,0,448,459,0,497,452,0,533,449,0,563,448,0,453,464,0,498,457,0,530,453,0,556,453,0,458,463,0,493,458,0,518,455,0,539,455,0,     HELP
523,403,0,514,368,0,497,341,0,484,313,0,485,288,0,455,355,0,411,342,0,425,344,0,442,347,0,446,379,0,408,366,0,422,364,0,437,366,0,444,400,0,410,387,0,420,383,0,435,383,0,445,415,0,412,406,0,402,403,0,397,403,0,     HELP
364,452,0,367,426,0,385,414,0,409,408,0,431,402,0,437,447,0,486,446,0,521,448,0,548,450,0,446,459,0,495,452,0,532,449,0,563,447,0,450,464,0,494,457,0,526,453,0,552,451,0,454,463,0,488,458,0,513,454,0,534,453,0,     HELP
525,387,0,518,352,0,502,324,0,490,296,0,493,271,0,462,337,0,419,330,0,430,332,0,447,335,0,453,361,0,418,353,0,429,353,0,443,353,0,450,381,0,418,373,0,427,370,0,441,371,0,450,396,0,423,388,0,419,383,0,420,381,0,     HELP
364,433,0,374,402,0,398,390,0,423,385,0,441,379,0,451,427,0,502,428,0,534,431,0,560,434,0,454,442,0,503,440,0,537,435,0,564,432,0,453,449,0,494,446,0,523,441,0,545,438,0,451,449,0,484,448,0,506,445,0,524,443,0,     HELP
479,377,0,472,344,0,457,317,0,446,290,0,443,267,0,414,331,0,385,323,0,399,323,0,415,325,0,406,352,0,384,341,0,397,339,0,410,341,0,405,369,0,387,359,0,396,356,0,408,357,0,406,382,0,390,371,0,398,368,0,408,368,0,     HELP
340,417,0,343,389,0,361,374,0,380,368,0,394,362,0,408,410,0,449,411,0,478,412,0,502,413,0,413,423,0,454,421,0,484,418,0,511,416,0,416,429,0,453,425,0,479,421,0,502,417,0,419,428,0,451,425,0,472,422,0,490,420,0,     HELP
478,404,0,471,370,0,456,345,0,442,319,0,441,296,0,413,359,0,381,347,0,394,349,0,408,353,0,405,380,0,379,367,0,391,367,0,404,369,0,403,398,0,382,386,0,392,384,0,403,386,0,404,411,0,386,400,0,394,398,0,403,398,0,     HELP
334,441,0,340,417,0,358,406,0,378,401,0,393,396,0,404,440,0,447,439,0,475,441,0,498,443,0,408,450,0,453,445,0,485,442,0,512,441,0,410,455,0,449,450,0,478,447,0,501,446,0,411,453,0,442,451,0,465,449,0,484,448,0,     HELP
479,401,0,470,368,0,455,343,0,442,318,0,440,295,0,412,357,0,381,347,0,393,349,0,407,352,0,404,378,0,379,367,0,391,367,0,403,369,0,404,397,0,383,387,0,392,385,0,404,387,0,406,412,0,390,402,0,398,399,0,408,399,0,     HELP
335,439,0,341,415,0,359,405,0,378,400,0,393,394,0,405,440,0,448,439,0,477,440,0,501,442,0,410,450,0,454,444,0,486,441,0,513,439,0,411,454,0,451,448,0,480,445,0,503,443,0,413,451,0,445,448,0,467,445,0,486,444,0,     HELP
479,402,0,471,369,0,455,344,0,441,318,0,440,294,0,412,357,0,381,347,0,393,349,0,408,352,0,404,379,0,380,368,0,391,367,0,404,369,0,404,397,0,384,387,0,393,385,0,404,386,0,406,411,0,391,401,0,399,399,0,408,399,0,     HELP
337,439,0,344,415,0,362,405,0,381,400,0,393,393,0,407,440,0,450,440,0,478,440,0,501,441,0,411,450,0,455,445,0,487,442,0,512,440,0,413,454,0,452,449,0,480,445,0,503,444,0,414,452,0,446,449,0,468,446,0,487,445,0,     HELP
479,402,0,470,368,0,454,343,0,441,318,0,439,296,0,412,357,0,381,347,0,392,349,0,407,353,0,404,378,0,379,368,0,390,367,0,402,370,0,403,397,0,381,387,0,391,385,0,402,387,0,404,411,0,387,401,0,395,398,0,404,398,0,     HELP
333,439,0,341,414,0,361,405,0,381,398,0,394,392,0,405,439,0,449,439,0,478,440,0,502,442,0,408,450,0,453,445,0,485,442,0,513,440,0,409,454,0,449,449,0,478,446,0,501,445,0,410,452,0,442,450,0,464,449,0,484,448,0,     HELP
479,402,0,471,368,0,455,343,0,441,318,0,440,295,0,412,357,0,381,347,0,392,349,0,407,352,0,404,378,0,379,368,0,390,367,0,403,369,0,403,397,0,382,387,0,391,385,0,402,387,0,405,411,0,388,401,0,396,398,0,405,398,0,     HELP
333,439,0,341,412,0,361,403,0,382,399,0,396,393,0,406,439,0,450,439,0,479,440,0,502,442,0,409,450,0,455,445,0,487,441,0,514,440,0,410,454,0,450,449,0,479,446,0,502,445,0,410,452,0,442,450,0,465,448,0,484,448,0,     HELP
477,400,0,469,366,0,453,342,0,439,317,0,436,294,0,411,356,0,379,347,0,390,348,0,404,351,0,404,377,0,377,367,0,388,366,0,400,367,0,403,396,0,382,386,0,390,383,0,401,384,0,406,410,0,390,399,0,398,396,0,408,396,0,     HELP
333,439,0,341,414,0,361,403,0,381,398,0,395,391,0,405,440,0,449,439,0,478,440,0,501,441,0,409,450,0,455,445,0,487,441,0,514,439,0,411,454,0,452,449,0,481,446,0,504,444,0,413,452,0,445,449,0,468,447,0,487,447,0,     HELP
477,401,0,469,367,0,453,343,0,439,317,0,437,294,0,410,356,0,379,347,0,390,349,0,405,352,0,402,378,0,377,367,0,388,367,0,401,369,0,402,397,0,380,386,0,390,384,0,401,386,0,405,410,0,388,400,0,397,397,0,406,397,0,     HELP
331,439,0,340,412,0,360,402,0,381,397,0,394,393,0,403,439,0,447,439,0,477,440,0,501,442,0,407,450,0,454,446,0,487,443,0,515,441,0,409,455,0,450,449,0,480,446,0,504,445,0,410,452,0,443,449,0,467,447,0,486,446,0,     HELP
476,400,0,468,367,0,452,343,0,438,318,0,436,295,0,410,355,0,378,347,0,388,349,0,403,351,0,403,377,0,376,367,0,386,366,0,399,368,0,403,396,0,381,386,0,390,384,0,401,385,0,406,410,0,391,400,0,399,398,0,409,398,0,     HELP
329,440,0,336,414,0,355,404,0,375,399,0,391,393,0,401,440,0,446,439,0,476,441,0,500,442,0,405,451,0,453,446,0,486,442,0,514,440,0,407,455,0,448,449,0,479,447,0,503,445,0,408,452,0,441,449,0,464,448,0,484,447,0,     HELP
474,399,0,466,366,0,449,342,0,435,316,0,433,293,0,406,354,0,374,347,0,383,347,0,398,349,0,398,375,0,374,366,0,384,365,0,396,366,0,398,394,0,377,385,0,385,382,0,396,383,0,400,409,0,382,398,0,389,394,0,398,394,0,     HELP
325,439,0,334,411,0,355,400,0,376,396,0,388,392,0,399,439,0,445,439,0,474,440,0,497,441,0,403,450,0,450,445,0,483,442,0,510,439,0,404,453,0,446,448,0,475,445,0,499,444,0,405,450,0,438,448,0,461,446,0,481,445,0,     HELP
458,398,0,449,365,0,432,339,0,417,314,0,412,293,0,387,352,0,357,344,0,368,346,0,382,349,0,380,374,0,358,364,0,368,364,0,380,366,0,379,393,0,360,382,0,369,381,0,380,383,0,381,409,0,364,397,0,372,395,0,382,396,0,     HELP
308,438,0,315,412,0,337,400,0,356,395,0,368,388,0,380,438,0,425,437,0,455,436,0,479,436,0,384,448,0,430,444,0,462,440,0,489,438,0,387,452,0,428,447,0,456,443,0,479,441,0,389,449,0,422,447,0,445,445,0,464,444,0,     HELP
452,397,0,441,363,0,422,338,0,407,313,0,404,292,0,376,355,0,350,343,0,364,342,0,378,346,0,370,377,0,349,362,0,361,359,0,373,362,0,371,396,0,352,381,0,363,377,0,375,379,0,375,410,0,358,396,0,367,391,0,377,392,0,     HELP
299,441,0,305,416,0,324,404,0,343,397,0,353,390,0,372,439,0,415,438,0,443,438,0,466,438,0,376,449,0,420,444,0,451,440,0,477,438,0,378,453,0,417,447,0,445,443,0,468,442,0,379,450,0,411,446,0,433,444,0,452,443,0,     HELP
443,395,0,432,362,0,413,336,0,396,311,0,391,288,0,365,353,0,342,343,0,353,339,0,366,340,0,360,375,0,340,361,0,351,357,0,363,359,0,361,394,0,343,380,0,353,375,0,364,377,0,366,409,0,349,397,0,357,392,0,367,392,0,     HELP
287,440,0,294,414,0,316,401,0,334,394,0,342,389,0,358,438,0,401,436,0,430,436,0,452,435,0,362,448,0,404,444,0,434,441,0,458,440,0,363,451,0,400,446,0,427,443,0,448,442,0,363,449,0,394,446,0,415,443,0,432,442,0,     HELP
417,396,0,404,361,0,386,335,0,370,311,0,366,286,0,336,357,0,319,345,0,335,343,0,348,345,0,332,381,0,317,364,0,330,361,0,342,364,0,335,400,0,319,383,0,330,379,0,342,382,0,340,415,0,324,400,0,332,396,0,341,397,0,     HELP
269,443,0,272,419,0,287,405,0,302,397,0,310,389,0,333,442,0,377,440,0,407,441,0,431,441,0,340,451,0,387,446,0,420,442,0,448,440,0,344,454,0,385,449,0,415,445,0,438,443,0,348,452,0,380,450,0,403,446,0,422,445,0,     HELP
399,398,0,389,362,0,371,336,0,352,314,0,343,293,0,317,359,0,303,344,0,319,343,0,332,347,0,312,382,0,300,363,0,314,360,0,326,365,0,314,401,0,300,382,0,312,378,0,324,382,0,319,415,0,304,399,0,313,396,0,323,398,0,     HELP
253,442,0,254,418,0,270,401,0,284,386,0,296,374,0,319,443,0,362,442,0,390,442,0,414,443,0,327,450,0,372,445,0,404,441,0,429,439,0,331,451,0,371,446,0,399,442,0,422,440,0,334,449,0,366,445,0,388,442,0,407,441,0,     HELP
366,398,0,356,361,0,337,333,0,316,312,0,305,292,0,280,359,0,276,338,0,292,338,0,303,345,0,275,381,0,273,357,0,286,354,0,297,360,0,279,398,0,272,375,0,285,372,0,296,377,0,285,412,0,275,393,0,285,389,0,294,391,0,     HELP
228,442,0,222,421,0,229,406,0,239,394,0,249,382,0,285,443,0,325,442,0,353,441,0,377,440,0,296,447,0,339,444,0,371,441,0,398,438,0,303,449,0,342,446,0,370,442,0,393,439,0,309,447,0,339,445,0,360,443,0,378,442,0,     HELP
358,402,0,348,366,0,327,338,0,305,316,0,294,295,0,272,357,0,269,346,0,284,348,0,294,352,0,266,380,0,266,366,0,281,365,0,291,369,0,269,400,0,265,384,0,277,382,0,289,385,0,275,416,0,269,402,0,279,399,0,288,402,0,     HELP
216,448,0,211,425,0,215,411,0,222,402,0,231,394,0,273,448,0,312,448,0,339,448,0,363,449,0,284,452,0,327,448,0,359,445,0,384,443,0,290,453,0,328,449,0,356,445,0,378,443,0,295,451,0,324,448,0,344,445,0,362,445,0,     HELP
353,402,0,345,365,0,325,339,0,303,318,0,290,298,0,270,360,0,266,347,0,280,347,0,290,352,0,265,382,0,262,366,0,274,364,0,284,367,0,268,401,0,261,384,0,272,381,0,283,383,0,274,416,0,266,401,0,274,397,0,283,399,0,     HELP
216,445,0,210,422,0,214,408,0,221,399,0,232,393,0,271,449,0,311,449,0,338,450,0,362,452,0,283,453,0,327,449,0,358,446,0,384,444,0,290,454,0,328,449,0,357,445,0,379,444,0,295,451,0,325,448,0,346,445,0,364,444,0,     HELP
338,410,0,327,373,0,305,344,0,283,324,0,267,304,0,248,372,0,249,351,0,264,348,0,275,352,0,244,394,0,247,370,0,262,365,0,275,369,0,248,411,0,245,389,0,259,383,0,272,384,0,255,425,0,248,406,0,256,399,0,265,398,0,     HELP
193,454,0,189,430,0,193,416,0,200,406,0,208,395,0,251,457,0,289,458,0,316,458,0,339,459,0,261,463,0,304,459,0,336,456,0,362,452,0,267,464,0,305,461,0,333,457,0,355,454,0,271,461,0,300,460,0,322,457,0,340,457,0,     HELP
327,407,0,318,371,0,297,343,0,275,324,0,259,305,0,242,370,0,238,350,0,252,344,0,264,346,0,238,391,0,238,366,0,252,360,0,265,362,0,241,407,0,237,384,0,250,377,0,263,377,0,247,420,0,238,401,0,245,393,0,255,391,0,     HELP
183,449,0,182,424,0,191,405,0,205,389,0,218,374,0,239,453,0,279,454,0,307,455,0,331,457,0,250,459,0,294,455,0,327,452,0,354,450,0,256,461,0,296,457,0,324,453,0,348,451,0,261,458,0,292,456,0,314,454,0,333,455,0,     HELP
326,405,0,317,368,0,294,340,0,272,320,0,257,301,0,240,366,0,239,345,0,255,342,0,266,346,0,234,387,0,235,364,0,250,360,0,263,364,0,236,404,0,229,383,0,242,376,0,255,377,0,241,418,0,225,402,0,226,392,0,230,388,0,     HELP
185,446,0,183,421,0,189,403,0,201,389,0,212,374,0,235,450,0,273,451,0,300,452,0,322,454,0,247,458,0,292,451,0,324,448,0,351,446,0,255,460,0,294,453,0,323,449,0,347,447,0,260,457,0,290,454,0,312,451,0,331,451,0,     HELP
324,406,0,314,370,0,292,341,0,269,321,0,255,300,0,237,365,0,242,347,0,258,347,0,268,352,0,232,385,0,239,367,0,254,364,0,266,369,0,235,403,0,236,385,0,249,381,0,262,384,0,240,418,0,234,402,0,243,396,0,252,396,0,     HELP
183,447,0,180,423,0,183,407,0,191,395,0,199,384,0,235,449,0,274,450,0,301,452,0,324,454,0,246,457,0,290,452,0,322,450,0,349,449,0,253,459,0,292,454,0,321,450,0,344,448,0,259,456,0,288,454,0,310,451,0,328,451,0,     HELP
317,403,0,307,367,0,285,338,0,263,319,0,247,299,0,229,362,0,234,342,0,249,341,0,259,347,0,225,384,0,229,362,0,243,359,0,255,364,0,228,401,0,225,382,0,238,376,0,250,377,0,234,416,0,224,401,0,229,393,0,236,392,0,     HELP
180,443,0,175,419,0,177,404,0,183,394,0,191,386,0,225,446,0,261,447,0,286,449,0,308,452,0,238,453,0,280,447,0,311,445,0,337,443,0,246,454,0,284,448,0,312,445,0,335,443,0,252,451,0,280,449,0,301,446,0,319,447,0,     HELP
310,403,0,300,366,0,278,337,0,256,316,0,242,296,0,221,359,0,229,340,0,246,341,0,255,347,0,216,381,0,225,360,0,240,359,0,251,364,0,220,400,0,223,379,0,237,377,0,249,380,0,227,415,0,223,398,0,232,392,0,241,393,0,     HELP
177,446,0,169,422,0,169,406,0,172,394,0,177,385,0,216,446,0,251,448,0,276,449,0,299,451,0,230,453,0,272,448,0,303,444,0,329,442,0,240,455,0,277,449,0,305,445,0,327,442,0,248,453,0,275,451,0,294,448,0,312,448,0,     HELP
299,403,0,287,365,0,266,337,0,244,319,0,229,300,0,212,364,0,217,347,0,233,347,0,242,352,0,208,386,0,216,366,0,230,364,0,241,369,0,212,404,0,215,385,0,228,381,0,240,384,0,220,418,0,215,402,0,223,396,0,232,397,0,     HELP
168,448,0,160,426,0,158,413,0,158,405,0,156,396,0,208,448,0,242,449,0,266,450,0,287,452,0,222,456,0,263,449,0,292,446,0,318,444,0,231,458,0,267,451,0,293,447,0,316,445,0,236,457,0,262,454,0,282,451,0,300,450,0,     HELP
294,401,0,283,364,0,259,336,0,236,315,0,219,295,0,205,362,0,217,346,0,233,348,0,241,355,0,202,384,0,216,367,0,230,366,0,240,372,0,207,403,0,212,386,0,226,383,0,236,385,0,215,418,0,208,404,0,216,397,0,223,397,0,     HELP
163,449,0,155,427,0,152,413,0,152,404,0,150,394,0,203,446,0,236,447,0,260,449,0,281,452,0,217,453,0,257,446,0,286,443,0,311,443,0,226,455,0,261,448,0,287,445,0,309,444,0,231,454,0,259,449,0,279,445,0,297,445,0,     HELP
287,399,0,276,362,0,252,335,0,228,315,0,211,295,0,197,361,0,199,348,0,215,349,0,226,353,0,194,382,0,200,368,0,214,366,0,225,370,0,199,400,0,199,386,0,211,382,0,223,384,0,206,415,0,199,402,0,208,397,0,217,397,0,     HELP
164,444,0,153,424,0,149,412,0,146,401,0,139,392,0,198,445,0,225,447,0,246,447,0,266,447,0,214,449,0,251,445,0,279,444,0,303,444,0,225,449,0,259,446,0,283,443,0,305,442,0,232,446,0,258,445,0,276,443,0,293,444,0,     HELP
270,399,0,257,365,0,229,338,0,205,318,0,188,301,0,181,366,0,179,357,0,192,357,0,200,360,0,182,388,0,181,379,0,192,376,0,201,378,0,188,407,0,182,397,0,191,392,0,199,392,0,197,422,0,184,412,0,189,406,0,194,404,0,     HELP
153,448,0,140,431,0,132,418,0,126,406,0,117,397,0,183,446,0,209,449,0,230,450,0,249,451,0,200,449,0,235,446,0,261,446,0,284,447,0,211,450,0,243,447,0,266,446,0,286,446,0,216,449,0,241,448,0,258,447,0,275,448,0,     HELP
265,400,0,253,365,0,225,339,0,201,321,0,184,304,0,174,370,0,169,360,0,182,359,0,192,361,0,176,392,0,172,381,0,183,377,0,194,378,0,183,410,0,173,398,0,182,393,0,192,393,0,191,424,0,174,413,0,175,406,0,178,403,0,     HELP
150,449,0,137,434,0,130,422,0,123,409,0,112,400,0,180,447,0,205,452,0,226,454,0,245,456,0,198,450,0,234,448,0,261,450,0,285,452,0,209,451,0,242,449,0,265,449,0,286,450,0,214,452,0,238,451,0,255,450,0,271,452,0,     HELP
167,317,0,173,288,0,186,259,0,202,237,0,213,217,0,217,260,0,258,267,0,250,272,0,234,272,0,220,278,0,260,288,0,249,292,0,232,291,0,222,296,0,258,307,0,247,309,0,232,307,0,222,316,0,253,325,0,244,328,0,230,325,0,     HELP
288,386,0,280,358,0,256,347,0,232,342,0,215,335,0,201,370,0,152,368,0,121,367,0,96,368,0,195,380,0,146,376,0,112,372,0,84,369,0,194,383,0,151,380,0,121,377,0,95,375,0,195,382,0,162,380,0,137,378,0,118,376,0,     HELP
172,318,0,182,290,0,200,260,0,215,238,0,224,218,0,226,262,0,268,275,0,258,282,0,242,281,0,226,280,0,267,295,0,255,300,0,239,298,0,225,300,0,264,313,0,252,317,0,237,315,0,224,320,0,256,329,0,246,332,0,232,330,0,     HELP
289,388,0,282,362,0,258,351,0,235,346,0,218,342,0,207,374,0,157,373,0,124,372,0,99,373,0,202,383,0,153,380,0,118,376,0,90,374,0,200,387,0,159,384,0,128,381,0,105,379,0,201,387,0,170,385,0,147,383,0,129,381,0,     HELP
185,315,0,198,286,0,218,257,0,232,234,0,237,214,0,247,263,0,283,273,0,273,278,0,258,277,0,247,283,0,283,292,0,271,296,0,256,295,0,246,303,0,281,313,0,269,315,0,254,313,0,243,323,0,272,330,0,261,332,0,248,331,0,     HELP
313,397,0,302,363,0,278,347,0,256,343,0,241,336,0,240,376,0,190,371,0,154,369,0,127,369,0,237,390,0,188,382,0,149,377,0,117,375,0,237,396,0,195,388,0,164,383,0,140,380,0,239,400,0,208,398,0,185,395,0,168,391,0,     HELP
203,324,0,213,293,0,236,263,0,252,239,0,259,218,0,270,267,0,305,279,0,294,285,0,278,283,0,272,290,0,307,300,0,296,303,0,280,302,0,271,313,0,303,322,0,292,324,0,277,323,0,267,335,0,292,341,0,282,342,0,270,340,0,     HELP
211,328,0,226,294,0,249,263,0,264,239,0,269,219,0,281,272,0,314,280,0,305,286,0,291,285,0,283,295,0,318,301,0,308,305,0,293,305,0,282,317,0,316,324,0,306,326,0,291,325,0,279,338,0,306,342,0,296,342,0,284,341,0,     HELP
234,325,0,246,296,0,264,266,0,279,242,0,287,224,0,296,272,0,332,283,0,323,289,0,310,289,0,298,292,0,334,301,0,324,305,0,310,305,0,299,313,0,330,320,0,322,323,0,309,322,0,297,332,0,323,335,0,316,337,0,306,336,0,     HELP
250,326,0,260,296,0,277,265,0,294,241,0,303,222,0,314,271,0,347,283,0,338,290,0,324,290,0,318,292,0,351,303,0,340,308,0,325,308,0,319,314,0,348,323,0,339,327,0,324,326,0,317,335,0,341,338,0,331,341,0,319,340,0,     HELP
292,321,0,301,290,0,318,260,0,337,236,0,347,218,0,360,270,0,384,277,0,376,283,0,365,284,0,366,291,0,386,295,0,378,299,0,365,301,0,367,313,0,385,314,0,378,317,0,365,318,0,365,332,0,381,329,0,373,331,0,362,333,0,     HELP
308,327,0,321,294,0,340,264,0,358,240,0,366,218,0,385,272,0,407,285,0,397,293,0,386,293,0,391,296,0,411,306,0,400,310,0,386,310,0,391,319,0,406,326,0,397,328,0,383,327,0,389,341,0,399,342,0,389,343,0,378,342,0,     HELP
317,330,0,329,296,0,348,266,0,367,241,0,375,220,0,393,275,0,413,286,0,403,293,0,391,293,0,399,299,0,418,305,0,408,310,0,395,310,0,401,322,0,416,327,0,408,329,0,394,328,0,398,343,0,409,344,0,400,344,0,389,344,0,     HELP
348,333,0,359,297,0,378,268,0,394,242,0,403,220,0,427,281,0,439,282,0,426,288,0,413,292,0,436,305,0,446,302,0,434,304,0,420,308,0,437,327,0,446,322,0,436,323,0,423,326,0,436,347,0,444,339,0,434,339,0,423,342,0,     HELP
360,344,0,371,304,0,390,275,0,408,249,0,419,225,0,445,292,0,451,287,0,436,290,0,423,295,0,453,317,0,457,307,0,443,308,0,430,313,0,452,340,0,458,329,0,447,328,0,434,332,0,448,360,0,455,348,0,444,347,0,433,350,0,     HELP
376,343,0,389,306,0,409,277,0,427,252,0,435,228,0,460,294,0,465,292,0,451,299,0,437,303,0,469,319,0,471,313,0,457,315,0,444,320,0,469,343,0,473,335,0,462,335,0,450,339,0,465,363,0,475,356,0,467,355,0,458,356,0,     HELP
390,347,0,400,310,0,421,280,0,441,254,0,452,231,0,473,291,0,478,289,0,464,297,0,451,302,0,483,315,0,484,311,0,470,315,0,456,320,0,484,339,0,486,334,0,475,335,0,463,338,0,481,361,0,484,354,0,473,354,0,462,356,0,     HELP
356,319,0,360,278,0,375,245,0,392,218,0,402,195,0,430,248,0,431,256,0,420,265,0,409,270,0,444,270,0,440,276,0,428,282,0,417,287,0,450,295,0,446,296,0,435,300,0,424,304,0,450,319,0,449,319,0,437,321,0,427,324,0,     HELP
457,366,0,429,369,0,399,372,0,376,374,0,358,379,0,386,360,0,348,372,0,324,385,0,306,398,0,384,360,0,340,375,0,316,390,0,298,403,0,386,367,0,343,381,0,319,393,0,302,405,0,390,380,0,360,392,0,342,403,0,328,414,0,     HELP
362,320,0,368,280,0,385,245,0,401,218,0,412,194,0,440,247,0,443,257,0,429,268,0,415,272,0,453,271,0,448,280,0,434,287,0,421,290,0,459,297,0,453,302,0,440,306,0,429,308,0,459,322,0,453,325,0,441,328,0,430,329,0,     HELP
474,362,0,441,367,0,411,371,0,388,374,0,370,379,0,397,360,0,359,372,0,335,385,0,317,399,0,397,360,0,354,373,0,328,388,0,310,403,0,401,367,0,358,380,0,333,393,0,315,405,0,408,379,0,376,391,0,357,400,0,342,411,0,     HELP
374,319,0,378,279,0,394,246,0,411,219,0,422,195,0,449,249,0,459,258,0,447,270,0,433,275,0,464,272,0,462,281,0,448,288,0,434,292,0,470,298,0,464,302,0,452,307,0,440,309,0,471,321,0,465,324,0,453,327,0,441,328,0,     HELP
486,363,0,452,367,0,422,371,0,400,374,0,383,378,0,407,360,0,370,372,0,347,385,0,330,399,0,407,360,0,365,373,0,340,388,0,324,402,0,412,367,0,369,379,0,345,392,0,328,405,0,419,380,0,389,390,0,370,400,0,356,410,0,     HELP
381,320,0,385,278,0,402,244,0,421,217,0,433,192,0,462,247,0,456,259,0,442,269,0,429,273,0,476,272,0,464,281,0,449,288,0,438,292,0,481,297,0,468,302,0,456,306,0,445,309,0,479,321,0,471,323,0,459,326,0,448,327,0,     HELP
494,358,0,474,362,0,450,365,0,431,370,0,414,377,0,425,360,0,388,371,0,362,382,0,343,394,0,421,360,0,378,373,0,352,386,0,332,399,0,422,365,0,380,377,0,356,389,0,338,401,0,426,375,0,398,386,0,379,395,0,364,405,0,     HELP
386,320,0,390,278,0,405,244,0,423,217,0,436,193,0,464,248,0,459,258,0,445,269,0,433,273,0,479,272,0,465,281,0,451,287,0,440,291,0,484,297,0,471,303,0,459,307,0,449,309,0,483,321,0,476,324,0,464,327,0,454,327,0,     HELP
492,359,0,488,362,0,479,366,0,470,373,0,461,383,0,436,368,0,403,378,0,378,388,0,358,399,0,426,365,0,385,376,0,358,388,0,337,400,0,423,366,0,384,377,0,360,387,0,342,398,0,425,373,0,399,383,0,381,391,0,367,400,0,     HELP
401,321,0,405,279,0,420,245,0,438,218,0,449,194,0,478,248,0,479,260,0,465,271,0,451,275,0,493,273,0,482,286,0,467,292,0,455,295,0,498,299,0,484,309,0,471,312,0,459,313,0,497,324,0,484,331,0,470,333,0,460,333,0,     HELP
512,362,0,498,366,0,476,369,0,457,373,0,440,380,0,449,368,0,416,376,0,389,383,0,368,393,0,443,367,0,403,375,0,376,385,0,354,395,0,442,370,0,403,377,0,379,385,0,360,394,0,445,376,0,419,384,0,401,392,0,386,399,0,     HELP
409,322,0,412,280,0,427,245,0,445,219,0,456,196,0,484,248,0,485,262,0,471,274,0,457,279,0,500,272,0,493,286,0,477,294,0,464,298,0,508,298,0,498,309,0,484,314,0,472,316,0,510,323,0,501,331,0,487,334,0,476,335,0,     HELP
516,365,0,485,368,0,453,370,0,428,371,0,409,375,0,444,364,0,413,371,0,389,380,0,371,390,0,445,364,0,409,373,0,384,383,0,364,393,0,449,369,0,412,377,0,389,385,0,372,394,0,457,378,0,432,386,0,414,393,0,400,400,0,     HELP
420,324,0,424,282,0,438,248,0,455,221,0,467,197,0,495,252,0,502,264,0,489,276,0,475,280,0,511,277,0,506,289,0,491,296,0,478,300,0,517,304,0,508,312,0,496,316,0,484,318,0,518,328,0,511,333,0,498,335,0,487,336,0,     HELP
530,367,0,501,371,0,468,374,0,444,375,0,425,378,0,457,368,0,426,374,0,404,381,0,385,390,0,459,368,0,423,375,0,399,384,0,378,395,0,464,372,0,428,379,0,405,387,0,386,395,0,473,379,0,448,387,0,430,394,0,414,400,0,     HELP
433,325,0,439,282,0,454,249,0,472,222,0,485,199,0,515,255,0,516,262,0,502,273,0,489,279,0,529,281,0,522,287,0,507,294,0,494,299,0,533,308,0,522,310,0,509,315,0,497,318,0,532,332,0,523,332,0,510,335,0,499,336,0,     HELP
542,375,0,511,378,0,479,380,0,455,381,0,437,385,0,470,369,0,440,374,0,419,382,0,403,391,0,472,369,0,437,374,0,415,384,0,398,394,0,478,373,0,441,377,0,421,385,0,405,394,0,488,383,0,465,389,0,449,395,0,436,401,0,     HELP
395,317,0,399,276,0,412,241,0,429,213,0,440,189,0,470,249,0,470,257,0,457,267,0,443,272,0,484,273,0,474,280,0,460,287,0,448,291,0,489,298,0,477,303,0,465,307,0,454,310,0,488,321,0,479,325,0,468,328,0,458,330,0,     HELP
506,357,0,473,361,0,439,364,0,416,367,0,397,371,0,429,358,0,395,364,0,370,370,0,349,377,0,430,358,0,392,365,0,365,372,0,342,380,0,435,363,0,397,368,0,371,375,0,351,383,0,443,371,0,416,376,0,397,382,0,382,388,0,     HELP
367,317,0,371,275,0,386,241,0,403,212,0,411,186,0,443,248,0,441,258,0,428,268,0,416,272,0,458,271,0,447,280,0,433,286,0,422,289,0,463,296,0,452,301,0,440,305,0,429,307,0,462,319,0,458,321,0,447,324,0,437,326,0,     HELP
473,362,0,438,368,0,406,371,0,382,374,0,362,379,0,393,358,0,355,363,0,332,370,0,313,377,0,394,358,0,351,364,0,326,372,0,309,382,0,398,364,0,359,369,0,336,377,0,319,387,0,405,373,0,377,377,0,358,383,0,343,389,0,     HELP
356,319,0,361,278,0,377,244,0,393,215,0,401,190,0,433,250,0,433,259,0,421,270,0,409,275,0,447,273,0,436,282,0,423,289,0,412,292,0,452,298,0,440,302,0,429,307,0,418,309,0,451,321,0,445,321,0,434,325,0,424,327,0,     HELP
339,319,0,344,278,0,360,244,0,375,214,0,381,188,0,414,250,0,417,254,0,404,265,0,393,270,0,427,272,0,421,277,0,409,283,0,399,288,0,431,296,0,425,298,0,415,302,0,405,306,0,431,317,0,426,318,0,415,321,0,406,324,0,     HELP
279,308,0,300,274,0,310,233,0,314,202,0,315,178,0,309,212,0,316,166,0,320,134,0,323,109,0,305,214,0,311,161,0,315,125,0,319,95,0,299,220,0,306,170,0,311,138,0,314,111,0,293,231,0,298,199,0,302,177,0,306,157,0,NAMASTE
344,308,0,343,268,0,337,228,0,332,198,0,328,174,0,338,213,0,335,168,0,333,135,0,331,108,0,337,216,0,331,163,0,326,126,0,322,93,0,330,223,0,326,171,0,321,137,0,319,109,0,319,232,0,314,198,0,314,175,0,315,154,0,NAMASTE
272,306,0,290,270,0,299,229,0,303,199,0,304,175,0,295,210,0,302,168,0,307,137,0,310,113,0,291,211,0,297,162,0,303,128,0,308,98,0,287,218,0,293,171,0,298,140,0,302,114,0,285,229,0,290,198,0,295,176,0,300,156,0,NAMASTE
317,308,0,322,271,0,320,229,0,318,197,0,314,173,0,327,215,0,326,172,0,325,139,0,323,112,0,324,218,0,321,166,0,319,130,0,316,97,0,317,223,0,314,173,0,311,140,0,308,111,0,306,231,0,303,198,0,303,175,0,304,154,0,NAMASTE
263,304,0,281,271,0,292,231,0,296,200,0,297,177,0,292,209,0,301,166,0,305,134,0,307,109,0,288,211,0,296,160,0,300,125,0,303,95,0,283,219,0,289,170,0,294,139,0,297,113,0,278,230,0,283,200,0,288,178,0,292,159,0,NAMASTE
325,228,0,327,198,0,325,168,0,322,144,0,316,125,0,323,168,0,314,136,0,310,112,0,307,93,0,318,175,0,308,139,0,303,112,0,301,89,0,312,185,0,303,151,0,299,128,0,298,107,0,306,198,0,300,180,0,299,167,0,301,153,0,NAMASTE
260,300,0,275,264,0,283,224,0,287,195,0,286,171,0,281,204,0,287,161,0,290,132,0,292,108,0,278,206,0,283,156,0,287,123,0,291,94,0,274,214,0,278,166,0,282,136,0,285,110,0,271,227,0,273,197,0,276,175,0,280,156,0,NAMASTE
311,227,0,314,204,0,311,179,0,304,161,0,298,148,0,311,174,0,303,146,0,298,126,0,294,109,0,306,178,0,295,146,0,289,122,0,285,102,0,299,184,0,292,153,0,289,132,0,288,113,0,290,194,0,285,177,0,284,164,0,285,151,0,NAMASTE
249,305,0,263,270,0,269,229,0,272,200,0,272,177,0,267,207,0,273,166,0,276,136,0,280,112,0,263,209,0,268,159,0,272,125,0,276,95,0,260,218,0,263,169,0,266,138,0,268,112,0,257,230,0,259,198,0,262,176,0,266,155,0,NAMASTE
298,220,0,304,199,0,302,175,0,296,157,0,291,143,0,299,172,0,292,145,0,287,125,0,282,109,0,292,174,0,284,145,0,279,123,0,275,104,0,284,179,0,278,150,0,275,130,0,275,113,0,275,186,0,271,170,0,271,159,0,273,149,0,NAMASTE
235,303,0,252,267,0,261,227,0,264,198,0,263,175,0,261,207,0,266,164,0,267,134,0,267,109,0,257,209,0,260,158,0,261,123,0,263,94,0,251,217,0,253,167,0,254,136,0,255,110,0,245,228,0,247,196,0,250,173,0,252,153,0,NAMASTE
291,228,0,295,207,0,290,181,0,283,161,0,276,145,0,290,176,0,282,149,0,277,127,0,272,108,0,285,179,0,275,148,0,269,123,0,264,100,0,277,186,0,270,155,0,266,133,0,264,112,0,267,196,0,262,178,0,260,164,0,260,150,0,NAMASTE
232,302,0,249,271,0,256,230,0,257,201,0,254,178,0,253,204,0,257,161,0,258,131,0,259,108,0,248,205,0,253,154,0,257,121,0,260,94,0,243,213,0,246,163,0,249,133,0,250,107,0,236,225,0,238,194,0,240,171,0,244,151,0,NAMASTE
288,235,0,293,212,0,285,184,0,276,163,0,267,147,0,285,178,0,274,148,0,267,126,0,260,108,0,279,181,0,267,147,0,258,122,0,251,99,0,270,188,0,262,154,0,257,131,0,254,110,0,258,199,0,252,179,0,250,163,0,249,148,0,NAMASTE
295,303,0,299,261,0,294,226,0,288,200,0,286,178,0,284,206,0,270,159,0,263,128,0,258,102,0,279,210,0,265,154,0,258,120,0,253,89,0,268,221,0,253,166,0,245,133,0,240,105,0,253,236,0,242,199,0,238,173,0,236,150,0,NAMASTE
288,306,0,291,262,0,286,228,0,279,201,0,275,180,0,278,210,0,262,163,0,253,134,0,246,110,0,273,215,0,255,159,0,245,125,0,237,96,0,262,225,0,247,169,0,238,137,0,234,109,0,246,240,0,233,202,0,228,176,0,226,154,0,NAMASTE
238,298,0,236,259,0,238,220,0,244,189,0,248,168,0,235,203,0,250,154,0,261,123,0,270,98,0,238,207,0,256,152,0,270,117,0,282,87,0,246,217,0,264,164,0,277,134,0,288,108,0,260,231,0,270,195,0,278,171,0,286,150,0,NAMASTE
313,297,0,310,256,0,305,218,0,302,189,0,298,166,0,311,205,0,301,163,0,296,132,0,293,106,0,311,209,0,302,159,0,298,124,0,297,93,0,305,218,0,301,170,0,298,139,0,299,114,0,296,228,0,293,197,0,293,175,0,295,155,0,NAMASTE
235,296,0,235,259,0,237,219,0,242,189,0,239,167,0,234,203,0,250,155,0,261,124,0,270,99,0,237,207,0,256,153,0,269,119,0,280,90,0,245,216,0,264,166,0,277,136,0,288,111,0,258,229,0,268,194,0,276,171,0,286,151,0,NAMASTE
313,300,0,310,257,0,304,219,0,301,189,0,297,165,0,309,209,0,300,165,0,295,134,0,292,107,0,308,212,0,300,162,0,295,127,0,294,96,0,302,220,0,298,173,0,295,141,0,295,116,0,292,232,0,289,200,0,290,177,0,292,157,0,NAMASTE
218,296,0,220,257,0,225,218,0,232,188,0,238,165,0,222,203,0,236,158,0,246,126,0,256,100,0,225,207,0,242,155,0,254,120,0,265,91,0,231,216,0,247,166,0,257,136,0,267,110,0,243,230,0,250,196,0,257,173,0,264,153,0,NAMASTE
299,298,0,296,254,0,290,219,0,286,191,0,281,169,0,296,206,0,285,163,0,279,134,0,275,108,0,295,211,0,285,160,0,279,126,0,276,97,0,289,220,0,283,172,0,279,141,0,279,117,0,278,233,0,273,202,0,274,180,0,276,161,0,NAMASTE
210,299,0,213,259,0,219,220,0,227,190,0,231,168,0,217,205,0,231,159,0,241,127,0,250,102,0,219,208,0,236,156,0,249,122,0,260,93,0,226,216,0,242,168,0,254,139,0,264,115,0,237,228,0,246,196,0,254,176,0,263,158,0,NAMASTE
295,295,0,294,252,0,289,214,0,283,186,0,277,162,0,293,202,0,283,160,0,277,130,0,272,104,0,292,206,0,282,157,0,275,124,0,271,95,0,285,216,0,279,170,0,274,140,0,273,116,0,274,229,0,269,198,0,269,178,0,271,159,0,NAMASTE
213,295,0,220,254,0,226,216,0,233,187,0,236,164,0,220,203,0,232,159,0,242,128,0,251,103,0,220,206,0,235,156,0,247,123,0,258,94,0,224,215,0,238,167,0,249,137,0,258,112,0,234,227,0,241,196,0,248,175,0,255,156,0,NAMASTE
289,291,0,290,251,0,284,214,0,278,185,0,272,163,0,288,202,0,280,161,0,274,132,0,270,107,0,286,206,0,277,158,0,272,126,0,269,97,0,280,215,0,273,170,0,270,141,0,269,117,0,269,227,0,265,198,0,264,178,0,265,160,0,NAMASTE
210,294,0,217,255,0,223,217,0,230,188,0,234,166,0,216,202,0,231,160,0,241,128,0,249,103,0,216,205,0,233,156,0,244,121,0,255,92,0,220,213,0,235,165,0,245,135,0,252,109,0,229,226,0,238,195,0,244,174,0,251,155,0,NAMASTE
289,300,0,290,256,0,284,217,0,277,189,0,271,166,0,289,208,0,279,165,0,272,134,0,267,107,0,287,212,0,277,161,0,270,127,0,266,97,0,280,221,0,274,174,0,269,143,0,268,118,0,267,233,0,262,201,0,262,180,0,264,161,0,NAMASTE
198,295,0,203,257,0,208,220,0,213,191,0,216,169,0,204,201,0,218,158,0,227,127,0,235,102,0,204,204,0,221,154,0,233,120,0,243,92,0,208,212,0,222,164,0,232,134,0,240,109,0,216,225,0,224,193,0,229,172,0,235,153,0,NAMASTE
281,303,0,277,259,0,271,221,0,264,194,0,259,170,0,274,212,0,265,166,0,260,134,0,256,107,0,273,215,0,264,162,0,257,127,0,252,97,0,265,223,0,259,171,0,253,140,0,251,115,0,251,233,0,244,200,0,243,177,0,244,158,0,NAMASTE
196,296,0,201,258,0,205,221,0,210,193,0,214,172,0,198,203,0,212,162,0,221,131,0,229,107,0,198,206,0,214,157,0,225,124,0,235,96,0,203,213,0,217,166,0,228,136,0,236,111,0,213,224,0,220,193,0,226,172,0,232,153,0,NAMASTE
278,302,0,275,258,0,267,220,0,260,191,0,253,167,0,270,210,0,260,165,0,254,133,0,250,105,0,268,214,0,258,162,0,251,127,0,246,95,0,260,223,0,254,173,0,249,141,0,247,115,0,247,235,0,241,202,0,241,179,0,242,158,0,NAMASTE
189,290,0,192,255,0,197,219,0,203,191,0,207,170,0,197,199,0,208,157,0,215,128,0,222,104,0,197,201,0,209,153,0,219,120,0,228,93,0,198,210,0,210,164,0,220,135,0,228,111,0,204,222,0,211,192,0,217,172,0,224,154,0,NAMASTE
271,299,0,268,254,0,259,218,0,250,190,0,243,167,0,261,206,0,249,163,0,243,133,0,239,107,0,258,211,0,247,160,0,240,126,0,235,95,0,250,221,0,241,171,0,236,139,0,235,113,0,235,233,0,227,199,0,227,175,0,228,154,0,NAMASTE
187,295,0,194,260,0,200,224,0,206,196,0,207,174,0,199,203,0,208,162,0,213,132,0,218,107,0,197,205,0,208,158,0,215,124,0,221,95,0,197,213,0,207,169,0,215,139,0,221,113,0,199,225,0,206,196,0,211,176,0,216,157,0,NAMASTE
267,302,0,267,259,0,260,224,0,252,197,0,246,175,0,259,214,0,247,169,0,240,138,0,235,112,0,255,218,0,243,164,0,234,130,0,229,100,0,246,226,0,237,174,0,231,143,0,228,117,0,233,237,0,225,204,0,223,181,0,224,161,0,NAMASTE
185,296,0,191,258,0,197,221,0,203,193,0,205,171,0,196,203,0,206,163,0,212,133,0,218,109,0,195,206,0,207,159,0,215,126,0,223,97,0,196,214,0,207,170,0,215,140,0,221,115,0,200,226,0,206,197,0,211,177,0,216,159,0,NAMASTE
266,302,0,263,257,0,255,220,0,247,192,0,240,169,0,256,211,0,245,167,0,239,136,0,234,109,0,253,215,0,242,164,0,235,129,0,230,98,0,245,224,0,237,175,0,231,144,0,228,117,0,233,235,0,225,204,0,224,182,0,224,162,0,NAMASTE
193,293,0,199,259,0,204,222,0,207,194,0,207,172,0,206,203,0,211,163,0,213,133,0,215,109,0,204,205,0,212,158,0,216,125,0,220,95,0,202,213,0,211,168,0,214,139,0,218,114,0,203,225,0,207,196,0,210,175,0,213,156,0,NAMASTE
265,302,0,265,259,0,258,224,0,250,197,0,243,175,0,257,212,0,245,167,0,238,136,0,232,111,0,254,216,0,241,163,0,232,128,0,226,98,0,244,225,0,235,173,0,227,142,0,224,116,0,230,238,0,222,204,0,220,181,0,220,161,0,NAMASTE
260,298,0,259,254,0,251,217,0,241,189,0,233,168,0,251,207,0,238,164,0,230,134,0,223,109,0,247,212,0,234,161,0,224,128,0,217,98,0,237,221,0,225,171,0,217,140,0,213,114,0,222,235,0,213,201,0,209,177,0,207,157,0,NAMASTE
255,297,0,255,251,0,246,213,0,235,182,0,225,157,0,248,205,0,235,160,0,226,128,0,218,101,0,244,212,0,231,158,0,221,124,0,214,94,0,234,223,0,221,171,0,212,139,0,207,113,0,218,238,0,209,203,0,207,180,0,207,158,0,NAMASTE
247,301,0,248,257,0,239,219,0,230,189,0,220,166,0,240,210,0,226,163,0,216,132,0,208,106,0,236,216,0,221,160,0,211,126,0,204,97,0,227,227,0,213,173,0,204,142,0,198,116,0,213,242,0,203,207,0,199,184,0,198,162,0,NAMASTE
234,236,0,238,206,0,232,178,0,223,156,0,214,139,0,228,174,0,215,143,0,207,122,0,201,105,0,224,180,0,211,144,0,204,121,0,200,99,0,217,191,0,207,158,0,203,136,0,201,117,0,208,206,0,199,189,0,197,174,0,197,159,0,NAMASTE
250,303,0,252,260,0,244,224,0,233,197,0,224,175,0,242,213,0,227,168,0,217,137,0,208,112,0,237,218,0,220,163,0,210,129,0,203,99,0,227,227,0,212,175,0,203,143,0,198,117,0,212,241,0,202,206,0,198,182,0,196,161,0,NAMASTE
231,224,0,235,198,0,230,172,0,223,151,0,214,134,0,225,170,0,213,142,0,204,122,0,198,105,0,220,175,0,208,143,0,201,121,0,197,100,0,213,184,0,205,155,0,202,136,0,202,118,0,206,198,0,198,183,0,197,171,0,198,158,0,NAMASTE
246,299,0,249,256,0,240,218,0,231,190,0,222,170,0,240,207,0,225,162,0,216,133,0,209,108,0,236,212,0,219,159,0,209,126,0,203,97,0,228,222,0,212,171,0,203,140,0,198,114,0,214,237,0,203,203,0,198,179,0,196,158,0,NAMASTE
246,299,0,249,258,0,239,222,0,228,195,0,218,175,0,238,207,0,222,164,0,213,135,0,205,111,0,234,212,0,214,160,0,204,127,0,197,99,0,224,222,0,206,172,0,195,141,0,190,114,0,209,237,0,196,203,0,190,179,0,186,158,0,NAMASTE
261,277,0,285,247,0,297,211,0,304,183,0,304,162,0,283,187,0,292,151,0,297,124,0,299,102,0,278,188,0,289,145,0,296,117,0,302,92,0,273,193,0,282,152,0,288,126,0,292,103,0,270,203,0,277,176,0,280,157,0,282,140,0,NAMASTE
337,281,0,343,249,0,338,214,0,331,186,0,324,166,0,344,206,0,334,161,0,325,130,0,316,105,0,339,209,0,328,156,0,318,121,0,311,92,0,328,216,0,317,165,0,308,133,0,301,108,0,312,225,0,304,190,0,300,167,0,296,148,0,NAMASTE
262,278,0,286,248,0,298,211,0,304,183,0,305,161,0,284,188,0,292,151,0,297,124,0,300,103,0,278,189,0,288,146,0,295,118,0,302,93,0,273,195,0,281,153,0,287,127,0,290,103,0,270,205,0,277,178,0,280,159,0,283,142,0,NAMASTE
336,282,0,343,249,0,339,214,0,332,186,0,325,165,0,343,203,0,333,157,0,325,126,0,317,101,0,338,207,0,327,153,0,318,118,0,312,88,0,327,214,0,317,164,0,309,132,0,303,106,0,311,225,0,304,190,0,300,168,0,298,148,0,NAMASTE
262,278,0,285,248,0,298,212,0,304,185,0,305,164,0,283,188,0,291,152,0,295,126,0,298,104,0,278,189,0,288,148,0,295,120,0,302,95,0,273,195,0,281,154,0,287,128,0,291,105,0,270,205,0,277,178,0,281,160,0,283,143,0,NAMASTE
337,283,0,342,248,0,339,215,0,335,188,0,329,168,0,342,203,0,333,160,0,325,130,0,317,107,0,337,207,0,326,154,0,318,121,0,310,94,0,327,215,0,315,165,0,305,134,0,299,109,0,313,225,0,304,191,0,300,169,0,296,150,0,NAMASTE
264,279,0,287,250,0,300,214,0,306,186,0,306,163,0,288,190,0,297,153,0,300,125,0,303,103,0,281,191,0,290,148,0,296,119,0,301,93,0,275,197,0,282,156,0,286,129,0,289,106,0,270,207,0,276,180,0,280,162,0,282,145,0,NAMASTE
337,284,0,343,249,0,339,215,0,334,187,0,327,167,0,342,205,0,333,161,0,324,132,0,316,108,0,337,208,0,326,156,0,318,123,0,311,95,0,327,215,0,314,166,0,304,135,0,298,110,0,313,226,0,303,191,0,299,169,0,296,150,0,NAMASTE
260,280,0,281,248,0,292,210,0,297,182,0,297,160,0,277,189,0,285,154,0,290,128,0,294,106,0,272,191,0,282,150,0,290,122,0,297,96,0,268,198,0,277,158,0,282,131,0,285,108,0,268,209,0,275,181,0,278,163,0,280,146,0,NAMASTE
333,283,0,339,248,0,335,213,0,330,185,0,322,165,0,338,203,0,329,161,0,321,131,0,313,108,0,333,206,0,322,155,0,314,122,0,308,94,0,322,213,0,309,165,0,299,133,0,293,108,0,307,223,0,298,190,0,294,168,0,292,149,0,NAMASTE
261,283,0,283,253,0,293,215,0,297,187,0,297,164,0,280,193,0,287,156,0,292,128,0,294,106,0,274,194,0,283,152,0,289,122,0,295,95,0,269,201,0,276,160,0,280,132,0,283,107,0,266,211,0,272,183,0,275,164,0,278,146,0,NAMASTE
326,280,0,333,246,0,330,209,0,325,180,0,318,158,0,335,199,0,325,156,0,316,127,0,308,103,0,329,204,0,317,153,0,309,120,0,303,93,0,318,212,0,306,164,0,297,134,0,291,110,0,304,224,0,296,191,0,292,169,0,289,151,0,NAMASTE
253,280,0,272,251,0,281,214,0,285,187,0,285,165,0,264,190,0,272,155,0,277,127,0,281,105,0,260,192,0,272,150,0,281,120,0,288,93,0,258,198,0,267,158,0,273,130,0,276,106,0,259,208,0,266,181,0,270,163,0,273,146,0,NAMASTE
324,283,0,328,248,0,324,211,0,318,182,0,311,160,0,331,203,0,321,159,0,313,128,0,304,104,0,326,207,0,315,155,0,307,121,0,299,93,0,316,214,0,305,165,0,295,133,0,288,108,0,300,225,0,293,191,0,288,169,0,285,150,0,NAMASTE
248,280,0,266,248,0,275,210,0,279,183,0,279,161,0,262,190,0,272,152,0,277,124,0,280,102,0,258,192,0,270,149,0,278,119,0,284,92,0,254,198,0,262,157,0,267,129,0,270,104,0,252,209,0,258,181,0,261,162,0,263,144,0,NAMASTE
320,283,0,326,248,0,321,212,0,314,184,0,306,163,0,324,202,0,315,157,0,306,126,0,298,101,0,319,206,0,309,153,0,300,119,0,293,91,0,309,213,0,298,163,0,288,132,0,280,106,0,294,224,0,286,190,0,281,168,0,277,149,0,NAMASTE
246,279,0,266,246,0,274,208,0,278,180,0,277,158,0,260,188,0,269,151,0,274,124,0,276,102,0,256,190,0,268,146,0,276,117,0,283,91,0,252,196,0,261,154,0,266,127,0,268,104,0,250,206,0,256,178,0,258,159,0,260,141,0,NAMASTE
313,280,0,319,245,0,316,208,0,311,180,0,304,159,0,318,197,0,308,154,0,300,125,0,292,101,0,313,200,0,302,150,0,294,117,0,288,89,0,303,208,0,290,160,0,280,130,0,273,105,0,289,220,0,280,188,0,275,167,0,271,148,0,NAMASTE
242,282,0,261,250,0,270,212,0,274,185,0,274,163,0,259,190,0,268,153,0,272,125,0,275,103,0,254,192,0,265,148,0,272,118,0,279,92,0,250,198,0,257,156,0,261,128,0,264,105,0,247,208,0,253,180,0,255,161,0,257,144,0,NAMASTE
311,283,0,316,248,0,312,210,0,306,181,0,298,160,0,315,199,0,306,156,0,298,125,0,291,100,0,310,202,0,300,152,0,292,119,0,286,90,0,300,210,0,289,163,0,280,132,0,273,107,0,285,221,0,277,189,0,273,168,0,269,149,0,NAMASTE
243,282,0,263,250,0,273,213,0,278,186,0,278,164,0,262,191,0,269,154,0,271,126,0,272,103,0,256,193,0,266,148,0,272,118,0,277,91,0,250,199,0,256,156,0,260,128,0,262,104,0,245,210,0,248,182,0,250,162,0,252,143,0,NAMASTE
311,285,0,317,249,0,311,213,0,304,186,0,296,166,0,313,200,0,302,157,0,294,128,0,286,105,0,307,204,0,295,152,0,287,119,0,281,91,0,296,212,0,282,163,0,271,132,0,264,106,0,282,223,0,270,190,0,265,168,0,261,149,0,NAMASTE
241,282,0,258,251,0,268,213,0,273,187,0,272,165,0,261,192,0,268,155,0,270,128,0,271,106,0,256,193,0,265,149,0,272,120,0,277,94,0,250,199,0,256,156,0,259,129,0,260,105,0,245,208,0,249,179,0,251,161,0,253,144,0,NAMASTE
313,283,0,319,249,0,314,213,0,307,186,0,299,167,0,313,197,0,301,155,0,291,127,0,283,104,0,307,202,0,294,150,0,286,118,0,280,92,0,297,211,0,282,162,0,272,133,0,266,108,0,283,224,0,271,191,0,266,170,0,262,151,0,NAMASTE
264,280,0,283,252,0,291,216,0,294,189,0,293,168,0,277,195,0,284,159,0,288,130,0,290,108,0,272,195,0,280,153,0,285,124,0,289,96,0,269,199,0,275,157,0,279,128,0,280,103,0,268,205,0,272,175,0,274,154,0,276,135,0,NAMASTE
312,286,0,329,255,0,332,221,0,328,195,0,322,177,0,333,205,0,328,162,0,320,136,0,312,114,0,322,206,0,313,157,0,305,126,0,297,100,0,308,212,0,297,163,0,290,133,0,284,108,0,290,219,0,283,185,0,280,162,0,279,142,0,NAMASTE
355,294,0,362,259,0,358,225,0,350,198,0,343,179,0,355,211,0,343,167,0,337,139,0,332,115,0,349,213,0,333,160,0,325,126,0,319,96,0,338,219,0,323,168,0,315,134,0,310,107,0,324,228,0,313,191,0,309,166,0,307,144,0,NAMASTE
280,278,0,298,251,0,310,214,0,315,186,0,314,163,0,300,192,0,305,155,0,308,127,0,309,105,0,296,193,0,302,150,0,307,121,0,312,94,0,291,198,0,297,157,0,301,130,0,304,107,0,288,206,0,293,181,0,295,162,0,298,144,0,NAMASTE
356,292,0,362,256,0,358,223,0,350,196,0,343,177,0,356,209,0,345,166,0,339,138,0,334,115,0,351,211,0,336,159,0,328,126,0,323,97,0,340,217,0,326,167,0,318,135,0,314,108,0,326,226,0,316,191,0,313,168,0,313,148,0,NAMASTE
280,275,0,296,246,0,306,210,0,312,183,0,312,162,0,291,188,0,298,151,0,302,124,0,305,102,0,288,190,0,298,148,0,306,119,0,313,93,0,287,196,0,297,157,0,304,130,0,309,107,0,290,208,0,298,184,0,303,167,0,307,151,0,NAMASTE
357,293,0,363,259,0,360,226,0,354,200,0,348,181,0,358,211,0,349,169,0,342,143,0,337,120,0,353,212,0,340,163,0,331,131,0,325,105,0,343,217,0,331,168,0,323,137,0,319,112,0,328,225,0,319,191,0,316,168,0,316,148,0,NAMASTE
279,280,0,294,251,0,303,214,0,308,187,0,308,166,0,289,192,0,297,156,0,302,129,0,306,106,0,287,194,0,298,152,0,307,122,0,314,95,0,287,200,0,298,160,0,305,133,0,311,109,0,290,210,0,299,184,0,303,166,0,308,150,0,NAMASTE
359,286,0,369,253,0,368,218,0,363,192,0,357,173,0,364,203,0,357,163,0,351,137,0,346,115,0,357,204,0,346,158,0,340,128,0,335,102,0,346,209,0,336,163,0,330,133,0,327,108,0,332,216,0,324,185,0,322,163,0,322,144,0,NAMASTE
290,273,0,306,241,0,311,203,0,313,177,0,312,156,0,297,184,0,309,151,0,316,125,0,322,104,0,294,188,0,306,149,0,314,121,0,320,95,0,295,194,0,306,155,0,313,129,0,318,104,0,301,205,0,308,178,0,313,159,0,318,142,0,NAMASTE
376,285,0,386,251,0,387,215,0,384,188,0,378,166,0,388,203,0,379,162,0,373,134,0,368,111,0,382,204,0,370,156,0,362,124,0,356,95,0,371,209,0,360,162,0,353,131,0,348,105,0,356,216,0,349,183,0,347,161,0,347,142,0,NAMASTE
309,274,0,326,240,0,332,202,0,333,174,0,333,152,0,321,185,0,333,151,0,341,124,0,346,102,0,318,187,0,330,147,0,337,118,0,343,90,0,319,193,0,329,154,0,335,126,0,339,102,0,323,203,0,330,175,0,334,156,0,338,139,0,NAMASTE
385,283,0,395,250,0,395,214,0,391,187,0,386,165,0,396,200,0,387,159,0,381,131,0,376,109,0,389,202,0,377,155,0,369,123,0,363,95,0,378,207,0,369,161,0,362,131,0,359,107,0,363,215,0,356,183,0,354,161,0,354,143,0,NAMASTE
315,275,0,336,242,0,343,204,0,345,176,0,345,155,0,326,184,0,337,148,0,345,121,0,349,99,0,322,186,0,333,145,0,342,115,0,348,87,0,323,193,0,333,152,0,339,124,0,342,100,0,328,203,0,335,174,0,338,155,0,342,138,0,NAMASTE
403,284,0,409,248,0,406,213,0,401,186,0,395,165,0,408,201,0,400,159,0,395,130,0,391,107,0,403,203,0,393,153,0,387,120,0,383,92,0,393,207,0,385,160,0,380,130,0,377,104,0,380,214,0,375,182,0,373,160,0,373,141,0,NAMASTE
325,273,0,342,238,0,348,199,0,351,171,0,353,149,0,336,184,0,350,146,0,360,117,0,367,94,0,334,188,0,350,143,0,361,112,0,371,84,0,336,195,0,350,152,0,359,122,0,365,97,0,344,207,0,353,177,0,358,157,0,363,139,0,NAMASTE
416,289,0,421,251,0,420,215,0,416,188,0,410,166,0,422,204,0,412,159,0,406,128,0,401,103,0,418,207,0,407,154,0,400,119,0,397,89,0,408,213,0,399,163,0,393,131,0,390,104,0,394,222,0,388,187,0,385,165,0,384,145,0,NAMASTE
339,275,0,350,236,0,356,199,0,361,171,0,363,151,0,347,186,0,360,149,0,369,121,0,376,97,0,346,190,0,361,147,0,371,116,0,380,87,0,350,197,0,362,155,0,369,126,0,374,101,0,360,207,0,366,177,0,369,157,0,372,139,0,NAMASTE
427,291,0,431,252,0,430,217,0,427,190,0,421,168,0,434,206,0,425,163,0,419,132,0,414,106,0,431,208,0,421,157,0,414,122,0,410,91,0,422,214,0,413,164,0,407,132,0,404,105,0,407,222,0,401,188,0,400,165,0,400,145,0,NAMASTE
350,277,0,364,242,0,369,204,0,373,177,0,375,156,0,361,189,0,375,152,0,385,123,0,392,99,0,359,193,0,375,149,0,387,117,0,397,88,0,362,200,0,375,157,0,383,128,0,389,103,0,370,211,0,378,182,0,383,162,0,388,145,0,NAMASTE
435,294,0,439,253,0,436,216,0,432,188,0,426,165,0,441,208,0,433,163,0,427,131,0,422,105,0,439,210,0,429,158,0,424,123,0,421,92,0,430,216,0,422,166,0,417,134,0,415,108,0,415,225,0,410,190,0,408,167,0,408,148,0,NAMASTE
355,277,0,368,238,0,373,201,0,376,174,0,379,155,0,364,187,0,380,150,0,390,121,0,399,98,0,363,191,0,381,148,0,392,117,0,402,88,0,368,198,0,383,155,0,392,126,0,400,100,0,379,208,0,388,178,0,393,159,0,399,141,0,NAMASTE
439,293,0,443,253,0,440,217,0,436,190,0,430,168,0,445,208,0,437,164,0,431,134,0,426,108,0,443,212,0,433,159,0,426,125,0,422,95,0,433,218,0,427,168,0,421,136,0,419,110,0,418,227,0,413,192,0,412,169,0,412,150,0,NAMASTE
357,277,0,371,238,0,377,200,0,380,173,0,384,152,0,367,186,0,383,149,0,394,119,0,402,95,0,366,190,0,383,147,0,395,115,0,406,86,0,370,198,0,385,155,0,394,126,0,402,101,0,381,209,0,390,180,0,395,161,0,401,144,0,NAMASTE
440,294,0,444,254,0,442,218,0,438,189,0,432,167,0,448,209,0,439,165,0,434,133,0,430,106,0,446,212,0,436,160,0,430,125,0,428,94,0,438,217,0,431,169,0,426,137,0,424,111,0,424,226,0,419,191,0,418,168,0,418,149,0,NAMASTE
362,275,0,372,236,0,379,200,0,386,174,0,391,154,0,373,187,0,389,150,0,400,122,0,409,98,0,372,191,0,390,148,0,402,117,0,413,90,0,377,198,0,391,156,0,401,128,0,409,104,0,388,209,0,396,181,0,401,163,0,407,146,0,NAMASTE
454,299,0,455,262,0,453,225,0,452,197,0,447,174,0,457,211,0,450,167,0,446,135,0,445,109,0,455,212,0,446,162,0,442,126,0,440,95,0,449,218,0,441,169,0,437,137,0,435,109,0,437,226,0,432,192,0,430,170,0,430,150,0,NAMASTE
372,282,0,378,246,0,383,209,0,391,182,0,398,164,0,379,196,0,398,157,0,410,128,0,420,105,0,380,199,0,401,153,0,414,121,0,425,93,0,386,206,0,403,160,0,414,130,0,422,105,0,399,217,0,409,185,0,414,164,0,420,145,0,NAMASTE
464,297,0,468,258,0,466,223,0,464,196,0,459,174,0,470,209,0,461,166,0,457,136,0,455,110,0,469,212,0,458,162,0,453,128,0,451,98,0,462,218,0,454,171,0,450,139,0,449,113,0,451,227,0,445,196,0,444,174,0,444,154,0,NAMASTE
382,291,0,388,254,0,395,216,0,404,189,0,411,169,0,390,203,0,409,163,0,421,133,0,430,109,0,390,207,0,411,159,0,424,126,0,435,97,0,396,214,0,414,166,0,425,135,0,434,109,0,409,226,0,421,193,0,426,170,0,433,150,0,NAMASTE
464,320,0,462,282,0,458,242,0,456,210,0,450,186,0,466,228,0,457,186,0,452,155,0,449,129,0,466,232,0,456,182,0,451,148,0,448,118,0,460,238,0,453,191,0,449,159,0,448,133,0,450,248,0,445,216,0,445,194,0,445,173,0,NAMASTE
384,313,0,396,276,0,401,237,0,407,208,0,412,186,0,392,220,0,409,178,0,420,148,0,429,124,0,390,224,0,409,175,0,421,142,0,432,114,0,395,233,0,411,184,0,422,153,0,431,127,0,409,245,0,419,212,0,424,190,0,430,170,0,NAMASTE
458,327,0,457,288,0,454,250,0,452,221,0,447,198,0,460,240,0,451,198,0,446,168,0,442,141,0,459,244,0,449,195,0,444,162,0,441,132,0,452,251,0,445,204,0,440,173,0,439,146,0,440,261,0,436,230,0,434,208,0,433,189,0,NAMASTE
377,323,0,390,287,0,396,248,0,401,220,0,405,199,0,386,232,0,403,192,0,413,162,0,421,139,0,384,236,0,402,189,0,414,156,0,425,128,0,389,244,0,405,198,0,415,168,0,422,143,0,402,256,0,411,224,0,416,203,0,420,185,0,NAMASTE
455,331,0,456,291,0,452,254,0,449,225,0,443,202,0,458,244,0,447,204,0,441,175,0,438,149,0,457,249,0,446,202,0,440,170,0,437,140,0,450,257,0,443,212,0,438,183,0,436,158,0,438,267,0,433,237,0,431,215,0,431,197,0,NAMASTE
376,327,0,393,291,0,398,253,0,401,225,0,404,204,0,383,237,0,399,198,0,409,169,0,417,146,0,380,242,0,398,195,0,410,164,0,419,137,0,385,250,0,401,204,0,410,175,0,418,151,0,398,262,0,407,231,0,412,210,0,417,192,0,NAMASTE
450,334,0,449,297,0,445,259,0,442,229,0,435,206,0,450,248,0,441,207,0,435,176,0,432,151,0,449,251,0,439,204,0,433,172,0,430,142,0,442,257,0,436,213,0,431,184,0,429,159,0,431,266,0,426,235,0,425,215,0,425,198,0,NAMASTE
371,327,0,386,292,0,390,254,0,394,226,0,397,206,0,377,239,0,393,200,0,403,172,0,411,149,0,375,243,0,392,197,0,403,166,0,412,138,0,379,250,0,394,206,0,403,176,0,410,152,0,391,261,0,400,230,0,404,209,0,409,191,0,NAMASTE
441,334,0,441,298,0,437,260,0,432,233,0,426,211,0,442,252,0,431,212,0,425,183,0,421,159,0,439,254,0,429,208,0,423,177,0,419,148,0,432,259,0,424,216,0,419,187,0,416,162,0,422,266,0,416,236,0,414,216,0,413,198,0,NAMASTE
361,333,0,376,299,0,383,261,0,388,234,0,392,214,0,371,247,0,386,209,0,395,179,0,401,155,0,370,250,0,385,205,0,395,174,0,403,145,0,374,257,0,388,213,0,397,184,0,402,159,0,384,267,0,393,237,0,397,217,0,401,199,0,NAMASTE
425,339,0,428,302,0,424,266,0,419,241,0,413,219,0,430,257,0,420,219,0,414,191,0,409,167,0,426,259,0,417,214,0,411,183,0,407,156,0,417,264,0,411,221,0,406,193,0,403,170,0,405,271,0,400,241,0,398,220,0,397,203,0,NAMASTE
351,335,0,365,299,0,371,262,0,375,236,0,377,216,0,362,251,0,374,214,0,382,184,0,388,161,0,361,254,0,374,211,0,384,180,0,392,152,0,364,259,0,375,217,0,383,189,0,388,164,0,373,267,0,379,238,0,382,219,0,384,201,0,NAMASTE
412,336,0,418,300,0,414,264,0,408,238,0,402,218,0,418,256,0,410,219,0,404,192,0,399,169,0,414,259,0,405,215,0,399,184,0,395,157,0,405,264,0,398,222,0,394,194,0,391,171,0,393,272,0,388,243,0,386,223,0,386,206,0,NAMASTE
347,338,0,360,302,0,364,267,0,366,241,0,368,221,0,355,255,0,365,218,0,372,190,0,377,166,0,352,257,0,363,216,0,371,186,0,378,158,0,355,262,0,365,222,0,371,194,0,376,170,0,363,269,0,369,241,0,371,222,0,374,205,0,NAMASTE
404,336,0,406,303,0,401,267,0,394,241,0,388,222,0,407,258,0,398,223,0,392,196,0,387,174,0,402,260,0,392,219,0,383,188,0,377,161,0,394,265,0,385,225,0,378,197,0,374,172,0,381,273,0,374,245,0,371,225,0,371,207,0,NAMASTE
334,337,0,348,304,0,353,270,0,355,244,0,355,225,0,340,257,0,351,224,0,359,197,0,364,176,0,338,259,0,350,219,0,358,190,0,364,163,0,341,263,0,352,223,0,358,195,0,363,171,0,350,269,0,356,241,0,359,222,0,362,205,0,NAMASTE
393,344,0,399,313,0,394,280,0,387,255,0,379,237,0,397,268,0,386,230,0,380,202,0,374,180,0,393,271,0,380,226,0,373,195,0,367,168,0,383,276,0,372,233,0,365,204,0,360,179,0,370,284,0,362,253,0,358,232,0,356,214,0,NAMASTE
322,335,0,336,301,0,340,265,0,342,240,0,343,221,0,328,250,0,340,217,0,348,190,0,353,168,0,326,253,0,339,214,0,347,185,0,354,158,0,328,260,0,338,221,0,344,195,0,349,171,0,335,270,0,340,244,0,343,227,0,345,211,0,NAMASTE
386,346,0,391,312,0,385,277,0,378,251,0,371,232,0,388,268,0,378,231,0,372,203,0,366,181,0,383,271,0,371,227,0,364,197,0,358,170,0,373,276,0,363,234,0,355,206,0,351,181,0,360,285,0,352,256,0,349,236,0,347,218,0,NAMASTE
318,341,0,333,309,0,338,273,0,340,248,0,340,228,0,325,257,0,335,224,0,342,197,0,347,175,0,323,260,0,334,220,0,342,192,0,349,165,0,324,266,0,333,228,0,339,201,0,343,178,0,329,276,0,335,251,0,338,234,0,341,218,0,NAMASTE
384,351,0,388,318,0,382,284,0,375,259,0,367,241,0,385,273,0,374,235,0,367,208,0,362,186,0,381,276,0,368,232,0,360,202,0,355,175,0,372,282,0,361,240,0,354,211,0,350,186,0,359,292,0,350,262,0,347,242,0,345,223,0,NAMASTE
311,347,0,325,314,0,331,279,0,336,254,0,337,234,0,321,264,0,331,229,0,339,202,0,344,180,0,319,265,0,331,226,0,340,197,0,346,171,0,320,271,0,331,233,0,337,207,0,341,184,0,326,280,0,333,255,0,337,238,0,341,223,0,NAMASTE
378,348,0,382,316,0,376,281,0,369,257,0,360,239,0,377,269,0,366,234,0,359,208,0,354,188,0,371,272,0,359,229,0,352,201,0,347,176,0,362,277,0,352,237,0,345,210,0,342,186,0,350,286,0,341,258,0,338,240,0,337,223,0,NAMASTE
306,349,0,326,320,0,332,284,0,333,258,0,332,239,0,315,266,0,325,234,0,333,208,0,339,187,0,312,268,0,322,229,0,330,202,0,337,176,0,312,272,0,322,235,0,329,209,0,333,186,0,317,279,0,323,253,0,327,236,0,331,221,0,NAMASTE
366,354,0,370,322,0,365,288,0,358,263,0,351,244,0,366,280,0,356,242,0,350,215,0,345,193,0,361,283,0,350,239,0,343,210,0,339,183,0,352,289,0,342,247,0,335,220,0,331,196,0,340,299,0,333,271,0,330,252,0,328,235,0,NAMASTE
298,359,0,316,330,0,322,295,0,324,269,0,324,250,0,304,276,0,316,241,0,324,214,0,330,192,0,302,278,0,313,238,0,322,209,0,329,183,0,303,283,0,313,245,0,320,218,0,325,195,0,308,292,0,315,268,0,320,251,0,324,236,0,NAMASTE
364,363,0,369,330,0,362,297,0,353,273,0,345,255,0,363,289,0,353,252,0,346,225,0,340,204,0,359,292,0,348,249,0,341,220,0,336,195,0,350,299,0,341,257,0,334,231,0,331,208,0,337,309,0,330,281,0,327,263,0,325,246,0,NAMASTE
294,364,0,313,336,0,320,302,0,322,276,0,321,257,0,304,283,0,315,249,0,323,223,0,328,202,0,302,284,0,314,246,0,322,218,0,329,191,0,303,290,0,314,253,0,321,227,0,325,204,0,307,300,0,314,276,0,318,260,0,322,245,0,NAMASTE
365,368,0,369,336,0,363,304,0,355,279,0,347,261,0,364,295,0,353,257,0,346,231,0,340,210,0,360,298,0,348,255,0,340,226,0,336,200,0,351,305,0,340,263,0,334,236,0,331,214,0,338,314,0,330,287,0,327,268,0,326,251,0,NAMASTE
296,368,0,312,337,0,318,303,0,321,278,0,321,260,0,303,286,0,314,253,0,322,227,0,328,206,0,301,289,0,313,250,0,321,222,0,328,197,0,302,295,0,312,258,0,319,233,0,324,210,0,306,304,0,312,280,0,316,264,0,320,249,0,NAMASTE
365,369,0,369,337,0,362,304,0,354,279,0,347,260,0,364,297,0,354,260,0,347,234,0,341,212,0,360,300,0,348,257,0,341,229,0,337,203,0,351,307,0,341,266,0,335,240,0,332,217,0,338,317,0,331,290,0,328,271,0,327,255,0,NAMASTE
296,369,0,309,340,0,313,307,0,316,283,0,317,266,0,301,290,0,313,258,0,321,233,0,327,213,0,300,292,0,313,254,0,322,227,0,330,203,0,302,297,0,312,260,0,319,236,0,324,214,0,307,307,0,313,283,0,316,266,0,320,251,0,NAMASTE
352,374,0,357,342,0,351,309,0,345,284,0,339,264,0,350,300,0,337,262,0,328,236,0,322,214,0,346,304,0,331,259,0,321,229,0,314,202,0,337,312,0,323,269,0,314,242,0,310,219,0,324,323,0,314,294,0,310,274,0,307,257,0,NAMASTE
282,372,0,294,344,0,297,310,0,298,286,0,298,268,0,285,296,0,295,264,0,302,239,0,308,219,0,284,297,0,294,260,0,301,233,0,308,208,0,286,301,0,295,266,0,301,241,0,306,219,0,291,308,0,296,286,0,299,270,0,302,257,0,NAMASTE
338,370,0,342,339,0,336,307,0,329,283,0,323,265,0,331,296,0,319,260,0,310,235,0,303,215,0,326,299,0,312,258,0,302,230,0,296,206,0,317,306,0,304,266,0,296,241,0,292,219,0,305,317,0,296,291,0,291,273,0,288,256,0,NAMASTE
268,376,0,280,346,0,286,311,0,288,286,0,288,267,0,273,298,0,281,265,0,287,239,0,291,218,0,271,299,0,280,260,0,287,233,0,293,208,0,270,302,0,278,265,0,283,239,0,287,218,0,271,308,0,276,285,0,280,268,0,283,253,0,NAMASTE
329,371,0,332,339,0,326,307,0,321,282,0,315,263,0,320,294,0,305,257,0,296,232,0,290,212,0,315,299,0,299,256,0,290,228,0,285,204,0,307,309,0,291,268,0,283,243,0,279,221,0,296,323,0,286,296,0,281,278,0,277,261,0,NAMASTE
260,377,0,272,348,0,276,314,0,278,289,0,277,271,0,260,297,0,268,263,0,275,236,0,281,215,0,258,298,0,267,259,0,275,230,0,282,205,0,258,304,0,266,266,0,273,240,0,277,218,0,261,313,0,267,290,0,270,273,0,272,259,0,NAMASTE
326,369,0,329,336,0,323,305,0,317,280,0,313,262,0,317,291,0,301,254,0,291,230,0,284,210,0,312,297,0,294,253,0,285,225,0,279,201,0,304,308,0,287,266,0,279,241,0,275,219,0,293,323,0,282,295,0,276,276,0,271,259,0,NAMASTE
255,372,0,267,344,0,273,312,0,276,289,0,276,271,0,261,294,0,268,260,0,272,235,0,276,215,0,258,295,0,266,256,0,272,229,0,278,205,0,255,300,0,263,264,0,269,239,0,273,219,0,254,309,0,260,287,0,264,271,0,267,257,0,NAMASTE
325,370,0,328,337,0,322,306,0,314,282,0,306,264,0,317,292,0,300,254,0,291,229,0,283,208,0,312,298,0,294,253,0,284,225,0,278,200,0,304,309,0,287,266,0,277,240,0,272,218,0,292,323,0,281,295,0,274,275,0,269,258,0,NAMASTE
255,371,0,268,343,0,275,310,0,279,286,0,278,266,0,265,292,0,271,258,0,273,232,0,274,211,0,261,294,0,267,255,0,272,227,0,275,202,0,257,300,0,264,263,0,268,238,0,271,216,0,255,310,0,261,287,0,263,271,0,266,256,0,NAMASTE
322,370,0,326,336,0,320,305,0,313,279,0,310,261,0,315,292,0,296,252,0,285,227,0,277,206,0,310,298,0,290,252,0,279,223,0,271,198,0,300,309,0,282,265,0,272,238,0,267,216,0,288,324,0,275,294,0,268,274,0,263,257,0,NAMASTE
262,368,0,278,340,0,285,307,0,286,281,0,284,261,0,277,290,0,277,254,0,275,228,0,272,207,0,270,292,0,271,251,0,271,223,0,272,199,0,262,299,0,264,260,0,266,236,0,267,214,0,254,310,0,255,287,0,257,270,0,258,254,0,NAMASTE
324,370,0,328,337,0,323,304,0,316,278,0,312,259,0,317,292,0,299,253,0,289,227,0,281,207,0,311,299,0,292,253,0,282,223,0,274,198,0,302,310,0,284,266,0,275,239,0,270,217,0,290,324,0,278,295,0,272,275,0,267,257,0,NAMASTE
287,432,0,310,405,0,323,373,0,329,348,0,331,328,0,305,348,0,316,315,0,326,290,0,333,271,0,300,349,0,315,313,0,326,287,0,336,264,0,298,354,0,313,321,0,323,299,0,331,279,0,300,364,0,311,344,0,319,331,0,325,319,0,NAMASTE
371,446,0,380,413,0,380,379,0,378,351,0,374,330,0,381,363,0,366,317,0,357,288,0,349,264,0,376,371,0,361,319,0,350,286,0,342,258,0,365,382,0,350,333,0,341,303,0,335,279,0,347,397,0,337,362,0,332,339,0,330,320,0,NAMASTE
288,431,0,314,407,0,328,375,0,335,351,0,338,331,0,308,348,0,319,315,0,328,290,0,334,270,0,303,349,0,317,312,0,328,287,0,337,263,0,301,354,0,316,321,0,325,298,0,332,278,0,302,363,0,313,343,0,320,329,0,326,317,0,NAMASTE
373,448,0,380,414,0,380,378,0,376,349,0,372,328,0,382,364,0,367,317,0,358,288,0,349,263,0,376,372,0,362,319,0,351,286,0,343,259,0,364,384,0,351,334,0,341,303,0,336,279,0,346,397,0,336,361,0,332,338,0,330,319,0,NAMASTE
292,430,0,315,405,0,329,372,0,337,347,0,339,326,0,315,348,0,325,315,0,333,290,0,339,270,0,310,349,0,322,313,0,332,287,0,341,263,0,307,354,0,320,321,0,328,298,0,336,278,0,306,363,0,317,342,0,323,329,0,329,316,0,NAMASTE
374,446,0,384,415,0,386,382,0,386,355,0,384,335,0,386,363,0,370,317,0,362,287,0,355,263,0,379,370,0,365,317,0,355,284,0,348,256,0,367,380,0,354,330,0,345,299,0,340,275,0,350,394,0,340,359,0,336,336,0,333,317,0,NAMASTE
316,419,0,335,389,0,343,357,0,347,334,0,348,314,0,324,339,0,340,309,0,350,285,0,357,265,0,320,341,0,337,307,0,348,282,0,358,258,0,321,346,0,338,313,0,348,291,0,356,271,0,328,355,0,340,335,0,346,321,0,352,308,0,NAMASTE
395,444,0,403,409,0,402,373,0,398,344,0,391,323,0,407,359,0,392,314,0,384,286,0,377,262,0,402,365,0,386,314,0,378,281,0,372,253,0,390,376,0,377,327,0,368,296,0,364,271,0,374,389,0,365,356,0,361,334,0,358,315,0,NAMASTE
322,415,0,336,382,0,344,349,0,349,326,0,353,307,0,333,336,0,349,306,0,359,281,0,365,261,0,331,339,0,348,304,0,359,279,0,368,254,0,333,346,0,348,311,0,357,288,0,364,266,0,340,355,0,350,332,0,356,316,0,360,302,0,NAMASTE
402,442,0,408,406,0,407,370,0,403,341,0,396,321,0,414,358,0,401,315,0,393,286,0,386,262,0,410,364,0,396,314,0,388,282,0,382,254,0,399,373,0,388,325,0,379,295,0,375,271,0,383,385,0,375,351,0,370,329,0,368,311,0,NAMASTE
328,410,0,341,379,0,348,347,0,353,325,0,358,307,0,337,332,0,352,303,0,363,279,0,370,259,0,336,335,0,353,302,0,365,277,0,375,254,0,339,342,0,355,309,0,365,287,0,374,267,0,346,353,0,356,330,0,361,315,0,366,302,0,NAMASTE
404,443,0,410,409,0,411,373,0,411,344,0,405,322,0,417,359,0,406,316,0,397,287,0,391,263,0,414,366,0,402,315,0,393,282,0,387,254,0,405,376,0,394,327,0,385,295,0,380,271,0,389,388,0,381,353,0,376,330,0,374,311,0,NAMASTE
340,413,0,350,379,0,357,346,0,365,323,0,372,305,0,349,333,0,365,302,0,377,278,0,386,257,0,348,336,0,367,301,0,380,275,0,391,251,0,352,344,0,368,308,0,379,284,0,387,262,0,362,355,0,371,330,0,377,312,0,382,297,0,NAMASTE
418,439,0,422,403,0,423,367,0,423,339,0,418,319,0,433,357,0,422,317,0,415,288,0,408,264,0,429,363,0,417,315,0,410,282,0,405,253,0,418,371,0,408,325,0,401,295,0,398,271,0,402,381,0,395,348,0,392,326,0,392,309,0,NAMASTE
348,415,0,363,383,0,370,350,0,376,326,0,383,309,0,358,336,0,377,305,0,390,281,0,399,261,0,356,340,0,377,303,0,392,277,0,404,254,0,360,348,0,378,310,0,390,286,0,401,265,0,371,359,0,381,334,0,387,317,0,393,302,0,NAMASTE
430,441,0,433,403,0,432,367,0,432,339,0,427,318,0,440,357,0,431,317,0,425,288,0,421,264,0,438,362,0,427,315,0,422,282,0,420,255,0,429,370,0,419,325,0,415,296,0,414,273,0,414,382,0,407,350,0,405,329,0,405,311,0,NAMASTE
349,415,0,368,381,0,378,346,0,386,321,0,393,303,0,367,330,0,387,299,0,401,275,0,412,256,0,364,335,0,386,298,0,402,273,0,416,251,0,366,345,0,387,309,0,400,284,0,411,263,0,375,361,0,388,336,0,394,319,0,400,303,0,NAMASTE
432,446,0,438,408,0,440,372,0,441,345,0,437,324,0,449,363,0,441,321,0,435,291,0,431,265,0,447,369,0,438,319,0,432,285,0,429,256,0,437,378,0,429,330,0,424,299,0,423,274,0,421,389,0,416,354,0,414,331,0,414,312,0,NAMASTE
353,418,0,378,388,0,389,354,0,394,328,0,399,309,0,372,334,0,391,303,0,405,279,0,416,259,0,369,338,0,390,301,0,405,275,0,419,252,0,370,346,0,389,310,0,403,286,0,413,265,0,378,360,0,391,335,0,398,318,0,404,303,0,NAMASTE
434,438,0,443,399,0,444,364,0,444,337,0,440,316,0,450,355,0,442,316,0,437,288,0,434,265,0,446,361,0,438,315,0,433,284,0,432,258,0,437,370,0,429,327,0,426,299,0,426,276,0,422,381,0,417,351,0,416,329,0,417,310,0,NAMASTE
355,419,0,379,388,0,389,354,0,395,329,0,401,311,0,373,335,0,393,305,0,407,281,0,418,260,0,371,339,0,393,303,0,409,277,0,423,254,0,373,348,0,394,313,0,407,288,0,418,266,0,382,362,0,395,337,0,402,319,0,408,303,0,NAMASTE
435,447,0,443,409,0,445,374,0,447,346,0,444,326,0,454,365,0,447,324,0,441,295,0,437,271,0,452,371,0,443,324,0,437,291,0,435,263,0,442,380,0,434,335,0,430,305,0,429,282,0,426,392,0,421,359,0,418,337,0,418,318,0,NAMASTE
367,419,0,379,385,0,388,352,0,398,328,0,405,310,0,383,336,0,402,304,0,415,280,0,426,260,0,382,341,0,403,302,0,417,276,0,431,253,0,386,350,0,404,311,0,416,286,0,426,264,0,396,364,0,407,337,0,412,319,0,418,303,0,NAMASTE
448,443,0,455,404,0,457,368,0,460,342,0,457,321,0,465,358,0,458,319,0,453,289,0,449,265,0,463,363,0,454,317,0,449,285,0,448,257,0,454,371,0,447,328,0,442,298,0,442,275,0,439,382,0,435,351,0,433,330,0,433,311,0,NAMASTE
380,423,0,388,387,0,396,352,0,407,328,0,415,310,0,392,338,0,412,302,0,425,276,0,436,254,0,391,343,0,413,301,0,427,273,0,441,248,0,396,353,0,414,311,0,426,284,0,437,261,0,408,369,0,418,340,0,423,321,0,428,303,0,NAMASTE
462,433,0,469,394,0,468,357,0,466,328,0,461,307,0,477,353,0,466,314,0,460,286,0,455,262,0,474,360,0,463,315,0,456,284,0,454,256,0,465,369,0,456,327,0,450,298,0,449,275,0,451,382,0,446,352,0,443,331,0,443,312,0,NAMASTE
396,424,0,396,390,0,398,356,0,404,333,0,409,316,0,398,337,0,415,302,0,426,276,0,435,254,0,400,341,0,419,301,0,431,273,0,441,248,0,407,351,0,422,312,0,431,286,0,439,263,0,419,366,0,426,339,0,430,322,0,434,305,0,NAMASTE
473,396,0,476,360,0,471,329,0,464,306,0,457,287,0,472,323,0,461,291,0,454,269,0,451,250,0,470,329,0,459,293,0,453,269,0,451,246,0,463,340,0,455,306,0,450,284,0,449,265,0,454,355,0,449,335,0,447,319,0,446,304,0,NAMASTE
403,428,0,400,397,0,398,365,0,401,343,0,406,328,0,400,341,0,416,304,0,425,277,0,433,255,0,403,345,0,420,302,0,431,273,0,441,246,0,411,354,0,424,312,0,432,284,0,439,259,0,424,367,0,430,338,0,433,318,0,436,299,0,NAMASTE
480,389,0,483,356,0,477,327,0,468,306,0,459,289,0,475,320,0,464,291,0,456,269,0,450,250,0,472,326,0,461,293,0,454,269,0,451,246,0,465,336,0,457,306,0,452,285,0,451,267,0,456,351,0,452,332,0,449,318,0,448,304,0,NAMASTE
413,426,0,411,392,0,412,355,0,419,328,0,427,310,0,408,340,0,425,303,0,435,275,0,444,251,0,410,345,0,428,300,0,440,270,0,450,242,0,418,354,0,431,311,0,440,282,0,447,256,0,433,367,0,437,339,0,439,318,0,441,299,0,NAMASTE
490,392,0,493,361,0,488,332,0,482,309,0,474,291,0,489,325,0,476,295,0,467,272,0,460,253,0,484,331,0,472,296,0,464,271,0,461,248,0,477,341,0,467,308,0,461,286,0,460,267,0,467,355,0,461,335,0,458,319,0,457,304,0,NAMASTE
420,431,0,419,393,0,422,356,0,431,330,0,441,310,0,418,343,0,437,303,0,448,275,0,458,252,0,419,348,0,439,302,0,452,271,0,464,245,0,427,359,0,442,313,0,453,284,0,462,258,0,441,373,0,448,342,0,452,320,0,455,301,0,NAMASTE
501,391,0,504,360,0,499,331,0,492,309,0,484,292,0,499,324,0,486,295,0,479,274,0,474,255,0,495,329,0,483,297,0,477,274,0,475,252,0,488,339,0,479,308,0,475,288,0,475,271,0,479,353,0,474,336,0,472,323,0,472,310,0,NAMASTE
316,389,0,347,354,0,360,314,0,365,283,0,367,259,0,348,287,0,363,244,0,371,211,0,377,183,0,342,290,0,359,240,0,370,204,0,379,170,0,338,299,0,353,251,0,363,218,0,370,189,0,337,313,0,350,285,0,357,263,0,362,244,0,NAMASTE
403,386,0,412,344,0,410,302,0,406,269,0,399,246,0,416,292,0,405,245,0,398,212,0,394,184,0,411,298,0,399,242,0,392,203,0,390,170,0,399,309,0,388,255,0,381,220,0,380,191,0,383,324,0,375,289,0,372,264,0,371,242,0,NAMASTE
316,392,0,345,358,0,358,318,0,364,287,0,365,262,0,351,290,0,362,248,0,368,214,0,373,186,0,345,293,0,357,242,0,366,205,0,374,172,0,339,301,0,350,252,0,357,219,0,363,190,0,335,314,0,344,286,0,350,264,0,355,244,0,NAMASTE
397,392,0,405,350,0,404,311,0,401,279,0,395,256,0,409,299,0,398,251,0,391,217,0,386,189,0,405,303,0,392,246,0,385,207,0,381,174,0,394,313,0,382,259,0,375,224,0,372,195,0,377,327,0,370,293,0,367,268,0,365,246,0,NAMASTE
299,398,0,327,363,0,340,322,0,345,292,0,347,268,0,328,294,0,341,251,0,349,218,0,356,192,0,323,296,0,338,246,0,348,210,0,357,178,0,319,305,0,334,258,0,343,226,0,349,198,0,317,320,0,329,291,0,336,269,0,341,250,0,NAMASTE
382,383,0,391,339,0,388,297,0,382,266,0,375,243,0,393,288,0,380,244,0,372,213,0,368,186,0,386,294,0,372,243,0,365,207,0,362,174,0,375,306,0,363,257,0,357,224,0,355,195,0,360,323,0,352,292,0,349,270,0,348,249,0,NAMASTE
289,393,0,318,356,0,327,314,0,330,285,0,331,262,0,303,286,0,320,244,0,330,212,0,338,187,0,298,291,0,317,241,0,330,207,0,340,175,0,297,302,0,314,253,0,325,221,0,332,193,0,302,318,0,314,289,0,321,268,0,327,248,0,NAMASTE
380,375,0,388,334,0,382,295,0,372,264,0,363,241,0,384,285,0,370,243,0,361,215,0,356,191,0,376,291,0,360,242,0,351,208,0,346,178,0,365,304,0,350,256,0,341,226,0,338,201,0,350,321,0,341,291,0,336,269,0,335,249,0,NAMASTE
281,397,0,312,357,0,321,313,0,324,282,0,325,256,0,294,287,0,310,247,0,321,215,0,330,189,0,288,291,0,306,243,0,319,209,0,329,177,0,287,302,0,304,256,0,314,225,0,321,198,0,291,318,0,303,287,0,309,266,0,315,248,0,NAMASTE
373,368,0,381,326,0,372,287,0,362,258,0,352,237,0,373,280,0,359,241,0,350,213,0,344,190,0,366,287,0,350,239,0,341,205,0,335,175,0,355,299,0,340,253,0,331,224,0,327,198,0,341,316,0,331,288,0,327,267,0,324,247,0,NAMASTE
268,401,0,297,362,0,307,319,0,309,288,0,310,264,0,280,294,0,293,251,0,303,219,0,311,192,0,275,298,0,290,247,0,302,212,0,312,180,0,274,307,0,290,260,0,300,228,0,307,201,0,277,321,0,288,290,0,295,269,0,300,251,0,NAMASTE
361,366,0,369,325,0,360,286,0,348,256,0,337,232,0,360,283,0,343,244,0,333,216,0,326,193,0,352,290,0,333,243,0,323,211,0,317,181,0,341,303,0,323,258,0,313,228,0,309,202,0,327,320,0,316,291,0,310,270,0,308,250,0,NAMASTE
262,399,0,287,359,0,294,316,0,297,286,0,298,263,0,268,293,0,281,251,0,292,218,0,301,191,0,263,297,0,279,246,0,291,211,0,301,178,0,263,305,0,279,258,0,289,227,0,295,200,0,268,319,0,279,288,0,285,268,0,291,250,0,NAMASTE
351,374,0,358,332,0,350,291,0,340,258,0,332,232,0,350,284,0,332,240,0,321,211,0,314,186,0,344,291,0,325,241,0,315,206,0,309,176,0,333,305,0,317,258,0,308,226,0,304,200,0,319,323,0,309,292,0,304,270,0,301,251,0,NAMASTE
247,397,0,263,355,0,270,312,0,274,281,0,275,256,0,250,292,0,264,248,0,273,216,0,281,190,0,248,295,0,264,244,0,275,209,0,284,178,0,249,303,0,265,256,0,274,225,0,279,198,0,254,316,0,264,287,0,268,267,0,273,249,0,NAMASTE
334,373,0,341,333,0,335,290,0,328,256,0,322,230,0,333,282,0,316,239,0,305,210,0,296,186,0,327,289,0,308,239,0,298,206,0,291,177,0,316,303,0,300,256,0,291,226,0,285,199,0,301,322,0,291,292,0,285,271,0,281,252,0,NAMASTE
245,393,0,267,350,0,274,307,0,277,277,0,277,253,0,249,286,0,261,243,0,270,211,0,277,184,0,245,290,0,259,239,0,271,204,0,280,173,0,244,300,0,259,253,0,268,222,0,274,195,0,247,315,0,258,286,0,264,266,0,269,249,0,NAMASTE
333,378,0,341,339,0,335,295,0,327,258,0,319,229,0,337,288,0,316,238,0,303,205,0,292,178,0,330,296,0,306,239,0,293,201,0,284,170,0,318,311,0,297,258,0,285,223,0,277,196,0,301,330,0,288,293,0,282,269,0,277,248,0,NAMASTE
236,396,0,252,356,0,260,314,0,265,283,0,265,258,0,239,292,0,250,248,0,258,216,0,265,190,0,237,295,0,250,244,0,261,209,0,270,178,0,237,304,0,250,256,0,258,225,0,265,199,0,241,317,0,250,288,0,256,268,0,260,250,0,NAMASTE
327,381,0,334,341,0,328,297,0,320,262,0,313,235,0,326,286,0,307,238,0,294,205,0,284,179,0,319,294,0,298,239,0,286,202,0,277,171,0,307,309,0,288,258,0,277,224,0,270,195,0,290,329,0,277,296,0,271,272,0,267,251,0,NAMASTE
229,397,0,247,355,0,256,311,0,261,279,0,262,254,0,233,291,0,244,245,0,253,213,0,261,187,0,229,295,0,243,243,0,254,207,0,263,176,0,229,305,0,242,256,0,251,224,0,256,198,0,233,319,0,242,289,0,247,268,0,251,250,0,NAMASTE
320,379,0,328,340,0,322,295,0,315,258,0,311,230,0,319,283,0,300,232,0,288,200,0,279,173,0,312,293,0,290,238,0,277,201,0,268,171,0,300,310,0,280,259,0,268,225,0,262,197,0,284,331,0,269,297,0,262,272,0,258,251,0,NAMASTE
221,395,0,245,354,0,257,311,0,262,279,0,262,253,0,229,287,0,240,244,0,248,213,0,254,187,0,222,291,0,235,241,0,246,208,0,255,177,0,217,302,0,231,256,0,240,227,0,245,200,0,216,318,0,225,290,0,230,271,0,234,252,0,NAMASTE
312,387,0,321,346,0,314,304,0,301,270,0,288,244,0,314,295,0,292,244,0,278,210,0,267,182,0,305,303,0,279,245,0,265,206,0,256,174,0,290,317,0,266,263,0,253,227,0,246,198,0,271,335,0,256,298,0,249,273,0,244,251,0,NAMASTE
212,395,0,233,350,0,241,305,0,244,273,0,243,248,0,211,286,0,223,243,0,232,212,0,240,187,0,206,292,0,221,241,0,233,206,0,243,175,0,205,304,0,220,256,0,229,226,0,236,200,0,210,321,0,220,292,0,225,272,0,229,253,0,NAMASTE
303,387,0,311,349,0,304,306,0,291,273,0,277,249,0,311,296,0,287,242,0,272,208,0,259,181,0,301,305,0,276,243,0,261,204,0,250,173,0,286,319,0,263,263,0,249,227,0,241,198,0,264,337,0,249,299,0,241,273,0,235,252,0,NAMASTE
203,392,0,219,349,0,227,305,0,231,273,0,232,248,0,207,285,0,219,241,0,227,210,0,234,184,0,202,290,0,217,238,0,227,203,0,235,171,0,201,301,0,215,254,0,223,223,0,229,196,0,203,317,0,212,288,0,217,267,0,222,249,0,NAMASTE
299,387,0,307,346,0,299,303,0,283,270,0,268,247,0,303,292,0,278,239,0,263,205,0,250,179,0,292,301,0,267,239,0,252,202,0,242,171,0,276,316,0,253,260,0,239,224,0,231,196,0,255,334,0,241,296,0,232,271,0,227,249,0,NAMASTE
200,390,0,220,345,0,229,301,0,234,269,0,233,243,0,210,280,0,219,236,0,223,206,0,226,180,0,203,284,0,217,235,0,224,201,0,231,170,0,197,296,0,212,252,0,219,222,0,224,193,0,194,315,0,203,287,0,207,267,0,211,247,0,NAMASTE
294,388,0,304,346,0,296,305,0,278,273,0,260,253,0,299,294,0,271,239,0,253,205,0,239,178,0,287,302,0,259,236,0,242,197,0,230,167,0,270,317,0,245,258,0,230,222,0,221,194,0,247,336,0,230,295,0,221,269,0,214,246,0,NAMASTE
191,394,0,210,351,0,220,307,0,225,274,0,224,247,0,200,286,0,208,240,0,211,209,0,214,184,0,192,289,0,203,237,0,210,203,0,216,173,0,187,300,0,196,252,0,202,221,0,207,194,0,184,316,0,191,286,0,195,265,0,198,245,0,NAMASTE
288,389,0,296,344,0,287,303,0,270,272,0,253,251,0,288,291,0,259,236,0,243,203,0,230,176,0,276,300,0,247,234,0,231,196,0,220,165,0,259,316,0,233,256,0,219,220,0,212,191,0,237,336,0,219,296,0,210,269,0,205,245,0,NAMASTE
348,385,0,354,343,0,348,302,0,335,269,0,321,246,0,351,290,0,327,239,0,313,207,0,302,182,0,343,298,0,316,237,0,302,200,0,292,169,0,329,311,0,305,253,0,291,217,0,283,189,0,309,327,0,292,286,0,284,260,0,279,238,0,NAMASTE
352,376,0,385,341,0,395,301,0,399,271,0,402,249,0,373,274,0,390,235,0,402,204,0,413,179,0,367,279,0,388,233,0,402,200,0,416,170,0,367,290,0,386,245,0,399,214,0,409,189,0,373,306,0,386,279,0,393,259,0,400,242,0,NAMASTE
437,387,0,445,348,0,447,307,0,448,274,0,443,249,0,459,299,0,447,247,0,439,211,0,433,181,0,455,305,0,443,246,0,435,205,0,430,171,0,443,315,0,433,259,0,425,223,0,423,194,0,424,327,0,416,288,0,413,262,0,412,240,0,NAMASTE
358,377,0,384,339,0,395,300,0,400,270,0,403,246,0,373,278,0,391,238,0,405,207,0,415,181,0,369,283,0,390,236,0,405,203,0,419,172,0,371,292,0,389,247,0,401,216,0,411,189,0,379,305,0,391,276,0,396,256,0,401,239,0,NAMASTE
441,389,0,448,348,0,451,308,0,452,275,0,448,250,0,463,298,0,451,247,0,444,211,0,438,182,0,459,304,0,447,245,0,440,203,0,436,168,0,447,313,0,436,257,0,429,220,0,426,192,0,428,324,0,421,286,0,418,259,0,416,237,0,NAMASTE
369,373,0,381,332,0,390,292,0,399,262,0,405,239,0,380,276,0,401,234,0,413,203,0,424,177,0,378,281,0,400,232,0,415,199,0,428,169,0,382,291,0,401,243,0,414,212,0,424,187,0,394,306,0,407,274,0,414,253,0,421,234,0,NAMASTE
452,388,0,462,346,0,468,304,0,471,269,0,468,242,0,481,296,0,470,246,0,464,210,0,458,180,0,477,303,0,464,244,0,458,202,0,454,167,0,464,313,0,452,257,0,446,220,0,444,191,0,444,325,0,437,286,0,433,260,0,433,238,0,NAMASTE
387,377,0,397,333,0,406,292,0,419,261,0,429,239,0,397,278,0,423,232,0,440,199,0,454,173,0,397,284,0,428,229,0,448,193,0,465,164,0,403,295,0,429,241,0,446,209,0,460,182,0,418,312,0,433,277,0,441,253,0,450,232,0,NAMASTE
476,397,0,474,353,0,477,312,0,481,279,0,478,253,0,500,301,0,491,254,0,486,220,0,482,192,0,500,306,0,489,249,0,484,211,0,481,178,0,491,313,0,480,260,0,476,223,0,474,195,0,473,322,0,466,283,0,462,257,0,461,235,0,NAMASTE
386,380,0,393,336,0,402,295,0,414,264,0,424,242,0,397,280,0,424,234,0,441,202,0,455,176,0,397,286,0,427,232,0,446,196,0,463,166,0,404,297,0,429,244,0,445,211,0,459,184,0,419,313,0,434,278,0,442,254,0,451,233,0,NAMASTE
483,393,0,487,346,0,488,304,0,489,271,0,484,245,0,502,294,0,491,245,0,486,210,0,482,180,0,500,300,0,488,242,0,483,202,0,481,167,0,490,310,0,480,256,0,475,219,0,475,191,0,472,323,0,465,286,0,462,259,0,461,237,0,NAMASTE
395,378,0,400,335,0,409,293,0,422,261,0,432,239,0,402,280,0,428,234,0,445,202,0,459,176,0,402,286,0,432,232,0,451,197,0,468,168,0,409,297,0,433,244,0,449,211,0,463,185,0,424,313,0,438,279,0,446,256,0,454,235,0,NAMASTE
481,401,0,479,357,0,482,314,0,486,280,0,484,253,0,502,302,0,494,255,0,489,220,0,486,190,0,502,307,0,492,250,0,488,211,0,486,176,0,493,315,0,484,261,0,480,225,0,479,196,0,477,324,0,470,287,0,467,261,0,466,239,0,NAMASTE
408,380,0,420,337,0,429,295,0,443,265,0,453,243,0,417,281,0,443,238,0,459,206,0,472,181,0,417,286,0,447,234,0,466,200,0,481,171,0,425,296,0,449,245,0,465,213,0,478,186,0,440,311,0,453,276,0,461,252,0,469,232,0,NAMASTE
497,397,0,496,349,0,497,309,0,499,277,0,496,252,0,515,296,0,505,249,0,500,217,0,497,189,0,516,301,0,504,244,0,498,208,0,496,176,0,509,310,0,498,257,0,493,222,0,492,195,0,494,322,0,486,286,0,481,261,0,479,238,0,NAMASTE
417,381,0,425,340,0,434,300,0,447,270,0,458,248,0,425,283,0,452,238,0,469,205,0,483,179,0,426,287,0,457,233,0,476,198,0,493,168,0,433,296,0,459,245,0,475,212,0,488,186,0,448,310,0,463,275,0,470,251,0,479,231,0,NAMASTE
509,388,0,516,339,0,517,299,0,516,266,0,512,241,0,523,289,0,515,242,0,510,209,0,507,182,0,521,292,0,511,237,0,506,200,0,504,168,0,512,300,0,505,249,0,501,216,0,500,190,0,496,312,0,491,278,0,488,254,0,487,233,0,NAMASTE
431,380,0,431,336,0,439,295,0,452,265,0,463,243,0,437,282,0,463,234,0,481,200,0,495,173,0,439,288,0,471,231,0,490,193,0,506,161,0,448,300,0,475,244,0,491,208,0,504,178,0,465,315,0,479,276,0,487,250,0,496,227,0,NAMASTE
528,384,0,529,337,0,525,292,0,521,257,0,514,229,0,536,278,0,523,231,0,520,200,0,519,172,0,535,284,0,522,230,0,518,194,0,518,162,0,528,295,0,518,244,0,514,210,0,515,182,0,514,309,0,507,274,0,505,249,0,505,228,0,NAMASTE
432,382,0,433,339,0,441,299,0,453,269,0,465,248,0,439,284,0,465,238,0,483,207,0,498,181,0,441,289,0,472,234,0,492,199,0,509,169,0,450,299,0,476,246,0,493,212,0,508,184,0,466,314,0,480,274,0,489,249,0,498,227,0,NAMASTE
523,389,0,534,345,0,537,303,0,536,270,0,532,244,0,547,292,0,538,245,0,532,211,0,526,183,0,543,296,0,534,241,0,527,203,0,523,170,0,532,304,0,525,251,0,519,216,0,517,188,0,514,316,0,509,278,0,506,252,0,505,229,0,NAMASTE
439,383,0,443,338,0,455,296,0,470,264,0,483,240,0,450,282,0,476,236,0,493,203,0,506,175,0,451,289,0,483,234,0,501,197,0,517,164,0,459,300,0,486,246,0,502,213,0,515,184,0,473,316,0,488,279,0,496,254,0,505,232,0,NAMASTE
532,387,0,538,343,0,539,300,0,538,266,0,533,239,0,550,288,0,541,242,0,535,210,0,531,182,0,547,293,0,537,238,0,532,203,0,529,171,0,537,302,0,530,250,0,525,216,0,524,188,0,520,313,0,515,277,0,512,252,0,511,230,0,NAMASTE
449,398,0,448,352,0,457,308,0,472,274,0,485,250,0,455,297,0,482,246,0,499,213,0,514,185,0,457,305,0,488,246,0,508,209,0,525,178,0,466,319,0,493,263,0,510,228,0,524,199,0,483,337,0,499,298,0,508,272,0,516,249,0,NAMASTE
542,413,0,543,365,0,541,319,0,538,285,0,531,259,0,553,304,0,541,257,0,537,223,0,536,195,0,552,309,0,541,254,0,536,218,0,534,185,0,546,318,0,537,267,0,533,233,0,533,205,0,533,332,0,527,296,0,525,272,0,525,251,0,NAMASTE
445,405,0,442,363,0,449,322,0,461,290,0,472,268,0,446,309,0,469,265,0,486,236,0,499,212,0,449,315,0,476,264,0,494,232,0,509,204,0,459,326,0,481,276,0,496,245,0,508,220,0,475,342,0,487,306,0,494,284,0,502,264,0,NAMASTE
533,425,0,536,376,0,535,330,0,534,296,0,529,268,0,547,318,0,538,272,0,532,239,0,528,212,0,545,323,0,535,269,0,529,234,0,526,203,0,536,333,0,528,281,0,522,248,0,521,221,0,520,347,0,514,311,0,511,286,0,510,265,0,NAMASTE
430,405,0,431,362,0,439,321,0,450,289,0,460,267,0,437,306,0,459,265,0,473,236,0,485,211,0,438,311,0,464,263,0,479,229,0,491,199,0,445,321,0,468,275,0,480,244,0,491,217,0,458,335,0,470,302,0,477,280,0,484,260,0,NAMASTE
517,422,0,524,373,0,525,328,0,525,294,0,520,268,0,533,315,0,524,272,0,517,243,0,511,217,0,529,320,0,519,270,0,512,237,0,507,208,0,518,328,0,510,280,0,503,248,0,501,223,0,501,339,0,494,304,0,491,282,0,491,261,0,NAMASTE
401,408,0,404,364,0,410,320,0,419,288,0,425,265,0,411,308,0,431,265,0,445,234,0,457,209,0,413,314,0,437,264,0,451,230,0,464,199,0,417,325,0,438,277,0,449,246,0,460,220,0,424,341,0,436,308,0,443,287,0,450,268,0,NAMASTE
483,426,0,486,380,0,487,339,0,488,306,0,483,280,0,498,326,0,487,278,0,480,244,0,475,215,0,496,332,0,485,276,0,478,236,0,474,202,0,486,341,0,476,289,0,470,254,0,469,226,0,469,354,0,463,317,0,459,291,0,458,269,0,NAMASTE
385,410,0,387,367,0,394,325,0,405,294,0,415,272,0,386,312,0,411,266,0,426,234,0,437,208,0,388,318,0,415,265,0,431,229,0,444,198,0,395,330,0,417,278,0,431,246,0,442,219,0,411,347,0,423,312,0,430,290,0,438,269,0,NAMASTE
471,415,0,480,371,0,480,331,0,478,299,0,472,275,0,487,320,0,477,273,0,470,239,0,464,210,0,484,325,0,473,271,0,466,232,0,463,198,0,473,335,0,463,284,0,458,251,0,457,223,0,456,349,0,450,314,0,447,289,0,446,268,0,NAMASTE
366,409,0,373,366,0,378,324,0,386,293,0,394,271,0,367,309,0,386,265,0,399,233,0,409,206,0,367,315,0,389,263,0,403,229,0,416,198,0,374,326,0,392,276,0,404,244,0,414,215,0,389,342,0,398,309,0,403,287,0,408,267,0,NAMASTE
452,400,0,461,357,0,457,317,0,450,288,0,443,265,0,457,308,0,445,266,0,438,235,0,434,209,0,452,314,0,440,265,0,434,231,0,432,200,0,442,323,0,432,278,0,427,249,0,426,224,0,427,338,0,421,308,0,418,287,0,416,268,0,NAMASTE
352,411,0,359,370,0,363,329,0,368,298,0,374,275,0,350,312,0,369,269,0,381,236,0,391,209,0,350,317,0,371,266,0,384,230,0,396,198,0,356,327,0,373,277,0,384,245,0,393,217,0,369,341,0,379,308,0,384,287,0,390,267,0,NAMASTE
435,385,0,442,347,0,436,310,0,426,282,0,416,261,0,438,300,0,425,260,0,417,230,0,410,206,0,433,305,0,420,259,0,413,226,0,410,197,0,422,316,0,412,272,0,407,243,0,406,219,0,408,331,0,401,303,0,398,282,0,398,263,0,NAMASTE
338,409,0,347,369,0,349,328,0,352,298,0,356,275,0,336,312,0,352,268,0,362,235,0,372,208,0,335,316,0,353,265,0,365,229,0,376,196,0,341,325,0,355,275,0,364,243,0,373,215,0,354,336,0,361,304,0,365,283,0,370,263,0,NAMASTE
420,394,0,428,352,0,422,311,0,413,280,0,404,257,0,425,302,0,412,261,0,402,229,0,394,203,0,420,308,0,406,260,0,397,226,0,392,196,0,409,320,0,396,273,0,388,244,0,385,219,0,393,336,0,385,306,0,381,284,0,379,264,0,NAMASTE
326,412,0,335,372,0,340,331,0,344,302,0,348,280,0,328,313,0,342,271,0,352,239,0,361,214,0,327,318,0,342,269,0,354,234,0,364,202,0,331,327,0,344,280,0,353,249,0,361,223,0,341,340,0,349,310,0,354,289,0,360,271,0,NAMASTE
410,397,0,418,360,0,411,319,0,400,288,0,389,265,0,415,309,0,399,266,0,389,235,0,380,210,0,408,315,0,393,265,0,384,231,0,377,200,0,397,326,0,383,278,0,375,247,0,372,221,0,380,341,0,371,308,0,367,285,0,366,265,0,NAMASTE
316,412,0,322,370,0,324,330,0,328,301,0,330,279,0,316,313,0,331,271,0,339,239,0,347,213,0,316,318,0,332,268,0,342,232,0,350,200,0,320,327,0,334,279,0,342,248,0,349,220,0,329,340,0,336,310,0,340,289,0,346,269,0,NAMASTE
395,415,0,402,374,0,397,330,0,389,297,0,380,272,0,404,320,0,389,273,0,378,241,0,369,215,0,398,325,0,382,272,0,372,236,0,364,205,0,386,335,0,371,285,0,362,251,0,357,222,0,368,349,0,357,313,0,352,289,0,350,267,0,NAMASTE
302,407,0,316,371,0,325,328,0,329,296,0,329,271,0,320,309,0,327,266,0,332,233,0,336,207,0,315,311,0,325,263,0,331,229,0,337,196,0,312,319,0,321,274,0,327,244,0,331,217,0,310,331,0,317,301,0,321,282,0,326,264,0,NAMASTE
387,409,0,392,369,0,384,328,0,372,296,0,361,273,0,389,315,0,371,267,0,360,234,0,349,207,0,384,321,0,365,265,0,352,227,0,344,195,0,371,332,0,353,278,0,342,244,0,336,215,0,352,347,0,339,308,0,333,283,0,331,261,0,NAMASTE
292,406,0,307,367,0,314,325,0,318,293,0,318,269,0,305,306,0,313,263,0,319,230,0,323,204,0,301,309,0,312,260,0,318,225,0,324,192,0,300,316,0,310,271,0,317,241,0,321,214,0,301,329,0,308,299,0,313,280,0,318,262,0,NAMASTE
377,404,0,383,364,0,375,322,0,365,290,0,354,267,0,381,312,0,363,265,0,351,232,0,341,206,0,375,319,0,356,263,0,343,227,0,334,196,0,362,329,0,344,276,0,333,242,0,327,214,0,343,344,0,330,306,0,325,281,0,322,260,0,NAMASTE
295,344,0,304,306,0,312,267,0,321,238,0,324,215,0,310,253,0,325,209,0,334,178,0,341,153,0,309,257,0,326,208,0,338,174,0,348,145,0,310,268,0,326,221,0,335,192,0,342,167,0,315,284,0,325,258,0,331,239,0,337,221,0,NAMASTE
374,366,0,383,323,0,378,281,0,371,249,0,363,228,0,386,273,0,376,225,0,369,192,0,364,165,0,380,279,0,368,223,0,360,185,0,355,153,0,369,289,0,358,236,0,350,201,0,345,172,0,352,303,0,345,267,0,343,242,0,343,220,0,NAMASTE
281,341,0,289,306,0,298,268,0,307,240,0,311,219,0,299,252,0,310,211,0,316,182,0,322,158,0,298,256,0,312,209,0,320,177,0,327,150,0,299,267,0,313,222,0,319,194,0,324,169,0,303,282,0,310,257,0,314,239,0,318,221,0,NAMASTE
365,365,0,372,322,0,367,280,0,358,250,0,349,228,0,374,268,0,362,224,0,354,194,0,348,168,0,368,274,0,353,221,0,344,185,0,337,155,0,356,284,0,342,233,0,333,201,0,328,174,0,340,299,0,330,265,0,327,241,0,325,220,0,NAMASTE
274,345,0,282,312,0,290,274,0,298,245,0,300,222,0,287,256,0,298,215,0,303,185,0,309,162,0,286,259,0,297,212,0,304,179,0,310,150,0,286,269,0,296,223,0,301,194,0,305,168,0,289,282,0,296,257,0,299,238,0,303,220,0,NAMASTE
351,362,0,358,319,0,351,278,0,342,250,0,333,230,0,356,266,0,345,225,0,338,196,0,332,172,0,349,271,0,335,222,0,326,188,0,321,159,0,338,281,0,323,233,0,314,201,0,309,173,0,323,296,0,313,263,0,308,240,0,306,219,0,NAMASTE
266,347,0,280,311,0,290,272,0,298,243,0,300,220,0,280,253,0,292,213,0,299,184,0,305,159,0,277,257,0,291,211,0,300,179,0,307,150,0,275,267,0,288,223,0,295,194,0,299,169,0,278,282,0,287,257,0,292,238,0,297,220,0,NAMASTE
348,364,0,354,325,0,347,287,0,337,259,0,326,239,0,352,276,0,340,230,0,332,201,0,325,177,0,346,280,0,331,226,0,322,192,0,314,163,0,334,289,0,319,235,0,309,201,0,303,173,0,315,301,0,305,264,0,300,239,0,298,216,0,NAMASTE
262,348,0,271,316,0,279,277,0,287,247,0,289,224,0,271,257,0,284,217,0,291,188,0,297,164,0,269,259,0,284,213,0,293,182,0,301,154,0,270,268,0,283,224,0,289,195,0,294,171,0,274,281,0,283,255,0,287,236,0,291,219,0,NAMASTE
346,365,0,349,325,0,341,287,0,331,257,0,320,237,0,348,273,0,335,228,0,325,199,0,317,175,0,343,278,0,327,224,0,316,192,0,308,164,0,331,287,0,316,234,0,305,202,0,298,174,0,313,300,0,301,264,0,296,240,0,294,219,0,NAMASTE
258,360,0,274,329,0,284,289,0,289,260,0,288,237,0,276,267,0,283,226,0,287,197,0,290,174,0,272,268,0,280,220,0,284,188,0,288,160,0,268,275,0,277,228,0,281,199,0,284,173,0,265,286,0,271,258,0,275,238,0,279,220,0,NAMASTE
332,360,0,339,320,0,331,281,0,318,252,0,305,233,0,335,269,0,319,225,0,310,197,0,302,173,0,327,273,0,309,222,0,298,189,0,290,162,0,315,282,0,299,231,0,290,200,0,285,174,0,298,295,0,286,262,0,282,239,0,281,218,0,NAMASTE
325,364,0,334,326,0,327,287,0,315,257,0,304,237,0,332,276,0,317,230,0,307,200,0,298,176,0,323,280,0,306,226,0,294,192,0,287,163,0,309,288,0,294,234,0,284,201,0,279,173,0,290,300,0,280,263,0,275,239,0,272,217,0,NAMASTE
293,357,0,322,327,0,332,291,0,337,265,0,338,244,0,310,261,0,324,228,0,334,202,0,342,180,0,304,264,0,322,224,0,333,196,0,343,171,0,301,271,0,319,233,0,330,207,0,338,185,0,301,283,0,315,258,0,324,240,0,331,224,0,NAMASTE
381,370,0,385,331,0,379,292,0,373,262,0,365,240,0,391,284,0,374,238,0,363,207,0,355,182,0,388,289,0,369,237,0,357,202,0,350,173,0,379,299,0,362,249,0,351,216,0,345,190,0,363,311,0,352,276,0,346,252,0,344,232,0,NAMASTE
293,360,0,322,329,0,333,292,0,338,267,0,339,245,0,309,262,0,324,229,0,336,203,0,344,182,0,303,265,0,322,226,0,334,198,0,344,171,0,300,274,0,319,236,0,331,209,0,339,186,0,299,286,0,315,261,0,325,243,0,333,226,0,NAMASTE
383,373,0,384,334,0,379,295,0,375,264,0,367,241,0,391,286,0,375,241,0,364,210,0,355,184,0,389,291,0,371,238,0,359,203,0,351,174,0,379,300,0,363,249,0,354,216,0,348,191,0,363,312,0,352,276,0,347,252,0,345,232,0,NAMASTE
297,358,0,326,330,0,337,293,0,344,266,0,345,244,0,313,261,0,329,228,0,339,201,0,347,180,0,307,263,0,324,224,0,336,196,0,346,170,0,303,271,0,322,233,0,333,207,0,342,185,0,303,283,0,319,258,0,328,240,0,337,224,0,NAMASTE
385,373,0,384,338,0,380,300,0,377,269,0,370,247,0,394,286,0,378,240,0,367,209,0,358,184,0,393,291,0,375,238,0,361,203,0,351,174,0,385,301,0,368,250,0,356,217,0,348,192,0,369,315,0,358,280,0,352,257,0,348,236,0,NAMASTE
304,354,0,332,326,0,343,289,0,348,263,0,350,242,0,320,261,0,333,228,0,342,202,0,349,180,0,315,262,0,330,224,0,340,196,0,349,170,0,311,268,0,327,231,0,337,205,0,345,182,0,312,277,0,324,250,0,332,232,0,339,216,0,NAMASTE
389,372,0,387,334,0,383,293,0,381,261,0,374,238,0,397,281,0,381,236,0,370,204,0,362,179,0,396,287,0,378,235,0,365,200,0,357,171,0,388,298,0,371,247,0,360,215,0,354,189,0,372,312,0,361,277,0,356,253,0,353,233,0,NAMASTE
286,397,0,318,362,0,328,322,0,332,296,0,335,275,0,298,296,0,314,261,0,327,233,0,337,211,0,293,299,0,313,257,0,328,228,0,339,202,0,293,308,0,315,268,0,327,241,0,336,217,0,299,320,0,313,293,0,322,274,0,329,258,0,NAMASTE
385,405,0,383,363,0,377,321,0,369,288,0,359,265,0,389,308,0,371,264,0,359,233,0,349,206,0,387,315,0,367,264,0,354,228,0,344,198,0,378,328,0,358,279,0,346,246,0,338,220,0,362,344,0,348,308,0,341,284,0,337,264,0,NAMASTE
268,394,0,279,357,0,285,321,0,288,296,0,291,275,0,268,302,0,284,266,0,297,238,0,307,216,0,269,303,0,286,261,0,298,230,0,310,204,0,274,308,0,290,267,0,300,240,0,308,218,0,284,315,0,294,286,0,300,267,0,306,251,0,NAMASTE
355,385,0,359,345,0,351,305,0,342,274,0,332,252,0,359,298,0,346,257,0,337,230,0,330,207,0,353,304,0,339,257,0,329,226,0,322,199,0,343,315,0,330,271,0,321,243,0,315,219,0,328,329,0,320,300,0,316,280,0,313,262,0,NAMASTE
269,385,0,296,351,0,305,314,0,309,289,0,311,268,0,280,290,0,294,254,0,305,226,0,313,203,0,276,292,0,293,250,0,305,220,0,315,193,0,275,298,0,292,258,0,302,231,0,310,208,0,279,309,0,290,281,0,297,262,0,303,245,0,NAMASTE
361,394,0,366,358,0,361,321,0,355,292,0,347,272,0,363,300,0,346,256,0,335,225,0,326,200,0,358,306,0,340,255,0,328,220,0,319,191,0,347,317,0,329,268,0,318,237,0,311,211,0,331,332,0,318,297,0,313,274,0,310,253,0,NAMASTE
260,375,0,282,337,0,288,298,0,290,271,0,291,250,0,266,280,0,280,243,0,291,215,0,300,193,0,263,283,0,279,239,0,291,208,0,302,181,0,264,291,0,280,249,0,289,221,0,296,197,0,269,302,0,279,273,0,285,253,0,290,237,0,NAMASTE
340,372,0,347,335,0,342,298,0,333,266,0,323,243,0,349,287,0,333,244,0,322,214,0,313,190,0,344,293,0,326,243,0,315,210,0,307,181,0,333,304,0,316,257,0,306,226,0,301,200,0,317,318,0,306,285,0,301,263,0,298,243,0,NAMASTE
259,396,0,288,363,0,297,326,0,300,301,0,301,281,0,274,301,0,287,268,0,298,240,0,306,218,0,268,304,0,283,263,0,295,234,0,305,207,0,265,311,0,281,273,0,292,245,0,299,222,0,266,322,0,279,295,0,287,276,0,294,260,0,NAMASTE
351,410,0,355,371,0,351,332,0,345,302,0,336,278,0,354,316,0,338,269,0,328,237,0,318,211,0,350,322,0,332,268,0,320,232,0,310,202,0,339,332,0,322,281,0,310,249,0,303,224,0,323,345,0,310,310,0,304,286,0,301,266,0,NAMASTE
273,391,0,297,361,0,306,327,0,311,304,0,312,285,0,283,304,0,296,272,0,306,246,0,314,225,0,278,307,0,295,268,0,306,240,0,316,215,0,277,314,0,294,276,0,305,251,0,313,229,0,280,323,0,293,298,0,301,280,0,308,264,0,NAMASTE
359,404,0,365,368,0,364,334,0,358,307,0,350,287,0,366,317,0,349,273,0,339,246,0,330,223,0,362,322,0,343,271,0,332,239,0,323,213,0,352,332,0,334,284,0,324,254,0,318,231,0,336,346,0,323,310,0,318,288,0,315,269,0,NAMASTE
276,387,0,303,356,0,312,322,0,316,299,0,318,279,0,288,299,0,301,268,0,310,244,0,317,223,0,282,302,0,298,265,0,309,238,0,318,214,0,279,310,0,295,275,0,305,251,0,312,229,0,280,322,0,293,298,0,300,281,0,307,266,0,NAMASTE
358,408,0,365,375,0,366,344,0,363,319,0,360,301,0,365,321,0,349,277,0,339,249,0,331,225,0,361,326,0,344,275,0,332,242,0,323,216,0,351,336,0,334,287,0,323,257,0,316,233,0,335,349,0,322,313,0,317,291,0,314,272,0,NAMASTE
213,393,0,231,363,0,258,336,0,287,325,0,311,325,0,251,303,0,305,306,0,308,322,0,299,329,0,250,316,0,313,318,0,312,335,0,298,341,0,253,335,0,312,340,0,308,354,0,296,358,0,256,358,0,304,361,0,303,371,0,296,376,0,DEPRESSED
261,205,0,233,205,0,210,198,0,193,190,0,179,183,0,203,171,0,181,152,0,165,138,0,153,126,0,209,169,0,184,148,0,166,133,0,152,120,0,220,170,0,201,151,0,185,137,0,172,125,0,235,173,0,226,161,0,216,153,0,206,146,0,DEPRESSED
367,197,0,323,207,0,278,198,0,250,188,0,225,180,0,246,203,0,198,184,0,168,172,0,145,158,0,245,199,0,188,179,0,155,162,0,131,146,0,251,192,0,195,172,0,163,154,0,140,140,0,261,180,0,222,166,0,199,155,0,179,144,0,DEPRESSED
210,400,0,238,370,0,274,348,0,311,343,0,340,348,0,252,311,0,304,311,0,315,329,0,313,341,0,249,325,0,311,318,0,319,336,0,315,349,0,251,346,0,313,343,0,335,352,0,345,357,0,258,371,0,304,369,0,319,374,0,328,378,0,DEPRESSED
364,201,0,315,206,0,267,193,0,235,180,0,208,170,0,244,201,0,196,182,0,167,169,0,144,156,0,245,199,0,191,179,0,158,161,0,135,145,0,253,193,0,199,173,0,168,156,0,145,141,0,265,182,0,229,168,0,205,157,0,187,147,0,DEPRESSED
210,400,0,237,372,0,272,348,0,310,343,0,339,347,0,252,312,0,305,311,0,313,329,0,307,339,0,249,325,0,311,319,0,315,338,0,306,349,0,252,346,0,313,345,0,323,358,0,322,364,0,258,370,0,307,368,0,317,377,0,320,382,0,DEPRESSED
373,199,0,328,205,0,284,200,0,255,192,0,230,189,0,251,204,0,202,186,0,172,173,0,149,160,0,250,201,0,192,180,0,159,163,0,135,147,0,257,195,0,201,174,0,168,157,0,143,143,0,268,182,0,231,169,0,208,159,0,187,151,0,DEPRESSED
211,401,0,242,372,0,277,351,0,314,344,0,342,347,0,254,311,0,307,311,0,317,329,0,314,340,0,250,324,0,311,319,0,318,338,0,310,351,0,252,345,0,311,345,0,318,361,0,314,369,0,258,371,0,307,367,0,318,376,0,321,382,0,DEPRESSED
369,208,0,326,209,0,285,208,0,257,207,0,234,209,0,256,210,0,208,193,0,178,179,0,155,166,0,261,209,0,201,188,0,166,172,0,141,157,0,271,204,0,214,182,0,182,164,0,157,149,0,286,194,0,247,177,0,223,165,0,204,155,0,DEPRESSED
210,399,0,232,370,0,260,345,0,290,334,0,317,336,0,249,313,0,297,309,0,312,325,0,315,336,0,247,324,0,303,318,0,315,335,0,314,348,0,249,342,0,304,342,0,316,355,0,317,363,0,253,366,0,300,365,0,312,372,0,316,379,0,DEPRESSED
369,203,0,327,196,0,282,192,0,251,185,0,227,181,0,255,208,0,208,191,0,178,178,0,154,167,0,259,210,0,202,190,0,168,175,0,143,162,0,267,206,0,212,186,0,181,170,0,157,158,0,280,195,0,240,179,0,217,168,0,198,160,0,DEPRESSED
214,401,0,238,374,0,267,349,0,297,336,0,322,334,0,254,315,0,305,312,0,316,329,0,312,339,0,252,325,0,310,320,0,317,338,0,311,348,0,255,343,0,311,344,0,315,358,0,310,363,0,260,367,0,305,365,0,306,375,0,300,380,0,DEPRESSED
374,205,0,333,205,0,289,201,0,258,194,0,234,190,0,260,209,0,214,191,0,184,180,0,161,170,0,262,208,0,208,187,0,175,174,0,150,163,0,270,203,0,216,184,0,185,170,0,161,160,0,281,194,0,243,180,0,220,170,0,202,161,0,DEPRESSED
217,403,0,237,372,0,263,347,0,293,336,0,318,337,0,254,316,0,306,313,0,318,330,0,316,340,0,254,327,0,313,321,0,321,340,0,316,352,0,258,345,0,314,347,0,318,362,0,313,368,0,264,369,0,308,369,0,308,378,0,302,383,0,DEPRESSED
373,209,0,331,206,0,287,201,0,256,192,0,232,186,0,260,211,0,212,192,0,182,180,0,160,168,0,263,211,0,206,190,0,172,175,0,148,162,0,271,206,0,215,184,0,183,169,0,159,156,0,284,194,0,245,178,0,223,167,0,206,158,0,DEPRESSED
217,403,0,237,372,0,262,347,0,291,335,0,315,336,0,255,317,0,305,314,0,317,330,0,316,341,0,255,328,0,312,323,0,321,342,0,316,354,0,258,347,0,314,348,0,319,363,0,313,370,0,264,370,0,309,370,0,314,379,0,311,386,0,DEPRESSED
375,206,0,330,207,0,284,202,0,253,193,0,227,185,0,257,211,0,210,191,0,181,180,0,159,169,0,261,211,0,205,189,0,172,175,0,148,162,0,271,206,0,216,185,0,184,170,0,159,158,0,285,195,0,247,179,0,225,169,0,206,161,0,DEPRESSED
217,403,0,239,372,0,266,347,0,296,338,0,322,341,0,255,316,0,307,313,0,317,331,0,314,341,0,255,327,0,314,323,0,321,342,0,314,354,0,259,346,0,315,346,0,320,361,0,315,369,0,265,370,0,309,368,0,315,378,0,313,385,0,DEPRESSED
375,204,0,334,198,0,288,193,0,256,184,0,230,179,0,260,208,0,212,190,0,183,179,0,161,168,0,263,210,0,207,190,0,173,175,0,149,162,0,273,206,0,217,186,0,184,171,0,160,159,0,286,195,0,249,179,0,227,169,0,208,161,0,DEPRESSED
217,402,0,238,371,0,266,345,0,297,335,0,322,337,0,257,315,0,309,312,0,317,330,0,311,340,0,257,326,0,316,321,0,320,341,0,310,351,0,260,345,0,317,347,0,316,363,0,305,368,0,265,369,0,312,367,0,310,378,0,301,384,0,DEPRESSED
373,207,0,335,206,0,291,199,0,261,189,0,236,184,0,259,209,0,213,192,0,183,181,0,161,170,0,260,209,0,205,190,0,172,176,0,148,163,0,267,203,0,213,185,0,182,171,0,158,159,0,278,191,0,240,177,0,218,167,0,201,159,0,DEPRESSED
216,402,0,238,370,0,266,344,0,296,331,0,319,331,0,256,315,0,307,312,0,319,329,0,318,340,0,255,327,0,313,321,0,322,340,0,319,352,0,258,346,0,314,347,0,320,362,0,316,368,0,263,370,0,308,368,0,312,377,0,308,382,0,DEPRESSED
373,205,0,333,206,0,288,200,0,258,189,0,233,181,0,260,209,0,212,191,0,183,180,0,161,168,0,262,209,0,205,190,0,172,175,0,149,161,0,270,203,0,215,184,0,184,170,0,160,157,0,281,191,0,244,177,0,222,167,0,204,158,0,DEPRESSED
216,400,0,237,369,0,265,344,0,297,333,0,321,335,0,255,313,0,308,311,0,316,329,0,311,339,0,254,324,0,314,320,0,319,340,0,311,351,0,257,343,0,315,345,0,317,360,0,311,366,0,262,367,0,308,367,0,308,378,0,302,383,0,DEPRESSED
373,203,0,332,200,0,288,193,0,258,181,0,233,175,0,258,208,0,210,190,0,180,178,0,157,165,0,261,209,0,203,189,0,169,173,0,145,159,0,270,203,0,214,183,0,181,168,0,158,155,0,283,189,0,244,176,0,221,166,0,202,159,0,DEPRESSED
215,398,0,239,368,0,269,343,0,301,333,0,325,334,0,255,311,0,306,309,0,315,327,0,312,338,0,253,322,0,312,318,0,319,338,0,312,351,0,255,341,0,313,342,0,320,357,0,316,365,0,261,366,0,308,365,0,315,375,0,315,381,0,DEPRESSED
375,199,0,333,199,0,291,193,0,263,185,0,238,178,0,257,206,0,210,191,0,180,181,0,156,170,0,258,206,0,202,188,0,168,172,0,143,159,0,266,200,0,210,182,0,177,167,0,152,154,0,277,188,0,237,176,0,213,167,0,193,159,0,DEPRESSED
215,397,0,237,367,0,268,343,0,303,337,0,332,342,0,254,310,0,307,308,0,312,328,0,303,337,0,252,322,0,313,318,0,314,338,0,301,348,0,254,341,0,312,342,0,310,359,0,298,364,0,259,366,0,308,363,0,307,375,0,298,381,0,DEPRESSED
360,198,0,319,209,0,279,207,0,253,201,0,231,199,0,239,202,0,196,192,0,167,183,0,143,174,0,238,198,0,185,187,0,153,176,0,128,167,0,243,195,0,190,185,0,160,173,0,135,163,0,249,191,0,211,184,0,188,176,0,167,168,0,DEPRESSED
210,403,0,245,381,0,277,358,0,308,346,0,334,347,0,251,312,0,303,314,0,311,333,0,307,345,0,246,323,0,307,322,0,314,342,0,309,355,0,248,342,0,309,343,0,325,356,0,330,363,0,253,367,0,301,365,0,316,373,0,325,378,0,DEPRESSED
360,197,0,315,210,0,273,209,0,245,206,0,220,204,0,235,201,0,191,192,0,161,185,0,137,176,0,234,196,0,180,188,0,146,179,0,120,172,0,238,194,0,184,186,0,151,177,0,126,168,0,243,193,0,201,188,0,174,182,0,152,174,0,DEPRESSED
203,405,0,235,380,0,267,351,0,295,333,0,315,323,0,241,313,0,294,315,0,298,334,0,288,342,0,235,327,0,298,324,0,300,345,0,289,356,0,236,348,0,299,347,0,311,358,0,311,361,0,241,372,0,288,369,0,296,375,0,299,376,0,DEPRESSED
345,200,0,303,214,0,263,213,0,237,206,0,213,203,0,222,203,0,178,194,0,147,186,0,121,178,0,222,198,0,171,191,0,136,183,0,107,176,0,226,196,0,175,189,0,142,183,0,115,176,0,230,197,0,189,194,0,163,189,0,140,183,0,DEPRESSED
188,409,0,209,379,0,233,352,0,259,340,0,278,341,0,226,317,0,276,317,0,279,336,0,267,343,0,224,330,0,283,330,0,281,349,0,267,357,0,225,351,0,282,354,0,276,369,0,262,373,0,229,376,0,276,374,0,272,385,0,261,389,0,DEPRESSED
333,200,0,295,219,0,258,218,0,234,214,0,211,212,0,208,204,0,167,198,0,137,192,0,114,184,0,208,199,0,156,195,0,122,188,0,96,180,0,212,196,0,160,193,0,128,186,0,102,178,0,217,197,0,175,195,0,149,190,0,128,184,0,DEPRESSED
176,411,0,204,382,0,232,355,0,258,344,0,278,347,0,213,318,0,264,321,0,267,341,0,257,350,0,208,333,0,269,334,0,268,353,0,255,361,0,209,355,0,266,356,0,264,369,0,252,373,0,213,380,0,260,376,0,267,382,0,267,382,0,DEPRESSED
312,203,0,286,225,0,254,230,0,239,234,0,222,239,0,188,214,0,147,206,0,119,199,0,96,190,0,185,208,0,135,201,0,103,193,0,79,185,0,187,203,0,136,197,0,105,190,0,80,184,0,189,200,0,147,198,0,121,192,0,98,186,0,DEPRESSED
159,409,0,176,380,0,200,352,0,224,336,0,241,334,0,194,322,0,248,325,0,246,342,0,232,345,0,189,337,0,249,341,0,244,356,0,229,360,0,188,357,0,245,361,0,237,374,0,222,376,0,190,381,0,237,380,0,233,389,0,222,392,0,DEPRESSED
307,199,0,279,220,0,246,225,0,228,226,0,209,228,0,184,213,0,145,210,0,116,205,0,94,198,0,180,207,0,130,203,0,99,196,0,76,189,0,180,202,0,131,199,0,99,193,0,74,186,0,181,200,0,137,200,0,110,195,0,87,189,0,DEPRESSED
155,412,0,182,387,0,213,364,0,245,358,0,269,362,0,191,324,0,239,325,0,242,345,0,231,352,0,182,338,0,241,342,0,241,362,0,228,366,0,180,361,0,237,364,0,235,378,0,221,380,0,180,387,0,228,384,0,246,387,0,256,386,0,DEPRESSED
308,201,0,280,222,0,246,227,0,228,229,0,208,231,0,186,214,0,146,209,0,117,203,0,94,194,0,183,208,0,132,204,0,101,197,0,76,188,0,183,203,0,133,200,0,102,193,0,76,185,0,185,201,0,142,200,0,116,194,0,94,187,0,DEPRESSED
159,407,0,188,385,0,218,363,0,249,357,0,273,361,0,194,324,0,237,320,0,242,340,0,232,349,0,185,338,0,243,341,0,242,360,0,228,364,0,181,359,0,239,364,0,236,378,0,222,379,0,181,384,0,229,384,0,243,389,0,249,388,0,DEPRESSED
309,203,0,281,224,0,247,228,0,227,228,0,207,229,0,187,217,0,147,212,0,118,206,0,95,197,0,183,210,0,135,207,0,103,200,0,79,191,0,184,205,0,136,202,0,105,196,0,80,188,0,186,201,0,144,201,0,120,195,0,98,189,0,DEPRESSED
159,418,0,199,397,0,228,374,0,252,365,0,268,363,0,200,324,0,211,289,0,217,259,0,218,235,0,189,334,0,245,337,0,248,359,0,239,369,0,185,356,0,240,365,0,237,381,0,224,387,0,188,383,0,231,384,0,248,391,0,257,393,0,DEPRESSED
306,209,0,274,225,0,240,229,0,220,230,0,200,233,0,187,219,0,144,214,0,113,208,0,89,201,0,185,214,0,133,211,0,99,205,0,72,199,0,187,211,0,135,210,0,102,204,0,75,198,0,190,211,0,146,213,0,120,209,0,97,205,0,DEPRESSED
144,433,0,199,419,0,230,397,0,251,383,0,270,375,0,195,332,0,205,291,0,212,262,0,215,237,0,181,340,0,236,341,0,240,366,0,230,378,0,176,362,0,233,372,0,234,391,0,223,398,0,179,389,0,223,391,0,242,396,0,252,396,0,DEPRESSED
298,207,0,264,222,0,228,225,0,205,224,0,181,226,0,180,219,0,138,215,0,108,209,0,85,202,0,178,214,0,126,212,0,93,206,0,68,199,0,179,211,0,127,210,0,95,204,0,70,197,0,181,209,0,137,211,0,110,206,0,88,200,0,DEPRESSED
139,428,0,191,407,0,219,384,0,237,369,0,249,357,0,186,326,0,197,287,0,204,258,0,207,235,0,173,335,0,229,341,0,235,364,0,227,375,0,167,357,0,225,368,0,228,386,0,218,393,0,168,384,0,212,390,0,222,398,0,224,401,0,DEPRESSED
291,205,0,260,222,0,225,223,0,204,222,0,182,224,0,174,212,0,134,208,0,106,204,0,84,197,0,171,206,0,123,206,0,91,201,0,69,195,0,172,204,0,123,203,0,92,198,0,69,192,0,173,206,0,131,205,0,105,199,0,85,193,0,DEPRESSED
135,425,0,184,403,0,210,374,0,226,352,0,237,337,0,184,322,0,197,284,0,206,256,0,209,232,0,170,332,0,227,339,0,232,363,0,223,374,0,165,355,0,224,366,0,226,387,0,217,397,0,166,382,0,213,386,0,224,400,0,227,408,0,DEPRESSED
288,202,0,259,225,0,226,229,0,203,232,0,182,239,0,171,207,0,132,204,0,105,200,0,83,195,0,168,202,0,121,202,0,92,198,0,70,193,0,168,201,0,122,200,0,94,196,0,71,191,0,169,205,0,129,203,0,106,199,0,86,193,0,DEPRESSED
132,422,0,184,403,0,212,381,0,231,366,0,248,356,0,186,321,0,198,283,0,205,255,0,207,230,0,172,329,0,230,336,0,233,360,0,221,370,0,166,350,0,223,363,0,221,382,0,207,388,0,166,377,0,212,386,0,215,398,0,206,402,0,DEPRESSED
291,196,0,270,221,0,243,234,0,229,251,0,217,270,0,177,206,0,137,206,0,108,201,0,85,196,0,172,203,0,123,203,0,91,197,0,68,190,0,172,201,0,122,203,0,92,197,0,67,190,0,173,203,0,132,203,0,107,199,0,85,193,0,DEPRESSED
132,418,0,170,384,0,194,357,0,213,340,0,227,329,0,176,316,0,191,279,0,197,251,0,199,228,0,163,326,0,223,336,0,222,356,0,208,361,0,157,348,0,215,359,0,212,375,0,198,378,0,157,375,0,205,382,0,210,391,0,205,392,0,DEPRESSED
307,198,0,282,221,0,253,230,0,238,242,0,226,257,0,187,208,0,149,204,0,122,198,0,99,192,0,185,204,0,137,200,0,106,192,0,81,186,0,187,202,0,138,198,0,108,191,0,82,185,0,190,203,0,149,201,0,124,196,0,102,191,0,DEPRESSED
146,417,0,194,398,0,224,379,0,246,370,0,265,366,0,194,317,0,206,281,0,212,253,0,213,229,0,181,326,0,242,333,0,240,354,0,223,361,0,176,348,0,234,358,0,227,376,0,210,379,0,177,374,0,223,380,0,229,387,0,226,388,0,DEPRESSED
345,196,0,313,216,0,280,219,0,261,222,0,243,227,0,223,203,0,182,197,0,153,192,0,131,186,0,220,197,0,169,192,0,137,187,0,112,183,0,223,193,0,172,190,0,141,185,0,116,182,0,227,191,0,187,191,0,161,188,0,138,183,0,DEPRESSED
173,408,0,218,387,0,247,363,0,266,349,0,282,341,0,224,310,0,241,276,0,249,250,0,251,226,0,211,320,0,270,326,0,268,347,0,252,353,0,205,342,0,262,352,0,256,368,0,241,371,0,205,368,0,252,372,0,256,379,0,251,379,0,DEPRESSED
376,197,0,337,211,0,299,213,0,276,213,0,255,215,0,254,202,0,210,194,0,179,189,0,155,183,0,252,196,0,197,189,0,164,183,0,139,178,0,255,193,0,201,186,0,169,180,0,144,175,0,258,190,0,217,187,0,191,182,0,169,177,0,DEPRESSED
187,404,0,235,385,0,266,363,0,290,352,0,309,352,0,242,307,0,287,309,0,290,333,0,281,343,0,233,318,0,292,327,0,290,350,0,273,356,0,229,339,0,285,349,0,278,367,0,262,370,0,229,363,0,277,367,0,278,378,0,271,381,0,DEPRESSED
412,197,0,362,199,0,314,197,0,283,191,0,258,188,0,291,203,0,246,194,0,214,186,0,189,177,0,291,201,0,237,189,0,203,178,0,176,168,0,300,198,0,245,189,0,215,179,0,190,169,0,311,192,0,274,188,0,250,183,0,230,176,0,DEPRESSED
223,396,0,272,379,0,300,356,0,320,341,0,337,334,0,278,302,0,294,266,0,305,240,0,311,218,0,267,310,0,325,318,0,326,343,0,314,353,0,261,331,0,318,344,0,315,362,0,301,368,0,262,357,0,308,364,0,310,376,0,302,380,0,DEPRESSED
421,197,0,375,206,0,332,202,0,303,196,0,280,194,0,304,202,0,263,202,0,234,202,0,210,198,0,306,201,0,254,192,0,218,180,0,193,169,0,317,198,0,263,187,0,230,175,0,205,164,0,330,192,0,290,183,0,266,176,0,246,168,0,DEPRESSED
226,394,0,273,375,0,304,353,0,329,342,0,350,343,0,287,301,0,334,304,0,342,328,0,336,341,0,281,312,0,342,317,0,344,341,0,331,350,0,278,332,0,335,343,0,333,361,0,320,367,0,279,355,0,325,361,0,328,373,0,323,379,0,DEPRESSED
445,195,0,398,200,0,350,195,0,317,189,0,290,185,0,332,199,0,283,197,0,251,194,0,225,188,0,336,198,0,277,189,0,238,176,0,211,163,0,347,196,0,286,187,0,250,174,0,224,160,0,360,191,0,320,182,0,296,172,0,277,162,0,DEPRESSED
251,382,0,287,364,0,318,340,0,343,327,0,362,324,0,307,294,0,334,270,0,349,251,0,355,234,0,301,303,0,359,310,0,362,331,0,351,339,0,300,323,0,356,338,0,352,355,0,339,360,0,301,347,0,349,357,0,348,370,0,341,374,0,DEPRESSED
457,195,0,409,196,0,361,198,0,328,197,0,302,203,0,343,200,0,292,193,0,258,186,0,230,178,0,348,201,0,285,192,0,247,180,0,218,168,0,359,199,0,299,189,0,264,177,0,237,164,0,373,193,0,334,184,0,310,175,0,290,165,0,DEPRESSED
257,391,0,294,373,0,324,350,0,352,337,0,376,335,0,316,301,0,342,269,0,359,244,0,369,224,0,311,307,0,370,309,0,381,334,0,377,352,0,311,326,0,368,338,0,370,359,0,362,371,0,313,349,0,360,361,0,364,375,0,359,384,0,DEPRESSED
484,187,0,436,194,0,387,193,0,351,192,0,323,196,0,368,179,0,316,183,0,283,183,0,255,182,0,372,179,0,309,185,0,273,182,0,245,177,0,382,184,0,320,185,0,287,179,0,261,171,0,392,190,0,352,188,0,328,183,0,307,177,0,DEPRESSED
298,390,0,321,360,0,351,333,0,380,321,0,404,319,0,345,298,0,365,260,0,379,233,0,387,212,0,346,308,0,406,302,0,414,325,0,404,338,0,350,329,0,406,337,0,403,356,0,390,362,0,355,354,0,399,360,0,395,372,0,383,377,0,DEPRESSED
483,189,0,436,199,0,389,201,0,356,199,0,329,202,0,367,191,0,317,188,0,283,183,0,255,176,0,372,189,0,311,189,0,274,182,0,245,173,0,383,190,0,325,187,0,293,178,0,268,167,0,397,192,0,361,187,0,338,181,0,319,173,0,DEPRESSED
311,390,0,330,357,0,358,332,0,390,324,0,416,328,0,356,303,0,397,296,0,409,305,0,408,310,0,359,315,0,418,311,0,423,328,0,414,339,0,365,336,0,419,343,0,419,359,0,409,366,0,371,360,0,416,362,0,423,371,0,421,376,0,DEPRESSED
485,186,0,436,199,0,390,198,0,358,195,0,331,197,0,367,185,0,317,184,0,282,180,0,253,175,0,371,183,0,311,185,0,272,180,0,241,171,0,382,184,0,324,183,0,291,175,0,265,164,0,396,188,0,358,184,0,336,178,0,317,170,0,DEPRESSED
311,388,0,328,354,0,357,327,0,391,321,0,418,325,0,357,300,0,406,301,0,416,317,0,413,328,0,361,313,0,418,310,0,422,327,0,413,338,0,366,333,0,420,339,0,418,356,0,407,363,0,372,359,0,419,360,0,422,370,0,417,376,0,DEPRESSED
491,188,0,443,204,0,397,201,0,366,197,0,340,196,0,375,191,0,327,191,0,294,188,0,267,183,0,379,189,0,321,191,0,285,185,0,255,177,0,390,189,0,335,187,0,303,178,0,277,167,0,405,191,0,369,189,0,347,182,0,329,174,0,DEPRESSED
312,392,0,331,357,0,360,331,0,393,325,0,419,330,0,360,302,0,406,296,0,412,314,0,406,324,0,364,314,0,424,310,0,422,330,0,409,341,0,369,334,0,424,342,0,416,359,0,402,363,0,374,359,0,420,364,0,414,375,0,403,378,0,DEPRESSED
508,187,0,464,201,0,420,201,0,389,196,0,363,193,0,397,189,0,348,189,0,315,185,0,286,179,0,399,185,0,343,187,0,307,181,0,277,173,0,408,184,0,354,183,0,321,175,0,295,164,0,421,185,0,386,183,0,364,176,0,345,168,0,DEPRESSED
326,383,0,345,350,0,374,325,0,406,317,0,431,321,0,375,297,0,427,301,0,430,319,0,421,328,0,378,310,0,436,312,0,434,329,0,420,339,0,383,330,0,436,337,0,430,353,0,417,358,0,387,354,0,432,358,0,430,368,0,422,373,0,DEPRESSED
516,184,0,469,197,0,427,196,0,399,196,0,374,199,0,402,185,0,355,182,0,323,177,0,297,169,0,404,181,0,349,181,0,313,174,0,284,166,0,412,182,0,358,181,0,326,173,0,300,164,0,423,184,0,388,181,0,366,176,0,348,169,0,DEPRESSED
331,381,0,352,350,0,382,324,0,414,315,0,440,314,0,381,295,0,420,288,0,434,297,0,436,303,0,384,307,0,439,307,0,449,325,0,445,338,0,390,327,0,442,335,0,448,352,0,444,361,0,395,352,0,439,357,0,450,366,0,454,371,0,DEPRESSED
536,186,0,489,200,0,447,202,0,420,204,0,397,211,0,423,181,0,376,180,0,345,173,0,319,164,0,428,178,0,373,179,0,337,172,0,308,162,0,439,178,0,386,179,0,353,172,0,327,162,0,454,181,0,422,181,0,400,178,0,379,173,0,DEPRESSED
345,377,0,365,343,0,394,320,0,426,315,0,450,320,0,397,292,0,447,296,0,457,315,0,453,326,0,401,305,0,457,309,0,463,329,0,455,340,0,406,325,0,459,335,0,463,354,0,456,364,0,411,349,0,455,354,0,462,366,0,463,374,0,DEPRESSED
556,195,0,509,203,0,465,203,0,434,197,0,408,193,0,449,199,0,395,193,0,363,185,0,335,174,0,455,194,0,395,190,0,357,179,0,326,166,0,469,191,0,414,185,0,381,173,0,355,159,0,487,187,0,454,187,0,430,181,0,408,174,0,DEPRESSED
356,383,0,381,347,0,415,322,0,448,317,0,473,321,0,417,294,0,442,256,0,459,232,0,469,213,0,419,304,0,481,310,0,480,333,0,465,343,0,423,325,0,481,342,0,477,365,0,464,373,0,427,350,0,474,361,0,474,380,0,466,391,0,DEPRESSED
561,191,0,516,198,0,471,199,0,438,194,0,410,191,0,451,193,0,397,190,0,363,183,0,335,173,0,457,189,0,397,187,0,358,177,0,327,164,0,470,186,0,415,181,0,382,169,0,355,155,0,488,184,0,455,183,0,432,179,0,409,172,0,DEPRESSED
354,382,0,382,347,0,418,324,0,452,321,0,479,327,0,419,293,0,446,255,0,463,232,0,474,212,0,420,302,0,481,309,0,481,334,0,468,345,0,424,324,0,481,342,0,478,366,0,466,376,0,428,349,0,474,360,0,475,380,0,470,393,0,DEPRESSED
561,192,0,518,196,0,475,197,0,445,194,0,421,194,0,452,195,0,398,190,0,365,183,0,338,172,0,459,191,0,398,187,0,361,175,0,331,161,0,475,188,0,419,181,0,387,168,0,361,154,0,494,184,0,463,183,0,439,178,0,416,173,0,DEPRESSED
359,383,0,384,347,0,420,323,0,453,320,0,480,328,0,421,292,0,453,255,0,473,232,0,485,213,0,424,303,0,486,310,0,483,333,0,467,341,0,428,325,0,485,341,0,478,362,0,463,369,0,432,351,0,479,360,0,477,378,0,468,387,0,DEPRESSED
566,192,0,520,192,0,477,194,0,446,191,0,421,190,0,456,195,0,404,189,0,371,182,0,344,171,0,464,193,0,404,188,0,366,177,0,335,165,0,479,190,0,424,183,0,392,171,0,365,158,0,497,186,0,466,186,0,444,181,0,422,174,0,DEPRESSED
362,385,0,390,350,0,428,329,0,465,329,0,494,337,0,425,294,0,454,257,0,472,235,0,483,215,0,428,306,0,489,311,0,485,333,0,469,340,0,432,328,0,489,345,0,479,366,0,464,372,0,437,353,0,483,360,0,478,378,0,468,389,0,DEPRESSED
585,186,0,541,185,0,497,187,0,466,183,0,442,182,0,472,190,0,422,181,0,390,174,0,363,164,0,480,189,0,423,179,0,386,168,0,356,155,0,495,187,0,443,176,0,411,164,0,385,151,0,515,183,0,485,179,0,463,173,0,442,165,0,DEPRESSED
382,380,0,409,343,0,443,316,0,472,304,0,489,298,0,448,291,0,476,261,0,489,238,0,495,217,0,451,302,0,512,310,0,504,329,0,486,332,0,455,324,0,510,337,0,499,351,0,483,350,0,459,350,0,507,358,0,498,368,0,483,369,0,DEPRESSED
592,190,0,546,194,0,503,196,0,472,193,0,447,194,0,482,192,0,431,187,0,398,180,0,372,171,0,490,189,0,433,183,0,395,172,0,365,160,0,506,186,0,453,179,0,421,167,0,394,154,0,526,183,0,495,182,0,473,176,0,452,169,0,DEPRESSED
389,381,0,414,342,0,448,315,0,478,307,0,497,308,0,453,292,0,482,259,0,495,235,0,500,215,0,457,304,0,518,310,0,510,330,0,492,333,0,461,325,0,516,340,0,504,354,0,488,352,0,465,351,0,512,361,0,503,371,0,487,371,0,DEPRESSED
595,193,0,548,201,0,502,200,0,470,194,0,444,190,0,485,199,0,436,189,0,405,180,0,380,169,0,494,196,0,441,185,0,405,173,0,377,159,0,512,192,0,464,182,0,434,170,0,408,156,0,533,188,0,506,184,0,486,176,0,468,167,0,DEPRESSED
397,383,0,422,344,0,453,316,0,482,305,0,500,303,0,461,293,0,490,260,0,504,237,0,510,217,0,466,305,0,527,314,0,518,334,0,499,335,0,470,327,0,524,342,0,513,356,0,497,354,0,474,354,0,521,362,0,514,373,0,500,374,0,DEPRESSED
597,208,0,548,205,0,506,206,0,477,204,0,452,204,0,491,211,0,444,204,0,413,196,0,388,184,0,500,210,0,447,201,0,412,190,0,384,176,0,517,208,0,470,197,0,441,185,0,417,170,0,539,203,0,514,199,0,496,191,0,478,183,0,DEPRESSED
402,398,0,427,360,0,461,331,0,492,325,0,515,331,0,468,308,0,494,273,0,507,250,0,512,230,0,471,319,0,532,327,0,526,350,0,508,353,0,474,341,0,529,358,0,519,374,0,503,373,0,477,367,0,524,377,0,519,390,0,508,392,0,DEPRESSED
571,205,0,526,208,0,477,207,0,444,200,0,417,198,0,462,205,0,411,200,0,376,194,0,347,186,0,466,201,0,408,197,0,368,189,0,336,180,0,476,200,0,422,195,0,389,186,0,363,176,0,490,200,0,458,199,0,436,196,0,418,192,0,DEPRESSED
366,392,0,390,358,0,422,332,0,452,320,0,476,316,0,423,306,0,444,271,0,457,248,0,465,230,0,424,314,0,482,319,0,484,344,0,472,356,0,428,334,0,484,351,0,483,375,0,472,385,0,431,357,0,476,371,0,477,390,0,472,401,0,DEPRESSED
536,212,0,488,208,0,442,206,0,408,203,0,382,202,0,425,201,0,377,202,0,344,197,0,316,192,0,431,201,0,375,204,0,337,196,0,307,188,0,442,207,0,388,206,0,354,198,0,328,188,0,457,215,0,423,215,0,400,211,0,381,205,0,DEPRESSED
332,399,0,356,369,0,383,343,0,409,332,0,430,330,0,387,315,0,410,280,0,423,256,0,429,238,0,386,324,0,440,326,0,447,345,0,441,356,0,388,344,0,440,355,0,442,372,0,435,378,0,393,368,0,434,375,0,439,386,0,437,392,0,DEPRESSED
498,219,0,455,205,0,409,207,0,377,210,0,353,216,0,389,212,0,342,213,0,309,210,0,282,208,0,390,214,0,338,215,0,301,212,0,272,210,0,394,220,0,343,218,0,309,213,0,283,208,0,402,228,0,367,225,0,343,221,0,324,217,0,DEPRESSED
292,409,0,317,381,0,347,356,0,375,348,0,398,348,0,350,326,0,371,292,0,385,269,0,394,250,0,348,334,0,403,343,0,404,363,0,393,371,0,348,354,0,399,370,0,394,385,0,381,388,0,348,377,0,390,390,0,386,401,0,377,404,0,DEPRESSED
472,231,0,429,227,0,382,227,0,348,225,0,323,228,0,366,225,0,319,225,0,286,223,0,258,219,0,368,226,0,315,228,0,279,223,0,250,218,0,375,232,0,323,232,0,291,226,0,265,219,0,383,241,0,349,239,0,326,234,0,307,230,0,DEPRESSED
276,417,0,303,390,0,333,366,0,360,354,0,383,352,0,334,334,0,354,303,0,366,281,0,374,263,0,329,344,0,380,347,0,396,363,0,401,373,0,327,364,0,377,379,0,378,393,0,371,399,0,327,388,0,368,399,0,373,409,0,373,413,0,DEPRESSED
456,239,0,412,227,0,366,228,0,334,229,0,309,232,0,348,230,0,300,226,0,267,221,0,240,215,0,350,233,0,295,231,0,258,225,0,229,219,0,357,238,0,302,235,0,269,228,0,241,221,0,366,244,0,330,242,0,306,236,0,284,230,0,DEPRESSED
260,420,0,286,391,0,316,368,0,344,358,0,367,357,0,316,340,0,335,307,0,347,284,0,354,266,0,312,350,0,369,355,0,372,374,0,362,382,0,310,371,0,367,382,0,364,396,0,352,399,0,311,396,0,356,403,0,355,412,0,348,414,0,DEPRESSED
234,439,0,264,416,0,292,392,0,316,377,0,335,372,0,287,358,0,305,326,0,316,303,0,321,282,0,281,368,0,334,377,0,331,396,0,317,402,0,277,390,0,328,404,0,321,418,0,309,421,0,277,416,0,321,425,0,318,435,0,308,437,0,DEPRESSED
230,449,0,266,426,0,294,402,0,317,386,0,335,377,0,287,367,0,304,335,0,314,312,0,319,292,0,278,376,0,334,384,0,337,406,0,329,417,0,273,397,0,327,414,0,324,430,0,312,435,0,271,423,0,315,434,0,325,442,0,328,446,0,DEPRESSED
229,445,0,264,423,0,293,399,0,317,383,0,336,373,0,287,366,0,304,334,0,315,311,0,320,291,0,278,375,0,334,384,0,334,407,0,324,416,0,272,396,0,327,416,0,321,431,0,306,434,0,271,422,0,316,436,0,325,445,0,326,448,0,DEPRESSED
222,447,0,257,427,0,288,406,0,313,396,0,333,393,0,281,369,0,299,338,0,309,316,0,315,296,0,271,378,0,324,387,0,326,407,0,318,416,0,264,399,0,316,419,0,310,434,0,296,436,0,261,425,0,303,437,0,315,446,0,322,450,0,DEPRESSED
202,444,0,236,421,0,263,399,0,285,387,0,301,384,0,257,366,0,273,333,0,283,310,0,286,289,0,248,375,0,302,384,0,302,402,0,289,407,0,241,396,0,294,408,0,290,421,0,277,422,0,239,420,0,282,429,0,282,437,0,276,438,0,DEPRESSED
173,457,0,210,436,0,236,410,0,254,390,0,267,379,0,220,370,0,239,341,0,249,315,0,253,294,0,209,380,0,264,391,0,261,409,0,246,417,0,202,400,0,254,412,0,249,427,0,236,432,0,200,424,0,245,433,0,242,443,0,232,448,0,DEPRESSED
164,458,0,210,445,0,237,424,0,256,411,0,270,403,0,217,371,0,230,340,0,238,316,0,241,295,0,200,379,0,248,390,0,253,412,0,247,423,0,190,400,0,239,413,0,244,430,0,238,438,0,186,426,0,228,436,0,248,445,0,259,451,0,DEPRESSED
372,271,0,338,249,0,296,234,0,265,225,0,241,223,0,277,213,0,227,212,0,194,211,0,167,210,0,280,215,0,224,216,0,189,215,0,161,212,0,284,225,0,231,222,0,198,220,0,172,217,0,289,240,0,250,235,0,225,230,0,204,225,0,DEPRESSED
199,415,0,215,386,0,242,364,0,272,354,0,297,354,0,232,338,0,280,331,0,295,345,0,296,355,0,231,349,0,285,341,0,298,355,0,298,365,0,233,367,0,284,365,0,297,372,0,300,375,0,238,389,0,278,388,0,292,389,0,300,387,0,DEPRESSED
375,270,0,337,243,0,293,229,0,260,221,0,233,217,0,278,209,0,225,207,0,192,206,0,164,204,0,281,212,0,220,211,0,185,210,0,156,207,0,286,223,0,229,218,0,195,214,0,168,208,0,290,239,0,252,233,0,228,227,0,208,220,0,DEPRESSED
198,413,0,211,382,0,235,358,0,264,348,0,289,348,0,230,334,0,279,329,0,294,343,0,295,352,0,229,347,0,286,340,0,297,355,0,295,365,0,232,366,0,285,365,0,294,374,0,292,379,0,237,389,0,279,387,0,292,389,0,297,387,0,DEPRESSED
372,270,0,335,245,0,290,231,0,256,223,0,229,220,0,273,212,0,220,209,0,186,208,0,157,207,0,275,214,0,217,212,0,181,210,0,151,208,0,279,224,0,223,219,0,188,215,0,160,210,0,282,239,0,241,232,0,215,226,0,193,220,0,DEPRESSED
199,409,0,214,381,0,240,359,0,271,351,0,297,351,0,228,333,0,275,330,0,290,343,0,291,352,0,226,346,0,279,340,0,292,353,0,292,363,0,228,366,0,278,364,0,291,371,0,293,375,0,233,388,0,274,386,0,291,387,0,301,386,0,DEPRESSED
366,266,0,326,242,0,281,228,0,248,220,0,221,217,0,265,210,0,213,208,0,178,208,0,150,208,0,268,212,0,209,210,0,172,209,0,144,209,0,270,222,0,214,218,0,178,214,0,151,212,0,272,238,0,230,232,0,204,226,0,182,220,0,DEPRESSED
190,409,0,203,380,0,227,357,0,254,348,0,277,348,0,220,331,0,265,329,0,281,340,0,284,349,0,216,345,0,268,338,0,282,351,0,286,360,0,217,364,0,264,362,0,281,369,0,289,373,0,221,387,0,260,384,0,277,385,0,288,384,0,DEPRESSED
171,442,0,192,418,0,216,393,0,241,378,0,260,372,0,208,359,0,255,355,0,264,371,0,257,381,0,205,370,0,257,370,0,261,385,0,253,391,0,206,389,0,255,392,0,256,403,0,247,406,0,209,412,0,251,414,0,255,421,0,252,422,0,DEPRESSED
168,447,0,193,425,0,216,398,0,238,382,0,256,376,0,211,366,0,257,360,0,266,379,0,260,391,0,205,378,0,261,377,0,264,396,0,253,405,0,204,397,0,256,400,0,255,414,0,243,419,0,205,420,0,249,420,0,261,424,0,265,424,0,DEPRESSED
140,429,0,177,415,0,203,390,0,228,378,0,257,376,0,182,345,0,189,310,0,204,300,0,221,297,0,163,349,0,162,318,0,176,313,0,193,312,0,142,364,0,132,335,0,145,330,0,161,330,0,123,386,0,100,369,0,104,363,0,117,363,0,DEPRESSED
338,228,0,292,240,0,252,230,0,227,222,0,203,214,0,198,210,0,156,188,0,126,174,0,105,160,0,198,202,0,143,175,0,111,155,0,87,141,0,204,196,0,150,169,0,117,149,0,92,134,0,211,189,0,169,171,0,143,158,0,121,145,0,DEPRESSED
144,429,0,178,414,0,203,389,0,228,376,0,255,373,0,180,343,0,187,308,0,202,299,0,219,297,0,160,347,0,158,318,0,174,313,0,190,313,0,141,362,0,128,334,0,140,327,0,157,326,0,122,385,0,96,368,0,99,363,0,111,363,0,DEPRESSED
334,228,0,286,244,0,246,234,0,223,226,0,201,220,0,195,209,0,152,186,0,122,172,0,99,157,0,195,200,0,141,173,0,108,155,0,83,140,0,202,195,0,148,166,0,115,147,0,88,133,0,211,190,0,169,171,0,143,158,0,120,146,0,DEPRESSED
125,433,0,163,418,0,190,392,0,215,380,0,241,378,0,166,345,0,175,311,0,189,301,0,207,298,0,147,349,0,148,315,0,165,307,0,185,305,0,126,364,0,116,333,0,126,325,0,141,321,0,107,388,0,83,371,0,83,366,0,89,365,0,DEPRESSED
315,229,0,272,246,0,237,241,0,218,239,0,199,240,0,181,210,0,140,190,0,110,176,0,88,161,0,182,201,0,129,178,0,97,159,0,72,143,0,187,196,0,136,173,0,103,155,0,77,139,0,195,191,0,154,175,0,128,163,0,106,150,0,DEPRESSED
116,436,0,153,421,0,179,395,0,203,382,0,228,378,0,156,349,0,163,316,0,175,305,0,189,301,0,135,352,0,133,320,0,148,312,0,165,308,0,114,367,0,102,337,0,114,331,0,130,328,0,95,391,0,73,374,0,71,366,0,76,361,0,DEPRESSED
294,224,0,259,243,0,225,237,0,204,232,0,182,227,0,164,206,0,125,188,0,97,175,0,76,163,0,160,197,0,111,176,0,80,159,0,58,148,0,160,192,0,111,171,0,80,156,0,57,144,0,161,187,0,120,173,0,94,162,0,73,151,0,DEPRESSED
106,440,0,143,425,0,170,398,0,194,383,0,218,379,0,147,351,0,154,320,0,163,307,0,175,300,0,125,354,0,124,322,0,138,314,0,155,312,0,102,370,0,92,340,0,102,332,0,116,328,0,82,394,0,62,379,0,61,372,0,67,368,0,DEPRESSED
281,225,0,249,246,0,219,244,0,201,243,0,180,242,0,156,210,0,117,194,0,89,182,0,69,172,0,152,201,0,101,181,0,70,166,0,47,155,0,152,196,0,101,176,0,68,162,0,43,152,0,151,192,0,107,177,0,81,166,0,59,156,0,DEPRESSED
95,444,0,131,426,0,159,400,0,183,385,0,206,379,0,136,355,0,141,322,0,150,311,0,162,307,0,114,358,0,111,323,0,125,316,0,143,317,0,92,373,0,80,340,0,92,334,0,109,334,0,71,397,0,51,376,0,57,372,0,71,372,0,DEPRESSED
272,227,0,238,244,0,206,241,0,188,239,0,167,237,0,146,208,0,109,193,0,81,182,0,61,172,0,142,199,0,91,181,0,59,168,0,35,158,0,141,195,0,91,177,0,58,164,0,33,155,0,140,194,0,98,180,0,71,169,0,49,160,0,DEPRESSED
71,442,0,110,418,0,135,397,0,156,388,0,178,385,0,100,340,0,142,356,0,164,383,0,177,402,0,80,353,0,130,368,0,156,394,0,172,413,0,65,376,0,111,392,0,140,414,0,157,430,0,56,403,0,88,412,0,110,424,0,126,433,0,DEPRESSED
255,225,0,220,246,0,191,242,0,174,240,0,153,237,0,134,208,0,97,194,0,69,183,0,47,173,0,130,199,0,81,184,0,49,170,0,25,160,0,130,195,0,80,179,0,48,166,0,22,156,0,129,194,0,86,182,0,60,172,0,38,162,0,DEPRESSED
69,444,0,109,420,0,132,399,0,150,387,0,167,383,0,96,341,0,138,356,0,160,384,0,171,404,0,76,353,0,128,367,0,153,396,0,165,414,0,61,376,0,110,394,0,136,418,0,150,432,0,52,404,0,87,414,0,109,425,0,125,431,0,DEPRESSED
250,226,0,217,247,0,187,242,0,170,239,0,149,237,0,129,209,0,93,194,0,65,183,0,44,174,0,124,200,0,74,185,0,43,172,0,18,162,0,122,197,0,73,180,0,41,168,0,16,158,0,121,195,0,78,182,0,51,171,0,29,160,0,DEPRESSED
312,425,0,345,392,0,387,374,0,425,377,0,453,389,0,393,344,0,425,310,0,446,286,0,460,265,0,389,360,0,455,374,0,455,393,0,443,401,0,385,389,0,448,408,0,445,420,0,433,421,0,384,421,0,436,431,0,450,436,0,457,436,0,DEPRESSED
571,284,0,531,265,0,485,240,0,458,215,0,441,194,0,445,239,0,398,208,0,369,189,0,346,171,0,450,238,0,397,207,0,363,185,0,336,164,0,465,239,0,420,208,0,394,183,0,374,160,0,486,241,0,466,222,0,453,207,0,442,190,0,DEPRESSED
315,424,0,348,391,0,390,370,0,428,371,0,456,383,0,396,342,0,429,308,0,451,283,0,465,264,0,393,359,0,461,372,0,467,393,0,459,404,0,391,388,0,456,406,0,456,419,0,447,422,0,390,419,0,442,430,0,452,436,0,455,435,0,DEPRESSED
576,285,0,526,277,0,476,258,0,443,237,0,419,218,0,454,250,0,405,218,0,375,198,0,351,179,0,462,245,0,403,212,0,369,188,0,342,165,0,478,243,0,425,211,0,398,186,0,375,162,0,500,243,0,468,230,0,446,215,0,427,198,0,DEPRESSED
326,422,0,360,389,0,402,366,0,440,361,0,466,365,0,407,340,0,441,309,0,463,286,0,478,268,0,404,358,0,476,373,0,474,393,0,457,399,0,402,386,0,469,406,0,462,418,0,445,417,0,401,418,0,456,430,0,451,435,0,439,433,0,DEPRESSED
580,280,0,531,266,0,482,248,0,449,232,0,424,221,0,460,243,0,413,214,0,382,196,0,357,179,0,467,241,0,413,209,0,379,187,0,351,166,0,485,240,0,437,210,0,411,188,0,389,167,0,509,241,0,484,227,0,467,215,0,451,200,0,DEPRESSED
342,418,0,376,382,0,421,359,0,460,354,0,485,358,0,424,334,0,463,301,0,490,283,0,509,271,0,422,354,0,491,369,0,489,387,0,474,393,0,421,383,0,485,401,0,481,412,0,468,411,0,419,414,0,474,425,0,478,431,0,472,429,0,DEPRESSED
592,273,0,541,276,0,498,263,0,468,254,0,439,250,0,474,231,0,428,206,0,399,189,0,376,174,0,484,226,0,435,200,0,402,181,0,377,162,0,503,227,0,463,197,0,437,177,0,416,159,0,528,234,0,508,219,0,492,207,0,476,195,0,DEPRESSED
364,415,0,400,380,0,446,362,0,486,368,0,513,382,0,452,332,0,487,302,0,506,279,0,520,259,0,451,351,0,515,371,0,502,388,0,483,389,0,448,379,0,507,402,0,492,412,0,472,408,0,446,411,0,498,420,0,504,426,0,503,426,0,DEPRESSED
618,279,0,566,281,0,517,267,0,485,255,0,456,252,0,500,239,0,456,209,0,428,190,0,406,174,0,512,233,0,463,202,0,432,179,0,408,158,0,532,232,0,491,201,0,467,180,0,446,160,0,559,235,0,539,218,0,525,205,0,513,190,0,DEPRESSED
387,415,0,420,374,0,456,351,0,488,348,0,510,357,0,471,333,0,511,303,0,532,283,0,546,265,0,474,351,0,542,367,0,532,387,0,513,389,0,475,379,0,533,401,0,520,412,0,501,408,0,474,412,0,528,421,0,524,428,0,512,427,0,DEPRESSED
632,274,0,583,276,0,539,265,0,509,259,0,481,255,0,527,239,0,487,212,0,459,196,0,438,181,0,539,233,0,494,206,0,462,188,0,437,170,0,559,233,0,523,205,0,499,184,0,475,165,0,585,238,0,569,222,0,556,208,0,541,193,0,DEPRESSED
395,424,0,423,382,0,459,357,0,491,354,0,515,362,0,472,338,0,510,305,0,531,284,0,543,267,0,476,355,0,545,367,0,533,386,0,514,389,0,479,383,0,537,401,0,521,412,0,503,409,0,481,415,0,533,421,0,526,429,0,512,430,0,DEPRESSED
624,261,0,576,265,0,535,261,0,504,259,0,475,258,0,521,227,0,482,207,0,455,195,0,433,184,0,532,224,0,488,203,0,458,190,0,433,177,0,549,229,0,515,204,0,494,187,0,473,173,0,573,240,0,561,223,0,550,211,0,537,200,0,DEPRESSED
386,433,0,413,393,0,452,369,0,493,367,0,523,375,0,453,343,0,488,306,0,507,281,0,518,261,0,457,361,0,527,364,0,517,384,0,495,387,0,460,388,0,524,399,0,507,412,0,487,409,0,463,421,0,519,420,0,512,428,0,497,430,0,DEPRESSED
616,253,0,573,245,0,531,236,0,501,226,0,476,218,0,507,235,0,463,215,0,433,203,0,408,191,0,510,235,0,453,216,0,416,201,0,386,186,0,525,237,0,475,216,0,447,198,0,424,182,0,545,239,0,523,231,0,506,223,0,490,213,0,DEPRESSED
371,438,0,399,398,0,439,372,0,479,368,0,507,373,0,442,349,0,478,316,0,497,293,0,508,275,0,444,366,0,515,373,0,501,390,0,479,393,0,446,394,0,509,406,0,491,416,0,471,414,0,448,425,0,503,426,0,496,432,0,483,433,0,DEPRESSED
611,257,0,563,258,0,512,255,0,476,253,0,446,253,0,502,245,0,447,227,0,411,214,0,382,202,0,507,243,0,443,224,0,401,210,0,368,196,0,517,241,0,462,225,0,428,209,0,401,195,0,531,240,0,500,233,0,477,226,0,457,219,0,DEPRESSED
345,435,0,375,401,0,419,380,0,462,378,0,489,379,0,415,348,0,450,317,0,471,293,0,484,275,0,415,366,0,486,375,0,476,393,0,454,395,0,416,392,0,481,404,0,468,417,0,450,416,0,418,424,0,475,427,0,467,434,0,451,434,0,DEPRESSED
593,254,0,545,251,0,493,249,0,458,248,0,431,248,0,473,234,0,418,223,0,383,215,0,355,206,0,478,231,0,414,221,0,374,210,0,342,199,0,489,234,0,429,224,0,395,215,0,366,205,0,505,242,0,471,242,0,446,242,0,422,241,0,DEPRESSED
328,432,0,351,397,0,384,374,0,420,371,0,447,380,0,389,350,0,435,342,0,457,338,0,468,334,0,390,369,0,459,372,0,468,390,0,460,401,0,393,396,0,458,404,0,457,418,0,444,422,0,396,426,0,449,429,0,447,436,0,434,438,0,DEPRESSED
579,256,0,525,266,0,475,265,0,441,263,0,416,261,0,461,236,0,407,229,0,371,221,0,342,213,0,463,231,0,401,225,0,361,216,0,330,206,0,470,234,0,410,228,0,376,221,0,348,212,0,482,244,0,447,244,0,422,244,0,400,241,0,DEPRESSED
302,433,0,330,399,0,366,377,0,401,373,0,430,379,0,369,350,0,397,317,0,413,294,0,423,274,0,366,365,0,427,365,0,442,382,0,445,395,0,366,391,0,426,398,0,441,408,0,445,414,0,368,421,0,414,425,0,432,427,0,444,426,0,DEPRESSED
549,256,0,496,268,0,447,267,0,413,262,0,386,259,0,427,233,0,372,229,0,338,225,0,309,219,0,430,227,0,366,224,0,327,218,0,296,211,0,438,230,0,377,227,0,341,220,0,313,212,0,450,242,0,415,241,0,391,240,0,370,237,0,DEPRESSED
286,432,0,312,401,0,346,378,0,378,370,0,403,372,0,350,353,0,379,321,0,397,297,0,408,277,0,348,366,0,414,369,0,415,388,0,402,397,0,348,391,0,410,401,0,406,413,0,392,416,0,349,420,0,398,426,0,399,432,0,394,432,0,DEPRESSED
529,256,0,475,269,0,426,265,0,388,256,0,360,251,0,401,233,0,345,233,0,311,230,0,282,226,0,405,227,0,340,228,0,301,225,0,269,220,0,415,231,0,353,231,0,317,227,0,289,221,0,427,244,0,390,246,0,367,247,0,346,245,0,DEPRESSED
275,428,0,297,397,0,330,375,0,363,368,0,389,370,0,332,352,0,363,322,0,382,300,0,393,281,0,330,365,0,392,367,0,401,385,0,397,396,0,330,390,0,392,398,0,402,412,0,400,418,0,332,418,0,382,422,0,398,430,0,405,433,0,DEPRESSED
506,257,0,455,266,0,408,264,0,372,255,0,345,250,0,386,236,0,332,237,0,297,234,0,267,230,0,389,232,0,326,233,0,287,229,0,254,225,0,398,237,0,339,236,0,302,231,0,273,225,0,408,249,0,372,249,0,349,248,0,329,244,0,DEPRESSED
265,428,0,293,401,0,330,383,0,364,380,0,390,383,0,326,352,0,352,324,0,368,304,0,375,284,0,323,364,0,384,369,0,383,389,0,369,396,0,321,387,0,379,401,0,373,414,0,359,414,0,319,414,0,367,422,0,366,430,0,358,430,0,DEPRESSED
496,262,0,447,266,0,400,263,0,364,257,0,338,254,0,380,242,0,328,240,0,293,237,0,264,233,0,382,238,0,322,237,0,284,234,0,252,228,0,388,243,0,331,240,0,296,235,0,269,229,0,395,253,0,359,252,0,336,250,0,316,246,0,DEPRESSED
249,427,0,276,400,0,312,380,0,344,375,0,369,378,0,312,352,0,341,326,0,359,306,0,369,288,0,309,363,0,369,373,0,369,391,0,357,397,0,307,385,0,364,398,0,359,410,0,345,412,0,306,412,0,353,420,0,350,427,0,339,428,0,DEPRESSED
473,264,0,425,258,0,377,253,0,342,247,0,315,246,0,360,238,0,309,236,0,275,235,0,247,232,0,363,237,0,304,235,0,267,234,0,237,230,0,369,243,0,312,239,0,278,236,0,252,232,0,376,255,0,340,254,0,318,252,0,298,248,0,DEPRESSED
231,431,0,256,405,0,289,385,0,318,379,0,339,380,0,287,359,0,310,327,0,324,304,0,331,283,0,281,370,0,340,377,0,338,395,0,323,401,0,278,394,0,335,404,0,330,417,0,315,419,0,277,421,0,323,423,0,336,427,0,343,426,0,DEPRESSED
447,267,0,400,272,0,359,267,0,326,260,0,302,257,0,339,241,0,289,239,0,256,239,0,228,240,0,340,239,0,282,240,0,246,241,0,215,241,0,345,247,0,289,246,0,256,246,0,229,244,0,351,263,0,315,264,0,290,264,0,269,262,0,DEPRESSED
227,431,0,255,405,0,286,385,0,314,377,0,333,379,0,285,357,0,307,326,0,320,304,0,327,284,0,278,368,0,338,376,0,338,394,0,324,401,0,274,391,0,333,402,0,333,413,0,322,416,0,273,418,0,319,423,0,326,429,0,325,431,0,DEPRESSED
445,270,0,399,272,0,356,267,0,323,262,0,298,260,0,334,245,0,284,243,0,252,244,0,224,243,0,336,243,0,277,244,0,241,244,0,211,243,0,342,251,0,285,250,0,253,249,0,226,247,0,349,265,0,310,265,0,285,266,0,263,263,0,DEPRESSED
210,434,0,240,410,0,270,390,0,294,380,0,310,376,0,265,362,0,285,331,0,298,309,0,304,288,0,256,373,0,314,381,0,313,399,0,299,404,0,250,396,0,307,407,0,303,420,0,288,420,0,249,422,0,293,426,0,304,431,0,308,432,0,DEPRESSED
425,272,0,382,283,0,342,282,0,311,280,0,289,281,0,310,241,0,260,243,0,230,245,0,205,245,0,311,240,0,256,243,0,224,244,0,198,243,0,316,249,0,263,253,0,232,253,0,207,250,0,323,267,0,285,270,0,261,268,0,239,264,0,DEPRESSED
197,430,0,225,406,0,256,386,0,281,374,0,298,366,0,250,360,0,272,332,0,284,310,0,290,290,0,240,371,0,296,379,0,303,396,0,299,404,0,234,394,0,289,404,0,296,416,0,293,419,0,233,419,0,276,425,0,292,431,0,300,432,0,DEPRESSED
405,269,0,361,269,0,320,268,0,288,266,0,265,268,0,293,239,0,249,242,0,226,244,0,206,244,0,294,240,0,245,244,0,220,245,0,202,244,0,297,250,0,250,253,0,225,255,0,206,253,0,303,266,0,267,269,0,245,268,0,225,265,0,DEPRESSED
178,433,0,202,410,0,231,390,0,257,382,0,275,381,0,228,366,0,268,368,0,270,383,0,262,385,0,220,380,0,275,390,0,274,406,0,261,410,0,215,403,0,267,413,0,265,424,0,253,425,0,212,427,0,256,431,0,274,435,0,285,436,0,DEPRESSED
386,268,0,343,277,0,309,278,0,284,276,0,263,276,0,279,250,0,239,257,0,217,262,0,197,265,0,278,247,0,231,257,0,207,262,0,190,264,0,279,254,0,234,265,0,209,268,0,191,268,0,281,269,0,242,273,0,218,273,0,198,271,0,DEPRESSED
164,436,0,192,415,0,224,399,0,252,395,0,272,398,0,212,369,0,260,378,0,269,396,0,265,403,0,203,384,0,260,394,0,268,409,0,264,415,0,199,405,0,255,414,0,271,424,0,277,427,0,198,429,0,243,433,0,263,437,0,276,438,0,DEPRESSED
367,269,0,325,284,0,292,283,0,269,282,0,248,283,0,266,254,0,227,259,0,204,264,0,185,267,0,264,249,0,219,259,0,193,265,0,176,267,0,265,254,0,220,265,0,195,270,0,176,271,0,265,268,0,227,273,0,203,274,0,184,273,0,DEPRESSED
143,443,0,169,419,0,198,400,0,225,394,0,243,396,0,192,373,0,236,383,0,242,401,0,236,408,0,183,387,0,235,398,0,237,414,0,228,420,0,177,408,0,227,418,0,228,430,0,220,434,0,174,432,0,215,438,0,231,446,0,239,449,0,DEPRESSED
332,275,0,295,278,0,260,275,0,234,270,0,213,267,0,237,269,0,202,267,0,181,268,0,164,268,0,233,268,0,190,270,0,166,273,0,148,273,0,234,270,0,191,274,0,166,276,0,150,276,0,235,277,0,200,282,0,179,283,0,161,282,0,DEPRESSED
136,440,0,159,416,0,191,399,0,224,399,0,247,402,0,181,375,0,228,386,0,234,403,0,229,408,0,173,390,0,226,402,0,229,418,0,222,424,0,169,410,0,221,422,0,228,436,0,225,442,0,167,434,0,208,440,0,227,447,0,240,452,0,DEPRESSED
316,275,0,281,269,0,247,265,0,222,264,0,203,264,0,226,268,0,189,268,0,168,269,0,152,268,0,224,271,0,183,277,0,160,279,0,143,278,0,229,276,0,189,282,0,166,283,0,151,282,0,235,282,0,210,285,0,193,288,0,179,289,0,DEPRESSED
130,454,0,152,430,0,180,408,0,204,401,0,221,400,0,171,383,0,216,397,0,218,410,0,210,413,0,162,397,0,213,412,0,214,423,0,205,425,0,156,419,0,206,430,0,206,439,0,198,440,0,153,442,0,195,447,0,215,451,0,229,452,0,DEPRESSED
303,282,0,270,277,0,239,275,0,218,273,0,200,271,0,205,285,0,165,282,0,141,282,0,122,280,0,202,284,0,155,282,0,128,280,0,110,277,0,203,284,0,156,285,0,131,284,0,113,282,0,205,284,0,169,289,0,148,290,0,132,291,0,DEPRESSED
118,446,0,140,422,0,168,404,0,190,399,0,206,401,0,155,381,0,200,395,0,218,410,0,226,417,0,147,397,0,198,408,0,209,420,0,207,424,0,142,418,0,193,427,0,215,432,0,227,431,0,141,441,0,182,447,0,204,449,0,220,448,0,DEPRESSED
118,448,0,138,426,0,162,406,0,181,394,0,193,380,0,149,383,0,190,394,0,200,409,0,197,416,0,140,398,0,187,409,0,199,420,0,199,426,0,135,418,0,181,428,0,189,434,0,188,435,0,134,441,0,172,450,0,193,451,0,208,450,0,DEPRESSED
150,436,0,184,412,0,220,392,0,250,379,0,273,365,0,211,364,0,232,333,0,245,309,0,252,289,0,201,374,0,258,385,0,260,403,0,250,410,0,194,398,0,251,409,0,249,422,0,238,426,0,192,424,0,239,430,0,246,436,0,244,436,0,DEPRESSED
326,269,0,301,288,0,272,292,0,260,300,0,250,307,0,217,266,0,182,255,0,158,246,0,142,238,0,214,258,0,171,244,0,146,232,0,129,222,0,216,249,0,175,233,0,150,219,0,130,207,0,218,239,0,183,224,0,163,210,0,147,198,0,DEPRESSED
150,436,0,183,411,0,220,389,0,250,376,0,274,363,0,210,363,0,232,332,0,245,308,0,252,287,0,201,374,0,259,385,0,257,402,0,244,408,0,195,397,0,252,409,0,247,422,0,234,424,0,192,424,0,240,430,0,243,436,0,238,436,0,DEPRESSED
325,266,0,300,286,0,271,290,0,259,297,0,247,303,0,216,268,0,181,257,0,157,249,0,141,241,0,213,260,0,169,248,0,145,237,0,128,226,0,214,251,0,172,237,0,147,224,0,128,212,0,216,241,0,181,226,0,161,213,0,145,200,0,DEPRESSED
151,435,0,184,411,0,220,390,0,249,376,0,273,363,0,210,363,0,231,332,0,244,307,0,252,287,0,201,375,0,258,384,0,258,401,0,246,408,0,194,398,0,252,408,0,249,421,0,237,424,0,191,424,0,240,429,0,245,435,0,240,435,0,DEPRESSED
324,267,0,299,286,0,272,290,0,260,297,0,248,305,0,216,266,0,182,255,0,158,247,0,141,240,0,213,259,0,169,247,0,145,236,0,127,227,0,213,251,0,171,238,0,146,226,0,126,216,0,216,242,0,180,229,0,159,217,0,143,206,0,DEPRESSED
133,442,0,163,415,0,197,394,0,227,386,0,248,385,0,195,366,0,232,362,0,240,371,0,239,372,0,186,380,0,243,391,0,243,406,0,232,409,0,181,402,0,237,413,0,237,424,0,227,426,0,178,426,0,224,434,0,230,440,0,230,442,0,DEPRESSED
306,271,0,283,289,0,258,291,0,251,297,0,243,301,0,200,271,0,164,259,0,140,249,0,122,239,0,196,265,0,152,252,0,127,238,0,110,225,0,199,256,0,154,243,0,129,228,0,109,216,0,203,246,0,167,232,0,147,218,0,130,206,0,DEPRESSED
132,438,0,161,414,0,196,399,0,228,398,0,248,405,0,184,367,0,215,355,0,226,347,0,228,336,0,172,382,0,227,389,0,229,401,0,218,404,0,166,404,0,220,413,0,221,421,0,213,421,0,164,429,0,207,432,0,220,434,0,225,433,0,DEPRESSED
290,272,0,268,286,0,245,289,0,236,296,0,226,303,0,186,271,0,152,262,0,129,254,0,112,245,0,182,265,0,138,255,0,114,241,0,98,229,0,183,257,0,140,247,0,116,233,0,97,221,0,184,247,0,149,236,0,128,224,0,112,213,0,DEPRESSED
116,439,0,140,414,0,172,395,0,201,387,0,219,388,0,166,376,0,213,384,0,215,397,0,206,400,0,157,391,0,211,400,0,214,411,0,204,415,0,152,411,0,203,417,0,210,424,0,206,426,0,150,433,0,191,435,0,210,435,0,223,433,0,DEPRESSED
273,271,0,256,287,0,233,289,0,225,295,0,214,299,0,171,272,0,139,262,0,116,254,0,100,246,0,165,266,0,124,254,0,102,242,0,86,230,0,164,258,0,124,246,0,102,232,0,85,219,0,163,248,0,129,236,0,110,223,0,97,210,0,DEPRESSED
113,437,0,134,413,0,168,395,0,202,394,0,227,398,0,160,377,0,207,386,0,205,399,0,193,401,0,151,393,0,207,403,0,203,415,0,188,417,0,147,414,0,199,421,0,196,429,0,183,431,0,145,437,0,186,438,0,203,438,0,214,436,0,DEPRESSED
271,274,0,250,291,0,224,292,0,212,296,0,200,299,0,170,274,0,138,264,0,115,256,0,99,248,0,164,267,0,123,257,0,99,245,0,81,235,0,162,261,0,122,249,0,97,235,0,80,224,0,160,255,0,124,243,0,104,230,0,89,218,0,DEPRESSED
108,441,0,132,417,0,164,397,0,195,393,0,214,396,0,157,379,0,204,390,0,205,405,0,195,407,0,147,394,0,203,406,0,203,419,0,192,422,0,142,415,0,197,423,0,205,432,0,203,433,0,139,438,0,182,442,0,204,444,0,219,443,0,DEPRESSED
268,278,0,244,295,0,216,297,0,204,299,0,189,299,0,164,274,0,130,264,0,107,256,0,90,247,0,159,267,0,117,256,0,93,244,0,76,232,0,158,262,0,117,251,0,91,237,0,73,225,0,156,258,0,120,247,0,99,235,0,82,224,0,DEPRESSED
102,441,0,127,416,0,159,397,0,186,389,0,195,395,0,148,378,0,194,390,0,194,404,0,183,405,0,138,394,0,193,407,0,192,419,0,178,419,0,131,415,0,184,426,0,185,434,0,174,432,0,127,438,0,169,444,0,188,447,0,200,445,0,DEPRESSED
254,280,0,234,299,0,208,301,0,198,304,0,187,307,0,152,279,0,123,267,0,102,257,0,87,248,0,146,272,0,109,257,0,87,244,0,72,232,0,144,266,0,106,252,0,83,239,0,66,228,0,142,260,0,107,248,0,87,236,0,72,224,0,DEPRESSED
97,445,0,123,420,0,157,402,0,188,400,0,202,408,0,144,381,0,191,393,0,188,407,0,173,406,0,133,397,0,187,409,0,184,422,0,169,421,0,127,418,0,179,428,0,177,438,0,164,436,0,123,442,0,165,446,0,185,450,0,196,448,0,DEPRESSED
246,282,0,225,299,0,199,297,0,187,295,0,173,292,0,143,280,0,112,268,0,91,258,0,77,250,0,137,272,0,98,257,0,78,245,0,64,235,0,135,267,0,96,253,0,73,241,0,58,231,0,134,261,0,99,250,0,79,238,0,66,227,0,DEPRESSED
82,450,0,104,427,0,138,409,0,168,405,0,186,404,0,125,390,0,172,403,0,167,415,0,152,414,0,115,408,0,169,421,0,162,430,0,146,429,0,110,430,0,162,439,0,155,444,0,142,443,0,107,452,0,145,456,0,165,457,0,181,454,0,DEPRESSED
224,290,0,199,308,0,171,304,0,158,299,0,141,293,0,119,285,0,87,272,0,66,262,0,50,252,0,115,278,0,75,264,0,53,252,0,38,241,0,114,272,0,74,260,0,51,249,0,34,240,0,113,269,0,77,259,0,58,249,0,44,241,0,DEPRESSED
80,448,0,102,423,0,136,409,0,167,412,0,187,418,0,118,390,0,167,402,0,165,412,0,152,411,0,108,409,0,166,420,0,163,429,0,149,428,0,103,431,0,157,439,0,157,444,0,147,443,0,103,454,0,143,456,0,162,457,0,176,453,0,DEPRESSED
218,288,0,190,312,0,161,308,0,145,303,0,127,299,0,114,281,0,80,271,0,58,263,0,42,254,0,110,273,0,69,263,0,45,253,0,29,244,0,108,268,0,68,259,0,43,250,0,25,242,0,106,267,0,70,259,0,49,251,0,35,243,0,DEPRESSED
82,448,0,105,424,0,142,411,0,177,417,0,200,425,0,120,393,0,171,406,0,169,417,0,156,417,0,110,413,0,166,424,0,162,431,0,146,430,0,105,435,0,158,440,0,158,443,0,147,441,0,104,457,0,145,458,0,164,458,0,175,454,0,DEPRESSED
220,291,0,195,312,0,168,308,0,153,305,0,135,302,0,116,281,0,81,270,0,57,261,0,40,252,0,112,272,0,69,261,0,44,251,0,27,243,0,109,268,0,68,258,0,41,250,0,21,242,0,106,268,0,68,260,0,47,252,0,31,246,0,DEPRESSED
87,446,0,113,423,0,151,407,0,184,408,0,203,414,0,134,384,0,181,398,0,184,411,0,176,413,0,122,402,0,180,414,0,187,424,0,182,425,0,115,425,0,173,431,0,195,435,0,206,433,0,111,449,0,152,454,0,173,456,0,189,452,0,DEPRESSED
97,442,0,128,424,0,166,411,0,200,413,0,219,417,0,148,383,0,193,391,0,194,409,0,183,412,0,134,398,0,191,408,0,190,422,0,175,422,0,126,419,0,182,427,0,189,437,0,183,435,0,122,443,0,166,447,0,185,451,0,196,447,0,DEPRESSED
108,439,0,128,414,0,161,396,0,192,393,0,214,396,0,159,380,0,210,391,0,206,403,0,193,403,0,150,396,0,206,411,0,201,420,0,189,419,0,144,417,0,199,427,0,197,434,0,187,433,0,141,439,0,185,441,0,193,444,0,195,443,0,DEPRESSED
182,438,0,222,412,0,262,400,0,293,396,0,317,398,0,266,372,0,288,342,0,300,319,0,306,297,0,252,382,0,308,397,0,322,421,0,320,438,0,241,406,0,298,422,0,313,442,0,314,454,0,236,434,0,279,447,0,299,456,0,312,460,0,DEPRESSED
425,303,0,375,304,0,338,287,0,317,274,0,298,262,0,317,271,0,280,247,0,255,230,0,237,213,0,321,267,0,276,240,0,250,219,0,231,201,0,334,265,0,290,237,0,266,217,0,247,199,0,351,263,0,323,243,0,305,229,0,289,216,0,DEPRESSED
192,430,0,243,419,0,288,413,0,323,417,0,352,424,0,287,364,0,314,337,0,329,315,0,339,295,0,271,371,0,325,393,0,337,420,0,334,438,0,256,393,0,310,415,0,322,438,0,321,452,0,246,421,0,289,438,0,307,450,0,317,458,0,DEPRESSED
444,303,0,393,306,0,356,289,0,335,275,0,315,263,0,339,261,0,301,239,0,274,225,0,252,211,0,346,258,0,302,237,0,273,221,0,250,206,0,360,261,0,319,244,0,294,231,0,273,217,0,377,271,0,352,269,0,334,267,0,319,262,0,DEPRESSED
202,429,0,252,418,0,298,411,0,335,414,0,363,421,0,295,363,0,323,338,0,340,318,0,351,299,0,280,371,0,335,392,0,345,418,0,345,433,0,265,393,0,319,416,0,331,438,0,332,451,0,255,421,0,299,438,0,318,450,0,329,457,0,DEPRESSED
218,426,0,268,415,0,314,408,0,349,412,0,373,421,0,311,362,0,341,337,0,361,319,0,375,303,0,296,370,0,354,395,0,359,420,0,353,433,0,282,393,0,338,418,0,347,440,0,345,451,0,272,421,0,318,439,0,337,451,0,350,458,0,DEPRESSED
227,426,0,275,412,0,319,406,0,353,412,0,378,424,0,324,362,0,356,337,0,375,319,0,388,302,0,311,371,0,367,392,0,377,417,0,375,433,0,298,393,0,352,416,0,363,439,0,363,452,0,289,420,0,332,438,0,346,451,0,353,458,0,DEPRESSED
236,430,0,286,417,0,325,402,0,355,397,0,380,399,0,332,361,0,363,330,0,383,309,0,397,291,0,317,370,0,378,386,0,406,412,0,419,433,0,303,392,0,363,409,0,390,432,0,404,449,0,296,420,0,342,434,0,364,446,0,381,454,0,DEPRESSED
485,303,0,442,314,0,402,302,0,379,287,0,360,277,0,370,268,0,334,241,0,311,222,0,293,204,0,376,258,0,335,231,0,310,210,0,291,189,0,390,251,0,349,225,0,326,205,0,308,186,0,411,246,0,383,228,0,364,216,0,348,204,0,DEPRESSED
239,430,0,288,412,0,327,393,0,358,383,0,382,378,0,336,359,0,368,330,0,388,308,0,401,290,0,322,369,0,381,387,0,408,413,0,420,432,0,309,392,0,367,411,0,392,434,0,405,449,0,300,420,0,345,435,0,367,446,0,382,453,0,DEPRESSED
484,300,0,441,311,0,403,301,0,381,292,0,363,288,0,372,265,0,335,239,0,313,221,0,295,203,0,379,257,0,337,230,0,312,208,0,293,188,0,393,250,0,352,224,0,330,203,0,311,184,0,413,246,0,384,227,0,366,215,0,351,203,0,DEPRESSED
245,428,0,294,411,0,333,395,0,363,387,0,387,384,0,342,360,0,374,332,0,393,312,0,407,295,0,327,370,0,387,388,0,414,414,0,427,433,0,314,392,0,372,412,0,398,434,0,412,449,0,305,419,0,350,435,0,371,447,0,387,454,0,DEPRESSED
490,301,0,450,312,0,413,307,0,393,306,0,382,308,0,380,267,0,341,242,0,318,224,0,300,209,0,387,260,0,343,232,0,318,210,0,299,189,0,403,256,0,359,228,0,337,206,0,319,186,0,425,254,0,396,235,0,376,221,0,359,209,0,DEPRESSED
286,426,0,327,401,0,364,385,0,397,379,0,423,378,0,378,362,0,404,330,0,421,307,0,430,286,0,368,371,0,427,392,0,440,419,0,436,434,0,359,395,0,417,419,0,427,439,0,422,447,0,353,422,0,397,440,0,407,449,0,410,451,0,DEPRESSED
509,299,0,467,310,0,428,299,0,408,287,0,396,280,0,398,265,0,360,239,0,337,221,0,319,205,0,404,258,0,361,230,0,335,208,0,316,188,0,418,252,0,377,224,0,354,202,0,336,183,0,438,249,0,410,229,0,392,217,0,376,205,0,DEPRESSED
296,426,0,334,400,0,372,383,0,405,378,0,431,377,0,386,362,0,413,330,0,427,306,0,435,285,0,378,372,0,437,393,0,450,420,0,445,436,0,370,395,0,428,419,0,436,440,0,429,449,0,364,422,0,412,440,0,426,452,0,430,457,0,DEPRESSED
515,297,0,471,308,0,431,294,0,406,280,0,385,272,0,403,264,0,364,236,0,341,218,0,323,201,0,410,257,0,366,228,0,340,206,0,321,187,0,425,251,0,383,222,0,359,202,0,340,183,0,445,247,0,417,226,0,398,214,0,381,203,0,DEPRESSED
308,426,0,344,399,0,382,384,0,412,380,0,436,385,0,395,362,0,424,331,0,438,307,0,446,286,0,389,373,0,446,390,0,455,414,0,449,429,0,382,398,0,437,416,0,445,433,0,440,442,0,377,426,0,422,440,0,438,449,0,445,453,0,DEPRESSED
523,300,0,481,308,0,438,292,0,412,278,0,389,274,0,417,264,0,382,238,0,360,218,0,344,200,0,424,256,0,383,228,0,359,206,0,341,185,0,437,250,0,399,223,0,377,202,0,360,184,0,455,246,0,428,227,0,412,215,0,398,204,0,DEPRESSED
318,426,0,353,399,0,391,382,0,423,380,0,447,385,0,405,360,0,434,329,0,451,306,0,460,286,0,401,371,0,458,390,0,464,412,0,457,424,0,395,396,0,449,417,0,454,433,0,446,440,0,390,425,0,435,440,0,450,450,0,458,453,0,DEPRESSED
536,300,0,493,310,0,451,295,0,425,282,0,402,274,0,427,263,0,390,237,0,366,219,0,349,202,0,434,254,0,391,228,0,365,206,0,346,186,0,447,248,0,406,222,0,384,202,0,366,184,0,465,244,0,438,226,0,421,214,0,406,203,0,DEPRESSED
338,427,0,372,397,0,410,382,0,442,381,0,467,389,0,425,364,0,455,332,0,471,308,0,481,288,0,424,376,0,479,393,0,488,416,0,483,431,0,419,402,0,473,421,0,481,438,0,476,446,0,414,430,0,460,444,0,475,454,0,480,459,0,DEPRESSED
560,302,0,519,313,0,479,304,0,453,292,0,434,285,0,453,266,0,415,243,0,391,229,0,372,216,0,460,255,0,417,229,0,389,208,0,369,189,0,475,248,0,435,222,0,413,203,0,395,185,0,495,245,0,469,227,0,452,217,0,438,206,0,DEPRESSED
343,427,0,377,398,0,416,382,0,447,382,0,471,393,0,432,362,0,461,332,0,480,309,0,492,290,0,430,375,0,485,394,0,490,417,0,482,429,0,425,401,0,478,423,0,481,440,0,472,446,0,419,430,0,465,445,0,478,456,0,480,460,0,DEPRESSED
571,304,0,527,315,0,485,304,0,459,290,0,435,283,0,461,272,0,420,246,0,395,229,0,376,215,0,469,262,0,424,233,0,396,212,0,375,191,0,486,255,0,444,226,0,422,206,0,405,188,0,509,251,0,481,233,0,463,221,0,446,209,0,DEPRESSED
354,429,0,389,400,0,428,384,0,461,385,0,485,394,0,445,366,0,475,337,0,494,315,0,507,297,0,443,379,0,498,400,0,504,424,0,496,437,0,437,405,0,490,428,0,495,445,0,488,452,0,432,434,0,477,450,0,490,461,0,492,465,0,DEPRESSED
589,307,0,542,319,0,498,306,0,470,293,0,445,287,0,477,276,0,436,251,0,410,236,0,391,221,0,486,267,0,439,238,0,410,216,0,388,196,0,503,262,0,461,232,0,438,211,0,420,192,0,525,260,0,498,240,0,480,227,0,464,215,0,DEPRESSED
367,428,0,402,399,0,443,383,0,477,381,0,502,389,0,457,365,0,490,335,0,509,312,0,521,293,0,455,379,0,511,399,0,520,423,0,513,437,0,450,405,0,504,426,0,509,443,0,501,450,0,445,434,0,491,449,0,502,458,0,503,462,0,DEPRESSED
600,306,0,555,318,0,510,304,0,481,291,0,454,286,0,489,273,0,448,247,0,422,229,0,404,213,0,498,263,0,451,236,0,422,215,0,400,195,0,515,256,0,473,229,0,449,210,0,431,192,0,537,252,0,509,235,0,492,224,0,476,213,0,DEPRESSED
359,424,0,394,397,0,436,381,0,471,379,0,499,385,0,449,360,0,482,332,0,501,311,0,512,292,0,447,373,0,505,392,0,516,417,0,509,431,0,441,397,0,497,419,0,506,438,0,500,446,0,436,426,0,483,443,0,494,454,0,495,458,0,DEPRESSED
591,296,0,544,306,0,501,293,0,472,282,0,445,279,0,481,266,0,440,243,0,414,228,0,393,214,0,489,255,0,441,229,0,411,210,0,387,191,0,503,247,0,460,222,0,436,203,0,417,187,0,524,242,0,494,225,0,475,214,0,459,204,0,DEPRESSED
362,423,0,394,393,0,432,376,0,465,375,0,489,385,0,448,356,0,484,329,0,503,307,0,515,288,0,448,370,0,507,387,0,515,410,0,508,424,0,445,395,0,501,414,0,506,431,0,499,439,0,441,423,0,487,437,0,498,448,0,499,453,0,DEPRESSED
590,291,0,546,304,0,504,292,0,476,281,0,450,278,0,478,264,0,436,242,0,410,227,0,391,213,0,486,252,0,438,228,0,408,208,0,386,190,0,501,244,0,458,219,0,435,201,0,416,185,0,522,239,0,495,223,0,478,213,0,463,204,0,DEPRESSED
206,455,0,230,421,0,259,396,0,289,388,0,316,388,0,256,368,0,279,329,0,293,303,0,301,283,0,254,380,0,316,379,0,322,399,0,314,410,0,255,404,0,314,409,0,309,423,0,295,428,0,260,430,0,306,434,0,299,443,0,286,445,0,DEPRESSED
380,256,0,345,279,0,312,285,0,294,287,0,281,291,0,264,270,0,224,261,0,198,251,0,177,241,0,262,263,0,213,254,0,184,242,0,163,231,0,265,256,0,216,250,0,187,239,0,165,230,0,270,248,0,229,246,0,205,241,0,185,235,0,DEPRESSED
207,454,0,231,420,0,262,397,0,294,390,0,322,393,0,256,368,0,279,329,0,294,303,0,302,281,0,255,379,0,318,376,0,322,397,0,310,409,0,257,402,0,316,406,0,310,421,0,295,425,0,262,429,0,307,432,0,299,441,0,285,443,0,DEPRESSED
380,257,0,347,278,0,313,284,0,295,284,0,281,288,0,264,269,0,225,260,0,199,250,0,179,239,0,262,263,0,215,253,0,187,240,0,167,228,0,266,256,0,219,249,0,192,238,0,170,228,0,272,249,0,232,245,0,209,239,0,189,233,0,DEPRESSED
207,451,0,231,416,0,264,392,0,296,384,0,322,385,0,256,366,0,277,329,0,289,303,0,298,282,0,254,377,0,317,373,0,325,393,0,317,406,0,256,400,0,317,404,0,313,419,0,299,425,0,262,427,0,308,428,0,301,438,0,288,440,0,DEPRESSED
382,254,0,347,276,0,313,282,0,297,285,0,284,291,0,265,265,0,227,259,0,202,251,0,182,242,0,263,259,0,215,252,0,187,241,0,166,230,0,266,253,0,218,248,0,189,238,0,167,229,0,270,247,0,229,245,0,206,240,0,185,233,0,DEPRESSED
196,451,0,220,415,0,247,388,0,276,375,0,300,373,0,243,359,0,261,322,0,273,297,0,280,277,0,241,371,0,306,367,0,308,387,0,295,396,0,243,393,0,305,396,0,298,410,0,282,414,0,249,419,0,294,421,0,286,430,0,273,432,0,DEPRESSED
359,248,0,332,271,0,300,278,0,282,279,0,271,286,0,249,263,0,210,257,0,185,248,0,164,238,0,245,257,0,200,251,0,173,240,0,152,229,0,247,249,0,202,244,0,174,235,0,153,225,0,251,240,0,213,238,0,190,234,0,171,228,0,DEPRESSED
187,441,0,207,408,0,231,379,0,258,362,0,282,355,0,225,350,0,244,314,0,254,290,0,260,269,0,223,360,0,284,354,0,302,371,0,305,381,0,226,382,0,284,384,0,285,399,0,276,406,0,232,406,0,277,407,0,279,417,0,274,421,0,DEPRESSED
336,238,0,312,263,0,279,268,0,259,269,0,247,273,0,226,249,0,191,243,0,167,236,0,147,227,0,223,242,0,183,235,0,158,227,0,137,218,0,223,234,0,184,229,0,158,223,0,136,216,0,225,229,0,189,227,0,167,224,0,148,220,0,DEPRESSED
224,438,0,247,408,0,261,379,0,277,358,0,294,347,0,252,347,0,270,313,0,279,289,0,285,271,0,250,356,0,306,349,0,317,367,0,316,379,0,255,375,0,309,374,0,308,389,0,299,398,0,263,397,0,304,396,0,301,407,0,292,412,0,DEPRESSED
356,244,0,326,263,0,291,269,0,268,271,0,251,277,0,259,244,0,222,236,0,197,227,0,177,218,0,257,240,0,215,231,0,188,221,0,167,211,0,259,236,0,217,229,0,191,220,0,171,211,0,262,233,0,227,228,0,206,222,0,188,216,0,DEPRESSED
228,449,0,249,415,0,275,387,0,299,370,0,321,363,0,268,361,0,289,322,0,300,297,0,308,278,0,267,373,0,328,368,0,332,387,0,323,398,0,269,395,0,326,398,0,321,413,0,306,418,0,275,421,0,320,421,0,314,431,0,299,434,0,DEPRESSED
378,253,0,350,274,0,315,278,0,294,278,0,277,280,0,274,258,0,236,250,0,209,241,0,187,233,0,273,251,0,228,243,0,199,234,0,177,225,0,275,246,0,231,241,0,203,233,0,181,226,0,280,242,0,242,239,0,219,234,0,199,229,0,DEPRESSED
230,449,0,254,415,0,282,388,0,309,371,0,333,364,0,278,359,0,300,324,0,315,300,0,324,281,0,275,372,0,337,368,0,348,389,0,345,402,0,276,396,0,336,400,0,334,416,0,321,421,0,280,424,0,327,426,0,321,435,0,306,437,0,DEPRESSED
405,250,0,369,271,0,332,275,0,310,278,0,293,284,0,288,254,0,248,246,0,221,237,0,199,228,0,286,248,0,238,240,0,208,229,0,187,219,0,288,244,0,239,237,0,210,227,0,188,218,0,290,241,0,249,237,0,224,231,0,204,224,0,DEPRESSED
236,442,0,264,412,0,296,387,0,324,371,0,347,363,0,289,355,0,313,320,0,328,295,0,338,275,0,286,367,0,348,367,0,350,388,0,337,399,0,285,390,0,345,397,0,338,413,0,323,417,0,287,418,0,334,423,0,327,432,0,313,434,0,DEPRESSED
424,245,0,383,267,0,346,272,0,323,275,0,303,281,0,300,244,0,262,238,0,235,232,0,213,224,0,300,238,0,252,232,0,222,224,0,199,215,0,302,236,0,255,231,0,224,222,0,200,214,0,304,239,0,263,233,0,237,227,0,215,220,0,DEPRESSED
248,436,0,274,405,0,305,378,0,334,365,0,359,361,0,305,347,0,329,315,0,344,293,0,353,275,0,302,358,0,365,360,0,370,378,0,362,386,0,303,381,0,361,390,0,352,405,0,337,408,0,305,408,0,351,414,0,342,424,0,328,424,0,DEPRESSED
455,244,0,411,263,0,368,266,0,344,268,0,323,271,0,320,246,0,277,236,0,249,225,0,226,214,0,319,240,0,266,229,0,235,215,0,212,203,0,324,237,0,269,227,0,239,214,0,215,202,0,329,233,0,283,228,0,255,220,0,230,211,0,DEPRESSED
253,436,0,281,405,0,314,380,0,346,367,0,373,364,0,313,350,0,340,316,0,355,293,0,365,273,0,309,360,0,371,365,0,376,385,0,367,394,0,309,382,0,366,395,0,358,411,0,344,414,0,311,408,0,356,419,0,348,429,0,335,430,0,DEPRESSED
458,252,0,419,274,0,382,276,0,361,275,0,346,274,0,335,248,0,296,239,0,270,230,0,249,220,0,333,241,0,284,232,0,255,220,0,232,210,0,335,238,0,286,229,0,257,218,0,234,209,0,338,238,0,296,231,0,271,223,0,250,215,0,DEPRESSED
255,436,0,281,404,0,309,378,0,337,366,0,361,365,0,314,349,0,342,317,0,358,295,0,367,276,0,312,359,0,374,365,0,376,385,0,365,394,0,312,381,0,368,393,0,361,410,0,346,413,0,314,406,0,359,417,0,351,428,0,339,429,0,DEPRESSED
462,253,0,422,274,0,385,277,0,365,279,0,351,284,0,337,250,0,298,241,0,273,232,0,252,221,0,336,245,0,287,233,0,259,221,0,237,210,0,338,241,0,289,230,0,260,218,0,237,208,0,341,239,0,299,231,0,273,222,0,250,214,0,DEPRESSED
259,427,0,285,396,0,313,373,0,340,363,0,364,362,0,318,347,0,345,315,0,361,294,0,371,276,0,316,356,0,376,364,0,375,384,0,362,391,0,316,376,0,370,391,0,362,405,0,348,407,0,317,401,0,360,412,0,353,422,0,341,422,0,DEPRESSED
461,256,0,421,277,0,386,278,0,367,277,0,351,279,0,343,252,0,306,243,0,282,235,0,261,227,0,342,245,0,299,236,0,271,227,0,248,219,0,346,243,0,301,234,0,274,226,0,252,218,0,350,246,0,312,239,0,288,232,0,268,225,0,DEPRESSED
257,427,0,281,397,0,307,373,0,335,362,0,358,361,0,311,348,0,337,316,0,354,295,0,365,280,0,311,358,0,368,363,0,371,382,0,363,389,0,313,378,0,366,391,0,359,404,0,346,406,0,316,401,0,355,412,0,348,421,0,336,422,0,DEPRESSED
457,260,0,420,276,0,384,276,0,362,274,0,344,276,0,341,256,0,305,247,0,281,239,0,260,231,0,341,250,0,297,241,0,269,231,0,247,223,0,345,247,0,300,239,0,272,231,0,250,223,0,349,249,0,311,243,0,286,238,0,265,231,0,DEPRESSED
253,422,0,277,391,0,303,368,0,332,357,0,356,356,0,305,344,0,328,313,0,343,292,0,353,276,0,303,354,0,359,356,0,369,374,0,368,383,0,304,374,0,356,383,0,355,396,0,347,400,0,306,397,0,345,404,0,344,412,0,337,414,0,DEPRESSED
439,254,0,402,274,0,367,277,0,347,277,0,331,279,0,330,251,0,293,245,0,268,238,0,247,229,0,329,245,0,284,241,0,257,232,0,235,223,0,333,245,0,288,239,0,261,231,0,239,222,0,337,247,0,300,242,0,277,236,0,257,229,0,DEPRESSED
250,423,0,272,392,0,296,370,0,321,359,0,344,356,0,299,346,0,322,314,0,337,293,0,346,276,0,298,355,0,354,354,0,362,373,0,358,382,0,301,374,0,352,382,0,352,396,0,342,401,0,304,397,0,342,405,0,339,413,0,331,414,0,DEPRESSED
431,256,0,394,276,0,359,280,0,341,285,0,330,295,0,323,256,0,287,249,0,263,241,0,241,232,0,323,249,0,280,243,0,251,235,0,228,225,0,328,248,0,283,241,0,256,233,0,234,225,0,333,250,0,296,247,0,273,241,0,253,234,0,DEPRESSED
245,426,0,267,395,0,292,373,0,318,362,0,341,362,0,295,348,0,319,317,0,333,298,0,343,281,0,294,357,0,349,355,0,358,375,0,354,386,0,296,376,0,347,384,0,347,399,0,339,405,0,299,399,0,338,407,0,337,416,0,328,418,0,DEPRESSED
425,258,0,389,279,0,357,284,0,340,291,0,328,303,0,318,257,0,281,252,0,257,245,0,236,237,0,318,252,0,274,248,0,246,239,0,224,230,0,322,250,0,277,246,0,250,238,0,229,230,0,327,254,0,289,251,0,266,245,0,247,238,0,DEPRESSED
363,274,0,344,233,0,316,210,0,283,204,0,263,216,0,287,200,0,254,214,0,256,229,0,264,235,0,278,223,0,251,241,0,259,252,0,271,253,0,276,250,0,257,264,0,267,270,0,279,269,0,277,275,0,265,280,0,276,283,0,287,282,0, STRESSED
206,398,0,225,352,0,258,325,0,293,318,0,318,324,0,268,309,0,319,314,0,311,328,0,294,330,0,274,339,0,327,342,0,314,353,0,295,355,0,279,371,0,325,373,0,310,380,0,292,382,0,282,402,0,314,399,0,299,402,0,283,403,0, STRESSED
363,274,0,344,233,0,317,210,0,286,208,0,267,224,0,287,200,0,253,211,0,254,226,0,261,234,0,277,223,0,251,241,0,258,251,0,270,252,0,275,249,0,255,262,0,264,268,0,276,268,0,277,274,0,264,278,0,274,282,0,285,281,0, STRESSED
206,397,0,225,352,0,258,325,0,291,318,0,316,324,0,267,309,0,319,315,0,311,328,0,294,330,0,273,338,0,326,342,0,314,352,0,295,355,0,278,371,0,324,372,0,309,379,0,291,381,0,280,401,0,313,398,0,299,401,0,283,402,0, STRESSED
363,272,0,344,232,0,315,209,0,283,207,0,263,222,0,288,198,0,252,210,0,251,227,0,256,235,0,278,219,0,251,238,0,258,250,0,270,251,0,275,245,0,256,260,0,265,267,0,277,266,0,276,270,0,263,275,0,273,280,0,284,279,0, STRESSED
207,396,0,224,351,0,253,322,0,283,311,0,305,316,0,266,308,0,318,314,0,311,327,0,294,328,0,272,336,0,326,341,0,313,351,0,294,353,0,277,368,0,323,370,0,309,378,0,290,379,0,278,398,0,312,396,0,298,400,0,282,400,0, STRESSED
363,272,0,344,230,0,316,207,0,287,205,0,269,219,0,287,196,0,251,206,0,250,222,0,257,230,0,277,216,0,249,236,0,257,247,0,270,247,0,273,242,0,253,257,0,263,264,0,275,262,0,274,268,0,261,272,0,272,276,0,284,275,0, STRESSED
208,388,0,226,343,0,257,316,0,290,311,0,313,320,0,264,303,0,316,309,0,310,323,0,293,324,0,268,331,0,322,336,0,311,346,0,291,348,0,273,362,0,320,365,0,307,372,0,288,373,0,275,393,0,310,392,0,296,395,0,281,395,0, STRESSED
354,269,0,336,229,0,306,203,0,272,194,0,250,204,0,276,196,0,244,210,0,246,224,0,254,229,0,269,217,0,240,236,0,247,247,0,259,246,0,266,242,0,245,258,0,254,264,0,266,262,0,267,267,0,254,273,0,263,276,0,274,274,0, STRESSED
198,387,0,214,343,0,243,316,0,274,310,0,294,318,0,257,301,0,309,309,0,302,322,0,285,323,0,261,329,0,315,334,0,302,344,0,283,345,0,266,360,0,312,363,0,297,370,0,278,370,0,268,390,0,302,389,0,287,393,0,272,393,0, STRESSED
334,264,0,315,221,0,287,196,0,254,192,0,234,203,0,256,188,0,223,202,0,230,216,0,240,220,0,246,211,0,221,230,0,231,241,0,245,241,0,242,238,0,227,253,0,237,260,0,250,258,0,244,263,0,234,270,0,244,275,0,256,274,0, STRESSED
168,381,0,185,339,0,212,309,0,239,298,0,256,303,0,232,295,0,285,304,0,278,317,0,261,318,0,235,321,0,289,329,0,276,339,0,256,339,0,237,351,0,284,358,0,269,365,0,249,364,0,236,382,0,271,385,0,257,389,0,241,388,0, STRESSED
318,253,0,302,212,0,274,189,0,244,190,0,227,207,0,242,178,0,210,189,0,217,203,0,230,208,0,231,200,0,210,216,0,221,226,0,235,227,0,227,226,0,214,238,0,225,244,0,238,243,0,227,250,0,220,256,0,232,260,0,244,260,0, STRESSED
147,371,0,167,329,0,200,304,0,234,301,0,256,312,0,213,284,0,267,297,0,258,309,0,241,308,0,213,311,0,270,323,0,256,332,0,236,331,0,213,341,0,265,351,0,248,357,0,229,355,0,212,373,0,252,378,0,237,381,0,220,378,0, STRESSED
300,250,0,285,207,0,260,186,0,233,186,0,218,198,0,220,178,0,203,189,0,215,199,0,228,202,0,206,202,0,197,212,0,210,220,0,224,223,0,203,229,0,200,234,0,212,239,0,226,240,0,204,253,0,203,254,0,216,257,0,229,258,0, STRESSED
135,365,0,153,321,0,190,293,0,228,288,0,255,294,0,187,283,0,249,294,0,239,305,0,222,305,0,188,314,0,251,319,0,237,327,0,217,328,0,191,346,0,246,347,0,230,352,0,210,352,0,193,376,0,235,372,0,220,374,0,204,374,0, STRESSED
289,245,0,275,202,0,246,185,0,222,192,0,209,210,0,212,178,0,202,190,0,216,200,0,229,203,0,198,202,0,196,213,0,210,221,0,225,223,0,195,229,0,199,238,0,213,241,0,227,240,0,197,254,0,203,259,0,218,261,0,230,260,0, STRESSED
127,365,0,145,323,0,182,297,0,223,293,0,251,299,0,177,283,0,241,295,0,232,306,0,214,305,0,177,314,0,242,320,0,228,328,0,207,329,0,180,345,0,237,348,0,221,353,0,200,352,0,183,375,0,225,372,0,211,374,0,194,373,0, STRESSED
276,241,0,263,201,0,234,185,0,208,190,0,195,209,0,200,178,0,195,190,0,208,200,0,220,204,0,188,202,0,189,214,0,203,220,0,216,223,0,186,229,0,191,238,0,205,240,0,217,240,0,190,255,0,196,259,0,210,259,0,222,258,0, STRESSED
121,365,0,137,324,0,171,297,0,208,295,0,234,303,0,171,284,0,236,294,0,228,308,0,209,308,0,170,313,0,237,320,0,223,329,0,202,331,0,171,345,0,231,348,0,215,354,0,193,354,0,173,376,0,219,373,0,205,375,0,186,374,0, STRESSED
277,243,0,261,199,0,231,180,0,202,183,0,188,199,0,197,176,0,183,191,0,197,200,0,210,202,0,186,202,0,183,213,0,196,220,0,211,222,0,185,231,0,188,238,0,202,241,0,216,241,0,188,257,0,194,260,0,208,261,0,220,260,0, STRESSED
116,366,0,133,325,0,166,298,0,201,295,0,226,305,0,167,285,0,232,295,0,224,308,0,206,309,0,166,315,0,233,321,0,219,330,0,197,331,0,167,346,0,227,350,0,210,355,0,189,354,0,170,377,0,216,375,0,201,376,0,183,375,0, STRESSED
276,244,0,260,200,0,230,179,0,200,180,0,183,194,0,194,176,0,180,188,0,194,198,0,208,200,0,182,202,0,180,214,0,194,221,0,209,222,0,181,230,0,186,239,0,199,241,0,213,241,0,184,258,0,191,261,0,206,262,0,217,261,0, STRESSED
115,367,0,132,326,0,168,299,0,208,298,0,236,306,0,164,285,0,230,295,0,221,309,0,201,309,0,163,316,0,231,321,0,217,331,0,195,332,0,164,347,0,226,350,0,209,356,0,188,356,0,167,379,0,214,375,0,200,377,0,180,376,0, STRESSED
231,262,0,220,216,0,188,197,0,159,199,0,145,213,0,149,200,0,148,204,0,163,210,0,175,215,0,139,226,0,144,230,0,159,234,0,172,237,0,139,253,0,146,253,0,159,254,0,171,256,0,145,277,0,151,274,0,165,273,0,175,273,0, STRESSED
77,388,0,94,345,0,136,317,0,178,314,0,204,319,0,124,304,0,193,316,0,182,329,0,162,329,0,120,336,0,193,343,0,177,352,0,153,352,0,120,369,0,186,372,0,168,377,0,146,377,0,122,400,0,175,399,0,161,399,0,141,399,0, STRESSED
217,271,0,205,225,0,173,207,0,143,212,0,130,229,0,133,207,0,129,217,0,144,225,0,158,227,0,121,235,0,125,243,0,141,247,0,156,249,0,122,263,0,130,269,0,145,269,0,158,269,0,129,290,0,137,291,0,152,290,0,163,289,0, STRESSED
67,403,0,82,360,0,124,331,0,167,331,0,195,341,0,110,320,0,179,328,0,171,340,0,153,343,0,107,353,0,180,356,0,165,363,0,142,365,0,109,386,0,176,383,0,159,387,0,137,389,0,112,417,0,165,409,0,152,409,0,132,410,0, STRESSED
205,287,0,194,241,0,163,224,0,136,231,0,124,250,0,120,225,0,122,229,0,138,237,0,151,242,0,109,252,0,117,256,0,134,260,0,147,262,0,110,280,0,119,281,0,134,281,0,146,282,0,118,304,0,123,302,0,138,300,0,149,300,0, STRESSED
57,414,0,76,374,0,118,346,0,160,345,0,183,353,0,101,332,0,170,341,0,158,355,0,137,357,0,96,363,0,169,369,0,152,378,0,129,378,0,96,395,0,162,396,0,145,401,0,123,400,0,98,426,0,150,421,0,135,423,0,114,423,0, STRESSED
206,294,0,199,247,0,174,225,0,144,225,0,128,239,0,122,230,0,121,235,0,136,242,0,150,245,0,109,259,0,116,262,0,132,266,0,147,268,0,110,288,0,117,288,0,132,289,0,146,289,0,117,315,0,124,311,0,138,309,0,150,309,0, STRESSED
54,436,0,67,391,0,102,359,0,139,351,0,166,356,0,99,351,0,170,349,0,161,362,0,140,367,0,101,383,0,173,377,0,158,385,0,135,389,0,106,415,0,170,406,0,153,411,0,131,414,0,111,444,0,160,432,0,145,433,0,125,435,0, STRESSED
225,298,0,218,253,0,193,235,0,167,237,0,155,245,0,135,241,0,142,242,0,158,248,0,170,254,0,124,269,0,133,271,0,151,276,0,165,278,0,127,296,0,138,298,0,154,300,0,167,302,0,137,322,0,147,323,0,163,322,0,174,322,0, STRESSED
59,432,0,81,380,0,123,354,0,159,353,0,179,367,0,144,359,0,191,357,0,177,358,0,160,361,0,152,393,0,195,384,0,182,382,0,164,385,0,156,424,0,186,410,0,176,409,0,160,412,0,157,449,0,178,433,0,168,431,0,156,436,0, STRESSED
239,299,0,226,253,0,197,237,0,170,244,0,158,261,0,146,242,0,151,249,0,165,254,0,177,257,0,134,269,0,146,277,0,162,281,0,176,282,0,137,297,0,149,303,0,164,303,0,178,303,0,147,323,0,156,328,0,172,326,0,185,325,0, STRESSED
66,435,0,87,383,0,122,348,0,147,327,0,152,313,0,155,360,0,203,358,0,188,359,0,168,360,0,164,394,0,204,384,0,191,382,0,173,385,0,167,426,0,195,410,0,184,409,0,168,412,0,167,451,0,186,432,0,176,430,0,163,434,0, STRESSED
262,300,0,248,253,0,219,236,0,192,240,0,180,253,0,167,242,0,169,242,0,185,249,0,197,255,0,158,270,0,166,270,0,184,275,0,199,278,0,161,297,0,169,296,0,185,298,0,200,300,0,170,322,0,176,320,0,192,319,0,205,320,0, STRESSED
85,429,0,109,376,0,148,345,0,183,335,0,202,345,0,179,358,0,223,355,0,207,354,0,188,357,0,186,393,0,224,382,0,210,378,0,192,381,0,187,425,0,217,409,0,205,405,0,188,408,0,184,451,0,207,432,0,196,429,0,183,433,0, STRESSED
296,290,0,283,247,0,251,228,0,222,234,0,210,252,0,210,232,0,206,239,0,222,244,0,234,247,0,201,260,0,203,264,0,219,267,0,234,269,0,203,288,0,204,289,0,219,289,0,233,289,0,209,314,0,207,313,0,221,311,0,233,311,0, STRESSED
128,418,0,152,368,0,192,343,0,227,342,0,246,353,0,224,349,0,262,347,0,247,348,0,230,351,0,231,383,0,265,374,0,252,372,0,234,375,0,232,414,0,256,401,0,244,399,0,227,402,0,228,439,0,246,426,0,235,424,0,223,426,0, STRESSED
362,293,0,344,246,0,313,226,0,280,232,0,266,248,0,277,223,0,247,232,0,256,237,0,270,239,0,267,253,0,246,259,0,256,263,0,270,265,0,265,283,0,248,284,0,257,286,0,270,289,0,269,311,0,250,311,0,258,312,0,269,312,0, STRESSED
184,410,0,211,363,0,246,340,0,274,335,0,289,339,0,281,342,0,317,344,0,303,348,0,286,349,0,287,374,0,319,370,0,305,371,0,287,372,0,287,405,0,310,397,0,297,397,0,281,399,0,281,431,0,298,420,0,286,419,0,273,421,0, STRESSED
390,293,0,374,247,0,343,226,0,308,225,0,290,239,0,305,224,0,272,229,0,280,234,0,293,236,0,295,253,0,268,253,0,278,257,0,292,260,0,293,281,0,269,278,0,278,280,0,292,283,0,297,308,0,275,305,0,283,305,0,293,307,0, STRESSED
206,405,0,230,356,0,265,334,0,297,338,0,316,354,0,306,335,0,337,343,0,324,349,0,307,350,0,313,368,0,338,370,0,325,372,0,307,374,0,313,400,0,330,396,0,317,398,0,301,399,0,308,427,0,321,420,0,309,420,0,297,421,0, STRESSED
417,290,0,398,245,0,370,223,0,339,220,0,319,231,0,337,219,0,299,224,0,311,232,0,328,235,0,327,248,0,303,250,0,318,257,0,333,259,0,326,277,0,312,275,0,325,279,0,337,281,0,328,303,0,315,299,0,327,301,0,338,302,0, STRESSED
233,403,0,264,353,0,305,334,0,340,338,0,360,352,0,342,332,0,368,334,0,355,340,0,339,343,0,348,364,0,370,362,0,355,364,0,338,366,0,347,395,0,365,390,0,351,390,0,335,391,0,340,422,0,355,415,0,342,415,0,329,416,0, STRESSED
445,290,0,423,245,0,391,220,0,356,207,0,331,211,0,361,217,0,328,228,0,340,237,0,354,238,0,353,245,0,330,255,0,343,262,0,357,264,0,351,274,0,334,280,0,344,284,0,357,285,0,354,301,0,335,303,0,342,306,0,352,307,0, STRESSED
260,398,0,287,348,0,323,326,0,354,330,0,368,346,0,367,330,0,395,337,0,382,342,0,366,342,0,374,365,0,395,366,0,381,368,0,363,369,0,373,398,0,383,393,0,370,393,0,354,394,0,365,425,0,373,417,0,361,416,0,348,416,0, STRESSED
454,299,0,435,253,0,402,227,0,365,216,0,340,222,0,371,219,0,336,230,0,347,239,0,361,241,0,363,247,0,336,258,0,348,266,0,363,269,0,360,277,0,338,283,0,347,289,0,358,292,0,362,305,0,340,307,0,343,310,0,349,313,0, STRESSED
269,399,0,300,349,0,336,331,0,368,336,0,385,355,0,378,335,0,401,342,0,388,347,0,373,348,0,385,369,0,402,372,0,388,373,0,371,374,0,381,402,0,390,398,0,377,398,0,362,398,0,372,429,0,377,422,0,366,420,0,354,419,0, STRESSED
480,308,0,460,262,0,426,237,0,390,230,0,367,239,0,393,225,0,353,232,0,362,242,0,378,247,0,383,252,0,352,261,0,364,270,0,380,272,0,381,282,0,357,286,0,368,292,0,383,293,0,382,310,0,363,309,0,374,313,0,387,314,0, STRESSED
291,402,0,316,351,0,351,327,0,382,330,0,396,348,0,404,344,0,414,342,0,401,344,0,387,346,0,408,381,0,411,372,0,398,370,0,384,372,0,401,413,0,401,401,0,389,398,0,375,400,0,388,439,0,389,428,0,378,425,0,366,426,0, STRESSED
500,312,0,480,264,0,446,233,0,408,220,0,382,222,0,411,221,0,370,229,0,379,240,0,392,243,0,401,248,0,369,258,0,381,267,0,396,269,0,398,278,0,372,283,0,384,290,0,399,292,0,401,307,0,374,309,0,384,314,0,398,316,0, STRESSED
312,404,0,327,355,0,358,326,0,387,323,0,399,338,0,419,343,0,432,343,0,417,344,0,403,346,0,426,378,0,432,372,0,418,371,0,404,373,0,421,410,0,422,402,0,410,399,0,396,401,0,410,434,0,412,428,0,401,425,0,389,425,0, STRESSED
523,305,0,503,258,0,466,226,0,424,212,0,394,213,0,439,221,0,395,229,0,407,238,0,424,240,0,432,250,0,394,259,0,407,267,0,423,268,0,428,280,0,398,286,0,410,291,0,425,291,0,429,308,0,401,310,0,410,314,0,421,314,0, STRESSED
348,404,0,357,354,0,384,324,0,410,321,0,421,334,0,452,341,0,449,339,0,436,341,0,424,344,0,458,375,0,452,368,0,438,367,0,425,371,0,452,405,0,446,396,0,434,394,0,421,396,0,441,429,0,437,422,0,426,418,0,415,419,0, STRESSED
555,308,0,536,260,0,499,232,0,458,216,0,429,217,0,476,228,0,430,235,0,443,242,0,460,244,0,469,259,0,429,264,0,441,270,0,456,271,0,466,290,0,431,291,0,443,295,0,458,295,0,466,318,0,436,316,0,447,318,0,458,319,0, STRESSED
376,410,0,385,360,0,414,329,0,443,328,0,455,345,0,478,348,0,480,343,0,467,344,0,455,348,0,485,382,0,476,373,0,462,372,0,450,378,0,480,412,0,471,403,0,459,400,0,446,403,0,471,437,0,464,429,0,453,426,0,442,426,0, STRESSED
561,310,0,542,263,0,503,234,0,462,218,0,432,220,0,481,230,0,434,238,0,446,246,0,463,246,0,474,260,0,432,267,0,445,274,0,460,274,0,470,292,0,434,294,0,446,298,0,461,299,0,470,321,0,438,319,0,448,323,0,459,323,0, STRESSED
387,412,0,398,361,0,426,331,0,451,330,0,460,347,0,492,356,0,487,345,0,473,348,0,461,354,0,498,389,0,486,375,0,472,374,0,459,381,0,493,418,0,482,404,0,469,401,0,458,405,0,483,442,0,475,429,0,462,425,0,452,427,0, STRESSED
564,318,0,548,270,0,512,239,0,469,226,0,439,230,0,489,242,0,442,250,0,455,254,0,474,254,0,483,275,0,440,278,0,453,282,0,469,282,0,480,306,0,447,306,0,460,308,0,475,308,0,480,335,0,456,331,0,468,333,0,481,334,0, STRESSED
413,420,0,428,371,0,457,344,0,479,344,0,486,358,0,526,372,0,515,365,0,500,366,0,487,369,0,529,408,0,519,396,0,504,392,0,489,396,0,520,439,0,516,426,0,504,420,0,489,422,0,508,463,0,506,451,0,496,445,0,484,444,0, STRESSED
570,324,0,555,277,0,517,243,0,472,230,0,442,237,0,495,247,0,446,255,0,459,260,0,477,260,0,489,279,0,446,283,0,458,287,0,474,287,0,487,310,0,452,312,0,466,314,0,481,313,0,487,339,0,462,337,0,474,339,0,486,339,0, STRESSED
417,428,0,434,379,0,464,349,0,489,333,0,497,319,0,530,373,0,529,372,0,513,376,0,502,377,0,537,405,0,527,401,0,512,402,0,500,406,0,531,435,0,523,428,0,511,426,0,498,428,0,520,459,0,516,452,0,505,450,0,494,450,0, STRESSED
573,323,0,557,276,0,519,243,0,476,231,0,445,236,0,498,247,0,449,255,0,462,261,0,481,261,0,493,279,0,449,284,0,463,288,0,479,288,0,491,311,0,457,312,0,470,314,0,486,314,0,492,339,0,467,336,0,480,338,0,492,338,0, STRESSED
427,428,0,441,379,0,470,348,0,493,331,0,499,318,0,536,375,0,538,368,0,524,369,0,511,371,0,542,407,0,536,399,0,521,398,0,508,402,0,535,437,0,531,426,0,519,424,0,506,426,0,524,461,0,523,452,0,512,448,0,501,449,0, STRESSED
579,330,0,564,283,0,528,248,0,485,234,0,454,240,0,504,253,0,454,260,0,467,265,0,486,266,0,498,286,0,453,289,0,468,293,0,484,293,0,496,317,0,460,317,0,474,319,0,490,319,0,497,346,0,471,342,0,483,343,0,496,344,0, STRESSED
429,430,0,444,380,0,473,352,0,499,343,0,511,343,0,540,381,0,541,379,0,525,381,0,511,383,0,545,416,0,537,410,0,521,409,0,507,412,0,538,446,0,530,437,0,518,434,0,505,436,0,526,470,0,520,462,0,509,459,0,499,458,0, STRESSED
578,329,0,562,283,0,525,249,0,482,235,0,452,238,0,503,252,0,453,259,0,466,265,0,484,265,0,497,283,0,452,288,0,465,292,0,482,292,0,494,314,0,459,315,0,472,318,0,487,318,0,494,343,0,467,340,0,479,343,0,492,343,0, STRESSED
423,431,0,437,382,0,466,351,0,492,337,0,501,329,0,537,376,0,531,373,0,514,376,0,501,378,0,542,409,0,529,402,0,513,402,0,499,406,0,536,439,0,524,429,0,511,427,0,498,429,0,524,463,0,518,455,0,506,452,0,495,452,0, STRESSED
579,330,0,562,283,0,524,250,0,481,235,0,451,238,0,503,252,0,454,258,0,467,264,0,486,265,0,498,284,0,455,287,0,468,292,0,484,292,0,496,315,0,461,316,0,474,319,0,489,318,0,497,344,0,469,342,0,481,344,0,494,344,0, STRESSED
424,432,0,438,384,0,468,353,0,493,338,0,501,327,0,535,380,0,541,376,0,525,376,0,509,378,0,541,411,0,533,405,0,516,404,0,503,408,0,534,441,0,528,432,0,515,430,0,502,432,0,523,465,0,521,457,0,510,454,0,498,455,0, STRESSED
592,330,0,572,285,0,534,253,0,493,239,0,464,243,0,518,255,0,466,263,0,479,268,0,497,268,0,514,286,0,465,291,0,478,295,0,495,295,0,511,317,0,473,319,0,486,320,0,501,320,0,512,345,0,482,343,0,494,345,0,506,345,0, STRESSED
437,431,0,452,382,0,481,353,0,506,341,0,514,332,0,551,381,0,552,378,0,534,380,0,518,382,0,556,415,0,548,408,0,532,406,0,518,410,0,547,445,0,542,435,0,529,433,0,516,434,0,534,470,0,530,460,0,518,457,0,507,457,0, STRESSED
530,335,0,508,291,0,470,263,0,431,250,0,405,262,0,449,268,0,407,277,0,420,280,0,436,278,0,445,298,0,409,303,0,421,305,0,437,304,0,446,328,0,417,329,0,428,329,0,442,328,0,448,355,0,423,351,0,434,352,0,445,352,0, STRESSED
384,443,0,396,393,0,424,368,0,449,360,0,456,360,0,486,390,0,496,382,0,479,381,0,465,384,0,492,422,0,489,409,0,474,407,0,462,411,0,485,448,0,484,438,0,473,434,0,461,437,0,473,472,0,474,461,0,464,457,0,452,458,0, STRESSED
440,339,0,420,302,0,393,282,0,367,282,0,349,294,0,372,265,0,336,277,0,335,292,0,339,298,0,365,285,0,332,304,0,339,315,0,350,316,0,362,309,0,341,328,0,353,334,0,365,331,0,362,332,0,348,342,0,360,346,0,371,344,0, STRESSED
294,423,0,322,383,0,359,367,0,399,370,0,422,384,0,370,372,0,413,382,0,402,384,0,386,383,0,371,404,0,412,410,0,401,408,0,384,407,0,370,433,0,404,434,0,393,431,0,376,430,0,366,458,0,389,453,0,379,451,0,367,451,0, STRESSED
439,337,0,420,301,0,392,281,0,365,281,0,347,293,0,371,265,0,336,275,0,334,289,0,337,294,0,363,286,0,331,303,0,338,313,0,349,313,0,359,310,0,337,326,0,348,331,0,360,328,0,359,334,0,346,341,0,357,345,0,368,343,0, STRESSED
290,421,0,319,381,0,357,366,0,392,371,0,412,387,0,367,370,0,413,381,0,402,384,0,385,384,0,368,402,0,412,409,0,400,408,0,383,407,0,366,431,0,403,433,0,391,430,0,375,429,0,362,456,0,389,452,0,379,449,0,367,449,0, STRESSED
430,335,0,411,299,0,384,279,0,356,280,0,339,292,0,362,264,0,327,276,0,328,290,0,334,294,0,356,284,0,324,303,0,332,313,0,343,313,0,353,309,0,331,324,0,341,330,0,352,327,0,353,332,0,340,339,0,351,343,0,361,341,0, STRESSED
283,421,0,313,381,0,350,365,0,383,370,0,402,385,0,360,369,0,406,380,0,395,383,0,379,382,0,361,401,0,405,407,0,394,407,0,377,406,0,359,430,0,397,431,0,386,429,0,369,429,0,355,455,0,385,451,0,375,449,0,362,449,0, STRESSED
421,337,0,397,298,0,368,280,0,340,284,0,325,302,0,345,264,0,309,279,0,312,293,0,320,298,0,336,285,0,306,305,0,316,315,0,328,315,0,333,309,0,316,328,0,328,333,0,341,329,0,334,333,0,326,344,0,339,348,0,350,345,0, STRESSED
265,423,0,295,383,0,335,368,0,371,373,0,394,386,0,342,368,0,391,381,0,381,386,0,364,386,0,343,400,0,392,410,0,381,412,0,363,411,0,343,430,0,388,436,0,377,437,0,359,434,0,340,456,0,376,457,0,366,456,0,352,454,0, STRESSED
401,330,0,377,293,0,349,275,0,320,277,0,303,291,0,325,264,0,293,280,0,298,293,0,308,297,0,318,285,0,293,305,0,303,314,0,315,312,0,317,310,0,302,326,0,313,331,0,325,327,0,320,334,0,313,341,0,325,345,0,335,342,0, STRESSED
247,423,0,277,383,0,317,367,0,356,370,0,379,382,0,326,366,0,375,377,0,364,382,0,347,382,0,328,398,0,374,404,0,362,406,0,345,405,0,328,428,0,368,428,0,357,429,0,340,428,0,325,454,0,358,449,0,350,448,0,339,449,0, STRESSED
366,336,0,342,299,0,316,287,0,295,292,0,286,309,0,289,278,0,265,290,0,273,302,0,282,304,0,279,301,0,262,312,0,271,320,0,284,320,0,278,327,0,270,335,0,281,339,0,293,337,0,282,350,0,279,353,0,291,354,0,302,352,0, STRESSED
229,436,0,253,397,0,290,377,0,329,375,0,354,385,0,292,380,0,346,385,0,334,388,0,316,390,0,293,410,0,348,411,0,335,411,0,316,412,0,294,439,0,343,436,0,331,435,0,312,436,0,294,464,0,332,457,0,324,454,0,310,455,0, STRESSED
377,333,0,352,297,0,326,284,0,303,289,0,292,305,0,298,274,0,271,289,0,281,299,0,292,300,0,290,298,0,272,309,0,282,316,0,294,316,0,290,323,0,280,329,0,290,333,0,301,333,0,294,346,0,288,347,0,298,349,0,309,349,0, STRESSED
239,432,0,263,392,0,300,373,0,338,373,0,363,383,0,302,378,0,357,382,0,345,384,0,326,385,0,304,409,0,358,408,0,346,407,0,327,408,0,304,437,0,351,433,0,339,431,0,321,432,0,303,462,0,340,453,0,331,450,0,318,451,0, STRESSED
377,329,0,355,291,0,330,278,0,308,284,0,297,300,0,305,269,0,281,285,0,290,295,0,301,297,0,295,292,0,280,304,0,290,312,0,302,312,0,294,316,0,287,326,0,298,330,0,310,328,0,298,340,0,296,343,0,308,345,0,319,344,0, STRESSED
243,425,0,268,387,0,304,367,0,341,368,0,363,382,0,308,369,0,360,378,0,348,381,0,330,381,0,308,400,0,359,404,0,346,404,0,328,404,0,308,430,0,354,428,0,341,427,0,323,427,0,307,455,0,343,449,0,333,446,0,319,447,0, STRESSED
377,323,0,358,287,0,336,275,0,317,279,0,309,295,0,312,267,0,290,279,0,298,290,0,309,293,0,301,288,0,285,299,0,295,308,0,307,309,0,299,312,0,293,323,0,304,327,0,315,325,0,301,335,0,302,341,0,313,342,0,323,340,0, STRESSED
243,421,0,269,382,0,309,366,0,348,366,0,372,378,0,311,364,0,363,374,0,351,378,0,333,378,0,311,395,0,363,400,0,350,400,0,331,400,0,310,425,0,357,425,0,344,424,0,326,425,0,307,450,0,346,447,0,336,445,0,322,446,0, STRESSED
366,322,0,346,287,0,321,274,0,299,278,0,288,292,0,295,264,0,272,280,0,281,291,0,292,294,0,285,286,0,267,299,0,277,308,0,289,309,0,284,311,0,276,321,0,287,326,0,298,325,0,287,334,0,283,338,0,295,340,0,305,338,0, STRESSED
231,422,0,255,384,0,292,364,0,328,364,0,351,379,0,295,364,0,348,374,0,337,377,0,318,376,0,294,395,0,350,399,0,337,399,0,317,400,0,294,424,0,344,424,0,332,423,0,312,424,0,293,450,0,336,446,0,328,443,0,313,445,0, STRESSED
368,322,0,345,286,0,319,273,0,296,280,0,287,297,0,292,264,0,271,279,0,281,290,0,292,291,0,282,286,0,267,299,0,276,307,0,289,307,0,281,311,0,273,321,0,284,325,0,295,323,0,284,335,0,280,337,0,291,339,0,302,337,0, STRESSED
228,423,0,253,383,0,291,364,0,329,365,0,353,379,0,294,363,0,347,373,0,335,377,0,316,376,0,293,394,0,349,399,0,335,399,0,316,400,0,293,424,0,343,424,0,330,423,0,311,424,0,292,450,0,335,446,0,327,444,0,313,445,0, STRESSED
332,324,0,314,288,0,288,273,0,264,277,0,253,292,0,263,270,0,248,281,0,258,287,0,269,289,0,256,294,0,244,301,0,253,306,0,265,307,0,255,318,0,248,322,0,258,323,0,269,323,0,259,339,0,255,338,0,265,338,0,274,337,0, STRESSED
204,427,0,228,389,0,264,369,0,301,369,0,325,379,0,264,369,0,320,376,0,309,380,0,289,380,0,265,399,0,321,401,0,308,403,0,288,403,0,266,428,0,317,426,0,303,426,0,283,426,0,265,453,0,304,448,0,293,446,0,278,447,0, STRESSED
333,325,0,313,288,0,286,275,0,263,283,0,253,300,0,261,271,0,242,285,0,253,293,0,264,293,0,254,294,0,242,305,0,252,310,0,264,310,0,255,319,0,248,324,0,258,327,0,269,325,0,259,341,0,256,340,0,266,340,0,276,339,0, STRESSED
203,429,0,224,392,0,261,371,0,296,369,0,319,381,0,263,369,0,319,377,0,308,382,0,288,382,0,263,399,0,320,402,0,306,405,0,286,405,0,263,428,0,315,427,0,301,427,0,281,427,0,262,453,0,302,449,0,291,447,0,275,447,0, STRESSED
333,326,0,316,294,0,293,282,0,272,286,0,262,301,0,270,274,0,249,292,0,257,304,0,267,306,0,260,296,0,247,313,0,257,321,0,269,320,0,259,320,0,252,333,0,263,336,0,273,333,0,262,343,0,263,350,0,274,350,0,283,347,0, STRESSED
231,418,0,256,385,0,294,374,0,331,381,0,351,394,0,284,380,0,341,383,0,328,385,0,308,384,0,281,408,0,340,411,0,327,409,0,307,407,0,278,434,0,333,435,0,320,431,0,301,429,0,276,455,0,319,454,0,310,448,0,295,446,0, STRESSED
339,329,0,324,296,0,300,282,0,279,288,0,270,305,0,275,278,0,257,301,0,264,311,0,275,313,0,266,299,0,257,321,0,267,327,0,278,326,0,266,323,0,261,338,0,271,340,0,282,337,0,270,345,0,272,354,0,282,354,0,291,351,0, STRESSED
236,419,0,260,385,0,294,371,0,327,376,0,347,390,0,288,381,0,345,384,0,331,385,0,311,384,0,287,410,0,345,411,0,331,408,0,311,407,0,284,436,0,337,435,0,324,430,0,304,428,0,281,457,0,323,453,0,315,447,0,300,446,0, STRESSED
343,330,0,326,296,0,303,283,0,281,288,0,271,306,0,280,274,0,261,294,0,269,306,0,280,309,0,269,294,0,256,314,0,265,323,0,276,323,0,266,318,0,259,334,0,270,338,0,280,336,0,269,342,0,269,351,0,281,352,0,289,350,0, STRESSED
236,419,0,260,385,0,297,373,0,333,379,0,354,392,0,288,380,0,345,383,0,331,384,0,312,384,0,286,410,0,345,411,0,331,408,0,312,407,0,285,436,0,338,435,0,325,430,0,306,429,0,282,458,0,324,454,0,316,448,0,301,447,0, STRESSED
331,325,0,317,294,0,293,275,0,269,266,0,255,270,0,267,280,0,246,296,0,254,304,0,266,306,0,262,302,0,250,316,0,259,322,0,269,320,0,262,324,0,255,334,0,264,337,0,274,335,0,267,345,0,265,351,0,275,351,0,283,348,0, STRESSED
228,417,0,251,384,0,287,369,0,320,375,0,341,389,0,283,378,0,339,382,0,324,383,0,305,383,0,281,408,0,338,410,0,324,409,0,303,407,0,280,434,0,332,434,0,319,430,0,299,428,0,278,455,0,320,454,0,311,448,0,295,446,0, STRESSED
316,334,0,297,300,0,275,286,0,254,289,0,245,303,0,253,280,0,235,293,0,242,304,0,253,307,0,243,301,0,228,313,0,236,320,0,248,321,0,241,326,0,232,334,0,241,337,0,252,336,0,244,349,0,241,351,0,251,352,0,260,351,0, STRESSED
209,426,0,230,392,0,266,376,0,301,379,0,322,394,0,261,384,0,318,387,0,304,388,0,285,387,0,260,413,0,318,415,0,304,413,0,282,411,0,258,439,0,309,439,0,296,435,0,276,434,0,255,461,0,295,460,0,285,454,0,269,453,0, STRESSED
297,329,0,283,297,0,259,283,0,238,285,0,229,300,0,231,285,0,226,298,0,237,305,0,248,306,0,222,307,0,220,318,0,231,322,0,243,322,0,222,330,0,223,339,0,234,339,0,245,337,0,227,352,0,232,357,0,243,355,0,252,353,0, STRESSED
198,427,0,218,392,0,253,375,0,286,378,0,307,392,0,246,384,0,303,385,0,290,386,0,271,386,0,245,413,0,305,413,0,291,410,0,270,410,0,244,439,0,298,437,0,285,433,0,265,433,0,243,461,0,287,458,0,278,453,0,262,453,0, STRESSED
279,327,0,260,294,0,236,284,0,218,294,0,212,313,0,215,279,0,210,292,0,223,300,0,236,303,0,204,301,0,205,312,0,218,317,0,231,317,0,202,326,0,206,334,0,219,335,0,231,333,0,206,349,0,214,355,0,227,353,0,236,350,0, STRESSED
181,426,0,202,390,0,236,374,0,268,378,0,288,391,0,226,382,0,282,383,0,270,383,0,250,383,0,224,412,0,284,410,0,270,405,0,248,406,0,224,438,0,278,433,0,265,427,0,245,427,0,225,459,0,266,453,0,256,446,0,239,447,0, STRESSED
272,327,0,256,294,0,233,279,0,214,283,0,207,298,0,206,290,0,206,298,0,219,303,0,229,304,0,198,311,0,201,317,0,212,319,0,223,320,0,199,332,0,202,336,0,213,335,0,224,334,0,205,351,0,211,353,0,221,351,0,230,349,0, STRESSED
178,425,0,197,390,0,232,373,0,264,377,0,285,390,0,222,381,0,278,383,0,266,383,0,246,382,0,219,410,0,281,409,0,267,405,0,245,405,0,220,437,0,275,432,0,261,427,0,240,427,0,220,459,0,263,452,0,253,446,0,235,446,0, STRESSED
265,328,0,250,296,0,225,283,0,207,289,0,200,305,0,201,286,0,200,295,0,213,301,0,223,304,0,191,307,0,192,314,0,204,319,0,216,320,0,190,329,0,194,335,0,206,336,0,217,335,0,195,350,0,202,355,0,214,353,0,223,351,0, STRESSED
171,425,0,191,392,0,226,377,0,259,380,0,278,392,0,212,384,0,268,384,0,256,385,0,236,384,0,210,413,0,269,411,0,256,408,0,234,408,0,209,439,0,263,435,0,249,430,0,229,429,0,210,461,0,252,455,0,242,449,0,225,449,0, STRESSED
213,411,0,234,374,0,272,356,0,310,359,0,335,374,0,279,358,0,331,370,0,320,370,0,302,370,0,278,388,0,334,394,0,321,391,0,302,391,0,277,416,0,327,418,0,314,414,0,296,414,0,274,442,0,314,438,0,303,434,0,288,435,0, STRESSED
368,334,0,349,297,0,324,278,0,303,274,0,287,282,0,298,257,0,263,276,0,270,292,0,279,296,0,288,272,0,254,295,0,264,308,0,278,309,0,283,294,0,259,315,0,270,323,0,283,321,0,280,317,0,266,328,0,277,334,0,287,333,0, STRESSED
217,410,0,238,373,0,277,355,0,316,358,0,341,372,0,280,358,0,334,369,0,323,370,0,304,369,0,279,388,0,337,393,0,324,391,0,305,391,0,279,417,0,331,417,0,318,414,0,299,413,0,276,442,0,318,438,0,308,433,0,293,434,0, STRESSED
371,333,0,351,295,0,326,276,0,305,272,0,290,282,0,300,255,0,265,275,0,269,291,0,275,295,0,291,272,0,256,293,0,264,307,0,277,309,0,286,294,0,263,314,0,274,322,0,285,320,0,284,317,0,270,327,0,280,333,0,290,333,0, STRESSED
208,411,0,227,373,0,262,351,0,296,352,0,316,368,0,273,359,0,326,371,0,315,370,0,298,369,0,273,389,0,329,394,0,316,391,0,296,391,0,272,417,0,322,418,0,308,413,0,290,413,0,269,442,0,307,438,0,297,434,0,281,434,0, STRESSED
365,333,0,345,300,0,322,277,0,303,261,0,288,253,0,289,264,0,254,284,0,250,300,0,250,306,0,283,277,0,251,305,0,259,316,0,271,315,0,279,297,0,257,322,0,268,327,0,279,323,0,278,318,0,266,332,0,276,336,0,285,333,0, STRESSED
193,409,0,212,372,0,248,351,0,281,355,0,299,373,0,254,359,0,308,371,0,297,370,0,279,368,0,252,388,0,309,394,0,296,390,0,277,390,0,251,415,0,302,417,0,288,413,0,270,412,0,248,439,0,288,437,0,278,432,0,262,433,0, STRESSED
343,330,0,324,295,0,301,272,0,281,261,0,266,265,0,273,261,0,236,281,0,238,295,0,243,299,0,266,275,0,235,302,0,246,311,0,258,310,0,262,296,0,242,319,0,253,325,0,264,321,0,261,319,0,250,332,0,262,335,0,271,333,0, STRESSED
175,407,0,194,371,0,231,353,0,266,358,0,286,374,0,234,360,0,287,371,0,277,369,0,260,368,0,231,390,0,289,394,0,277,390,0,258,390,0,229,417,0,281,417,0,269,412,0,251,412,0,227,439,0,269,436,0,260,431,0,245,432,0, STRESSED
325,329,0,305,293,0,276,275,0,251,277,0,235,293,0,255,256,0,222,277,0,223,293,0,227,297,0,247,273,0,218,298,0,226,310,0,238,310,0,242,296,0,224,319,0,236,326,0,247,321,0,242,320,0,235,333,0,247,336,0,257,333,0, STRESSED
175,407,0,194,371,0,231,352,0,265,356,0,283,375,0,234,360,0,289,371,0,278,370,0,260,368,0,231,389,0,290,394,0,277,390,0,258,390,0,229,415,0,282,417,0,269,412,0,251,412,0,227,438,0,270,436,0,260,431,0,244,431,0, STRESSED
328,331,0,307,295,0,279,278,0,254,280,0,239,294,0,257,258,0,224,282,0,228,297,0,234,300,0,248,274,0,219,300,0,229,312,0,241,311,0,243,296,0,224,320,0,237,327,0,249,322,0,242,319,0,235,332,0,248,336,0,259,333,0, STRESSED
168,407,0,188,370,0,224,352,0,256,358,0,275,375,0,226,360,0,280,371,0,269,369,0,251,367,0,223,389,0,280,394,0,268,389,0,249,388,0,220,415,0,272,416,0,260,410,0,242,410,0,217,437,0,259,436,0,250,430,0,234,430,0, STRESSED
319,331,0,298,295,0,273,277,0,250,276,0,236,288,0,249,259,0,217,278,0,221,293,0,228,297,0,238,275,0,213,298,0,221,310,0,233,310,0,233,297,0,216,317,0,226,324,0,238,322,0,232,321,0,223,329,0,234,335,0,244,334,0, STRESSED
165,408,0,184,371,0,220,353,0,253,358,0,273,376,0,221,361,0,275,373,0,266,370,0,248,368,0,217,391,0,276,395,0,265,389,0,246,389,0,215,417,0,268,417,0,257,411,0,238,410,0,213,440,0,255,435,0,246,430,0,231,430,0, STRESSED
312,331,0,291,295,0,264,278,0,242,281,0,228,295,0,242,259,0,212,280,0,219,295,0,228,298,0,232,277,0,207,300,0,216,311,0,229,311,0,227,300,0,211,320,0,222,326,0,234,323,0,226,325,0,219,334,0,232,338,0,243,336,0, STRESSED
154,409,0,172,374,0,211,356,0,245,361,0,266,376,0,207,361,0,263,375,0,253,373,0,236,372,0,203,391,0,263,396,0,251,391,0,231,391,0,201,417,0,255,417,0,243,412,0,224,411,0,200,440,0,242,437,0,233,431,0,217,431,0, STRESSED
300,332,0,284,297,0,263,276,0,244,263,0,229,264,0,232,267,0,201,284,0,196,299,0,196,305,0,221,283,0,199,302,0,205,313,0,215,314,0,218,305,0,204,320,0,213,327,0,225,326,0,218,328,0,212,334,0,223,338,0,233,338,0, STRESSED
148,411,0,165,376,0,201,358,0,233,364,0,251,380,0,198,364,0,254,378,0,244,375,0,227,373,0,194,394,0,253,399,0,241,393,0,222,392,0,191,420,0,245,419,0,232,413,0,214,412,0,190,441,0,232,438,0,223,432,0,207,432,0, STRESSED
291,337,0,275,301,0,253,283,0,233,276,0,219,283,0,226,267,0,199,279,0,203,294,0,210,300,0,213,283,0,193,298,0,200,310,0,211,314,0,206,305,0,195,320,0,206,327,0,218,327,0,204,329,0,201,336,0,213,340,0,224,340,0, STRESSED
138,413,0,155,378,0,194,361,0,226,368,0,245,383,0,187,366,0,243,381,0,233,378,0,215,375,0,181,396,0,243,403,0,232,395,0,211,394,0,179,422,0,235,423,0,223,415,0,204,414,0,178,443,0,222,442,0,213,434,0,197,434,0, STRESSED
284,340,0,264,301,0,239,286,0,217,288,0,204,304,0,218,268,0,193,279,0,197,294,0,205,300,0,203,284,0,186,300,0,193,312,0,204,314,0,196,308,0,188,323,0,198,330,0,210,329,0,194,333,0,195,342,0,208,345,0,218,345,0, STRESSED
124,420,0,140,384,0,177,367,0,208,373,0,228,387,0,171,373,0,226,386,0,218,383,0,201,379,0,166,402,0,227,407,0,217,400,0,197,398,0,164,428,0,220,427,0,209,419,0,190,417,0,163,449,0,208,447,0,200,439,0,184,437,0, STRESSED
264,338,0,246,301,0,222,286,0,202,289,0,190,305,0,202,269,0,181,277,0,188,290,0,199,296,0,186,288,0,172,299,0,181,310,0,194,312,0,179,312,0,172,323,0,184,329,0,196,329,0,178,336,0,180,345,0,193,349,0,204,347,0, STRESSED
117,421,0,132,385,0,166,366,0,197,371,0,217,385,0,160,368,0,218,383,0,210,382,0,192,380,0,155,397,0,216,405,0,205,400,0,185,397,0,153,423,0,209,425,0,197,418,0,179,416,0,153,446,0,197,445,0,187,438,0,170,435,0, STRESSED
252,331,0,235,296,0,211,281,0,191,284,0,179,300,0,189,266,0,169,280,0,176,294,0,187,300,0,175,284,0,162,302,0,171,312,0,184,314,0,169,309,0,164,327,0,176,333,0,189,331,0,168,335,0,172,350,0,186,352,0,197,349,0, STRESSED
97,425,0,113,389,0,149,368,0,181,372,0,200,385,0,138,367,0,196,381,0,187,381,0,169,378,0,131,396,0,196,402,0,182,398,0,161,397,0,130,423,0,189,423,0,174,417,0,155,417,0,131,447,0,177,442,0,165,436,0,147,436,0, STRESSED
230,335,0,225,298,0,206,276,0,185,275,0,171,286,0,177,263,0,168,276,0,178,287,0,189,293,0,161,281,0,158,294,0,168,304,0,180,308,0,152,305,0,151,315,0,162,321,0,175,322,0,148,329,0,149,337,0,162,340,0,173,340,0, STRESSED
92,416,0,115,379,0,155,362,0,191,366,0,214,382,0,154,361,0,212,375,0,198,378,0,178,376,0,150,391,0,212,397,0,196,396,0,175,396,0,147,420,0,199,422,0,184,420,0,166,419,0,143,447,0,186,444,0,173,441,0,157,441,0, STRESSED
189,399,0,216,365,0,254,356,0,290,360,0,313,368,0,270,367,0,311,368,0,302,365,0,289,367,0,269,392,0,312,390,0,302,382,0,287,382,0,265,415,0,300,410,0,292,403,0,278,404,0,260,434,0,290,429,0,284,423,0,273,423,0, STRESSED
328,317,0,312,278,0,287,264,0,266,271,0,254,287,0,263,251,0,249,264,0,260,276,0,272,280,0,247,273,0,241,285,0,251,295,0,264,296,0,242,300,0,242,311,0,255,315,0,268,314,0,243,327,0,250,333,0,264,335,0,275,333,0, STRESSED
196,394,0,221,362,0,259,353,0,294,357,0,316,363,0,274,365,0,316,366,0,308,364,0,296,365,0,273,390,0,315,389,0,305,382,0,291,381,0,268,412,0,303,408,0,295,402,0,282,401,0,262,431,0,292,428,0,287,422,0,276,421,0, STRESSED
333,315,0,317,278,0,292,262,0,268,266,0,256,282,0,265,252,0,243,269,0,249,283,0,260,287,0,252,274,0,242,289,0,251,298,0,264,299,0,248,299,0,245,310,0,257,315,0,269,314,0,250,325,0,254,331,0,267,333,0,277,331,0, STRESSED
190,393,0,217,361,0,253,353,0,287,358,0,309,366,0,268,361,0,311,364,0,302,362,0,289,364,0,268,386,0,309,386,0,300,380,0,284,380,0,264,409,0,297,406,0,288,401,0,274,401,0,258,429,0,285,424,0,278,418,0,267,419,0, STRESSED
327,315,0,310,278,0,286,260,0,264,263,0,253,278,0,260,253,0,236,269,0,243,282,0,255,287,0,246,273,0,236,292,0,247,300,0,260,300,0,241,298,0,240,313,0,252,317,0,264,314,0,242,324,0,247,332,0,260,335,0,271,333,0, STRESSED
163,392,0,189,358,0,223,349,0,253,354,0,272,363,0,241,357,0,286,363,0,281,361,0,270,361,0,242,382,0,286,386,0,277,380,0,261,379,0,238,406,0,275,406,0,266,399,0,252,399,0,231,425,0,263,424,0,257,417,0,245,417,0, STRESSED
303,310,0,287,274,0,261,260,0,241,266,0,229,282,0,235,247,0,225,263,0,236,276,0,249,279,0,221,268,0,216,281,0,229,292,0,244,294,0,216,294,0,220,308,0,235,312,0,248,309,0,218,321,0,229,332,0,244,333,0,255,330,0, STRESSED
152,398,0,174,363,0,208,353,0,239,357,0,259,363,0,228,363,0,273,366,0,271,364,0,263,365,0,229,389,0,274,390,0,266,383,0,252,382,0,226,412,0,265,411,0,256,404,0,243,403,0,220,431,0,252,429,0,247,422,0,236,421,0, STRESSED
283,314,0,266,275,0,241,261,0,221,269,0,211,288,0,216,257,0,207,272,0,217,281,0,229,283,0,203,278,0,202,291,0,213,297,0,227,298,0,200,302,0,204,313,0,216,316,0,229,314,0,202,326,0,211,335,0,225,336,0,236,334,0, STRESSED
149,399,0,173,363,0,208,355,0,241,359,0,263,366,0,225,364,0,271,367,0,267,365,0,258,366,0,225,390,0,272,391,0,263,383,0,248,382,0,221,413,0,260,412,0,252,403,0,238,402,0,215,431,0,247,429,0,242,422,0,230,421,0, STRESSED
277,313,0,262,274,0,238,260,0,217,266,0,208,283,0,211,258,0,203,270,0,213,280,0,225,282,0,198,279,0,199,291,0,210,298,0,223,299,0,195,304,0,200,315,0,213,317,0,225,315,0,199,328,0,206,337,0,220,338,0,231,335,0, STRESSED
131,402,0,152,366,0,186,352,0,216,356,0,236,366,0,203,363,0,252,368,0,251,367,0,243,369,0,204,389,0,254,391,0,245,384,0,230,383,0,200,412,0,245,411,0,235,403,0,221,402,0,193,431,0,232,431,0,227,423,0,215,421,0, STRESSED
264,320,0,251,282,0,224,266,0,204,271,0,192,288,0,200,252,0,191,267,0,201,278,0,213,283,0,185,271,0,180,286,0,190,296,0,204,298,0,179,295,0,179,309,0,191,314,0,204,313,0,178,320,0,183,332,0,197,334,0,208,332,0, STRESSED
121,403,0,142,365,0,177,351,0,209,357,0,229,368,0,192,365,0,243,372,0,241,369,0,231,369,0,193,391,0,244,393,0,234,385,0,217,385,0,190,415,0,235,413,0,224,404,0,209,404,0,184,433,0,223,430,0,218,422,0,206,421,0, STRESSED
254,316,0,241,278,0,216,263,0,195,267,0,184,283,0,189,251,0,183,267,0,194,276,0,206,280,0,175,271,0,174,286,0,185,294,0,200,296,0,169,295,0,173,308,0,185,313,0,199,312,0,169,320,0,175,331,0,189,334,0,201,332,0, STRESSED
94,394,0,117,363,0,149,351,0,175,354,0,193,363,0,162,362,0,213,370,0,207,369,0,194,369,0,160,387,0,213,391,0,203,385,0,187,384,0,156,409,0,202,411,0,192,402,0,177,402,0,150,429,0,190,429,0,184,421,0,170,420,0, STRESSED
222,315,0,214,274,0,191,257,0,171,260,0,159,273,0,157,246,0,154,259,0,166,269,0,177,273,0,143,268,0,143,280,0,156,288,0,170,291,0,138,295,0,145,305,0,158,309,0,171,310,0,140,321,0,148,327,0,163,329,0,174,329,0, STRESSED
88,391,0,109,359,0,140,347,0,167,350,0,187,358,0,155,356,0,204,366,0,211,369,0,209,372,0,153,381,0,206,387,0,201,383,0,188,382,0,148,404,0,195,408,0,188,400,0,175,398,0,143,425,0,184,427,0,181,419,0,170,416,0, STRESSED
217,313,0,213,272,0,192,255,0,171,257,0,159,269,0,154,242,0,150,256,0,163,265,0,174,268,0,138,265,0,141,277,0,155,284,0,167,287,0,133,292,0,140,302,0,155,306,0,167,307,0,134,318,0,143,326,0,157,328,0,168,328,0, STRESSED
473,337,0,464,293,0,439,268,0,409,263,0,391,275,0,414,258,0,380,251,0,389,260,0,403,267,0,400,284,0,369,274,0,379,280,0,392,285,0,392,310,0,369,300,0,380,303,0,392,307,0,389,334,0,374,324,0,384,325,0,394,329,0, STRESSED
307,401,0,338,361,0,376,352,0,401,365,0,408,383,0,404,372,0,433,371,0,421,367,0,405,367,0,404,400,0,427,396,0,415,390,0,401,389,0,398,425,0,414,417,0,405,411,0,392,410,0,388,444,0,402,434,0,393,429,0,382,428,0, STRESSED
480,342,0,471,297,0,446,273,0,418,268,0,400,280,0,423,264,0,387,255,0,396,265,0,410,271,0,408,289,0,376,279,0,385,285,0,398,290,0,400,315,0,377,305,0,387,309,0,399,313,0,398,339,0,380,329,0,391,331,0,401,334,0, STRESSED
313,409,0,346,367,0,384,357,0,413,368,0,425,383,0,412,380,0,443,375,0,429,370,0,414,371,0,413,409,0,438,399,0,427,392,0,413,392,0,407,434,0,426,420,0,417,414,0,404,414,0,398,451,0,415,439,0,408,434,0,396,433,0, STRESSED
507,336,0,498,292,0,471,269,0,443,266,0,425,278,0,449,259,0,411,254,0,419,263,0,435,269,0,435,284,0,399,278,0,408,284,0,422,288,0,427,310,0,398,303,0,409,307,0,422,311,0,424,335,0,402,327,0,411,328,0,422,331,0, STRESSED
334,410,0,366,365,0,407,352,0,443,358,0,461,372,0,438,379,0,465,368,0,451,363,0,436,365,0,440,407,0,461,392,0,448,383,0,434,384,0,434,430,0,454,414,0,444,406,0,429,406,0,426,446,0,445,433,0,438,427,0,426,426,0, STRESSED
526,338,0,517,296,0,491,272,0,463,267,0,445,277,0,469,260,0,431,253,0,439,264,0,454,270,0,456,284,0,418,277,0,427,284,0,441,289,0,447,311,0,418,304,0,429,309,0,441,312,0,444,336,0,421,328,0,431,330,0,442,332,0, STRESSED
358,406,0,387,365,0,425,353,0,453,361,0,465,376,0,458,375,0,485,371,0,474,368,0,461,368,0,459,403,0,481,395,0,470,388,0,457,387,0,453,427,0,471,418,0,461,411,0,447,410,0,443,445,0,458,436,0,450,431,0,438,430,0, STRESSED
535,339,0,525,295,0,500,272,0,472,265,0,453,273,0,479,259,0,440,253,0,447,264,0,462,271,0,464,283,0,428,277,0,437,286,0,451,290,0,456,310,0,427,303,0,438,309,0,451,313,0,453,335,0,431,328,0,441,331,0,453,334,0, STRESSED
365,405,0,396,364,0,434,351,0,461,358,0,470,372,0,468,377,0,492,370,0,479,364,0,466,363,0,468,406,0,487,394,0,475,385,0,462,384,0,460,430,0,474,418,0,464,410,0,451,409,0,450,448,0,460,436,0,452,430,0,441,429,0, STRESSED
548,336,0,538,294,0,515,266,0,489,252,0,471,247,0,496,259,0,455,253,0,463,264,0,479,269,0,484,283,0,444,277,0,453,285,0,468,288,0,476,309,0,444,302,0,455,307,0,469,309,0,473,333,0,451,326,0,461,329,0,472,331,0, STRESSED
388,405,0,414,363,0,451,346,0,480,352,0,491,364,0,489,377,0,507,367,0,495,363,0,480,365,0,490,405,0,501,390,0,491,385,0,477,386,0,483,428,0,494,413,0,485,407,0,472,408,0,472,444,0,486,433,0,478,427,0,467,427,0, STRESSED
553,321,0,539,284,0,511,266,0,483,267,0,466,280,0,487,255,0,449,260,0,459,270,0,474,272,0,479,280,0,443,285,0,453,292,0,468,292,0,476,307,0,446,308,0,458,312,0,471,312,0,477,332,0,458,331,0,468,332,0,478,332,0, STRESSED
434,400,0,458,363,0,490,355,0,512,374,0,518,398,0,541,371,0,531,373,0,516,373,0,507,373,0,541,401,0,528,400,0,516,398,0,506,398,0,531,427,0,519,424,0,508,419,0,499,417,0,515,447,0,505,444,0,495,439,0,488,435,0, STRESSED
575,319,0,569,278,0,547,249,0,520,233,0,498,227,0,508,254,0,471,256,0,481,263,0,497,266,0,501,281,0,465,281,0,476,285,0,492,286,0,498,308,0,473,307,0,483,308,0,496,308,0,499,331,0,481,328,0,491,329,0,502,329,0, STRESSED
538,312,0,526,274,0,501,254,0,473,254,0,455,263,0,478,249,0,441,250,0,450,257,0,466,260,0,469,274,0,434,274,0,443,278,0,457,280,0,465,300,0,437,298,0,447,299,0,460,300,0,464,323,0,443,319,0,452,318,0,462,319,0, STRESSED
274,395,0,300,360,0,332,346,0,357,352,0,366,367,0,360,369,0,397,372,0,389,367,0,377,367,0,359,394,0,388,391,0,380,385,0,367,384,0,354,415,0,377,408,0,371,403,0,359,402,0,346,431,0,366,423,0,361,419,0,351,418,0, STRESSED
427,335,0,417,299,0,397,271,0,370,255,0,348,255,0,379,268,0,338,261,0,339,269,0,349,276,0,369,292,0,329,286,0,334,290,0,346,293,0,363,316,0,334,310,0,343,312,0,355,315,0,360,338,0,340,331,0,348,332,0,357,334,0, STRESSED
275,395,0,302,360,0,335,349,0,361,357,0,371,372,0,359,370,0,398,372,0,390,368,0,377,368,0,359,395,0,389,392,0,381,386,0,368,385,0,354,416,0,379,409,0,372,404,0,360,403,0,347,432,0,368,425,0,363,420,0,353,419,0, STRESSED
428,337,0,419,301,0,397,274,0,370,258,0,348,257,0,378,271,0,337,264,0,343,273,0,356,279,0,369,294,0,331,289,0,339,295,0,352,297,0,363,318,0,336,313,0,345,316,0,358,318,0,360,340,0,342,332,0,350,334,0,360,336,0, STRESSED
276,393,0,303,360,0,335,347,0,359,356,0,364,373,0,361,370,0,396,373,0,389,368,0,376,367,0,360,395,0,388,392,0,379,385,0,367,385,0,355,416,0,378,409,0,371,404,0,359,403,0,347,431,0,368,425,0,363,420,0,353,419,0, STRESSED
430,337,0,420,300,0,397,273,0,369,259,0,347,261,0,381,269,0,341,262,0,347,272,0,360,278,0,371,293,0,331,287,0,339,292,0,353,295,0,365,317,0,336,310,0,346,313,0,359,316,0,361,339,0,341,330,0,351,332,0,361,334,0, STRESSED
274,389,0,301,356,0,332,345,0,355,354,0,361,371,0,352,363,0,389,363,0,380,359,0,367,360,0,352,387,0,383,383,0,373,377,0,361,376,0,348,408,0,373,400,0,366,395,0,354,394,0,342,424,0,364,417,0,359,412,0,349,411,0, STRESSED
422,330,0,412,293,0,390,266,0,364,250,0,342,250,0,371,263,0,332,257,0,336,267,0,349,273,0,362,285,0,325,280,0,332,287,0,345,290,0,356,308,0,331,304,0,341,308,0,353,310,0,354,330,0,338,324,0,347,326,0,357,327,0, STRESSED
266,390,0,291,358,0,323,347,0,347,355,0,356,370,0,340,361,0,378,362,0,369,360,0,356,360,0,341,385,0,373,382,0,363,377,0,350,377,0,338,406,0,365,401,0,357,395,0,344,395,0,333,423,0,357,417,0,351,412,0,340,411,0, STRESSED
411,329,0,402,293,0,381,268,0,355,254,0,335,252,0,360,262,0,323,259,0,327,269,0,340,274,0,350,284,0,317,283,0,323,290,0,336,292,0,344,306,0,322,306,0,330,310,0,342,312,0,342,328,0,329,325,0,338,328,0,348,329,0, STRESSED
251,388,0,280,359,0,311,352,0,333,361,0,344,375,0,322,357,0,359,361,0,349,363,0,334,363,0,323,380,0,355,383,0,345,382,0,331,381,0,320,401,0,347,402,0,338,401,0,326,399,0,315,420,0,339,420,0,332,417,0,322,416,0, STRESSED
392,325,0,382,289,0,361,265,0,336,251,0,316,249,0,338,263,0,304,261,0,311,266,0,324,269,0,329,286,0,300,280,0,307,283,0,319,286,0,325,308,0,303,300,0,310,301,0,321,304,0,324,328,0,309,318,0,316,318,0,325,320,0, STRESSED
251,383,0,276,351,0,306,342,0,330,351,0,340,367,0,319,350,0,356,355,0,347,355,0,333,354,0,320,374,0,353,376,0,344,373,0,331,372,0,318,396,0,345,395,0,337,392,0,325,391,0,314,414,0,340,413,0,335,409,0,325,409,0, STRESSED
387,319,0,376,284,0,355,264,0,330,260,0,313,268,0,337,258,0,302,255,0,306,262,0,317,266,0,327,279,0,296,276,0,301,279,0,312,282,0,322,302,0,300,296,0,307,297,0,317,299,0,320,322,0,306,314,0,313,314,0,321,316,0, STRESSED
248,383,0,273,353,0,305,344,0,329,350,0,341,362,0,316,351,0,353,355,0,343,354,0,330,354,0,316,373,0,349,375,0,340,372,0,326,371,0,312,395,0,338,394,0,330,390,0,318,390,0,307,413,0,330,409,0,323,405,0,313,404,0, STRESSED
384,318,0,373,283,0,353,262,0,328,253,0,311,256,0,333,258,0,301,256,0,304,264,0,315,269,0,323,279,0,294,278,0,298,283,0,309,286,0,318,302,0,295,297,0,299,300,0,308,302,0,317,322,0,300,316,0,304,317,0,310,318,0, STRESSED
242,368,0,266,340,0,300,330,0,328,335,0,344,346,0,310,332,0,350,343,0,339,344,0,325,342,0,308,355,0,346,364,0,336,362,0,321,360,0,304,377,0,335,382,0,326,379,0,313,378,0,300,398,0,326,397,0,318,393,0,307,392,0, STRESSED
383,308,0,373,273,0,354,253,0,330,250,0,313,258,0,335,242,0,301,240,0,304,249,0,315,254,0,323,263,0,294,262,0,301,269,0,313,272,0,317,285,0,297,282,0,305,286,0,316,288,0,315,306,0,303,301,0,311,303,0,320,305,0, STRESSED
245,368,0,270,338,0,303,327,0,333,331,0,349,341,0,314,332,0,353,340,0,342,339,0,329,338,0,312,356,0,350,360,0,340,356,0,326,355,0,308,378,0,340,378,0,332,374,0,318,375,0,304,397,0,331,394,0,324,390,0,312,390,0, STRESSED
385,306,0,376,271,0,357,249,0,330,241,0,312,248,0,338,239,0,305,237,0,308,245,0,319,250,0,328,261,0,299,259,0,306,265,0,318,268,0,321,283,0,302,279,0,309,282,0,320,285,0,318,304,0,307,297,0,316,299,0,324,302,0, STRESSED
247,369,0,273,338,0,306,328,0,335,332,0,352,343,0,318,332,0,357,341,0,347,340,0,334,339,0,316,356,0,355,361,0,345,357,0,330,356,0,313,379,0,345,379,0,336,375,0,322,375,0,307,398,0,335,395,0,327,391,0,315,391,0, STRESSED
388,305,0,379,269,0,360,247,0,334,238,0,315,244,0,342,240,0,308,239,0,314,246,0,326,250,0,333,262,0,302,260,0,310,265,0,322,267,0,327,284,0,306,281,0,314,284,0,325,286,0,324,305,0,311,299,0,319,301,0,328,303,0, STRESSED
252,371,0,279,338,0,313,327,0,344,331,0,362,341,0,325,332,0,364,339,0,353,338,0,339,338,0,324,357,0,362,360,0,352,356,0,337,356,0,322,381,0,353,378,0,344,375,0,331,376,0,319,401,0,345,395,0,337,391,0,326,392,0, STRESSED
398,301,0,388,265,0,369,242,0,344,233,0,325,239,0,350,234,0,316,234,0,321,243,0,333,246,0,341,256,0,309,255,0,315,262,0,327,264,0,334,279,0,312,278,0,319,283,0,330,284,0,331,301,0,316,298,0,324,301,0,333,303,0, STRESSED
279,388,0,300,349,0,335,333,0,369,335,0,386,346,0,348,339,0,383,337,0,371,337,0,357,340,0,352,366,0,385,358,0,374,356,0,360,359,0,354,390,0,381,381,0,371,378,0,358,381,0,354,410,0,376,399,0,367,397,0,356,401,0, STRESSED
404,301,0,397,265,0,377,236,0,348,223,0,325,230,0,361,232,0,321,231,0,326,241,0,339,245,0,352,256,0,312,254,0,320,261,0,334,263,0,346,279,0,317,280,0,327,284,0,339,284,0,342,302,0,323,300,0,332,303,0,342,303,0, STRESSED
288,390,0,306,348,0,337,327,0,367,329,0,383,344,0,361,338,0,394,337,0,382,336,0,368,338,0,367,365,0,398,358,0,387,356,0,373,358,0,369,389,0,393,380,0,384,377,0,371,379,0,368,410,0,388,398,0,381,395,0,369,398,0, STRESSED
417,302,0,411,266,0,391,237,0,364,224,0,342,226,0,378,230,0,336,226,0,340,237,0,355,243,0,369,254,0,326,249,0,334,257,0,350,261,0,362,278,0,327,275,0,337,281,0,351,283,0,357,302,0,334,300,0,343,303,0,353,303,0, STRESSED
293,385,0,314,344,0,347,325,0,378,329,0,393,345,0,368,335,0,403,335,0,390,335,0,377,337,0,373,363,0,406,357,0,395,354,0,381,357,0,374,387,0,399,378,0,390,375,0,377,377,0,372,408,0,393,397,0,385,394,0,374,396,0, STRESSED
427,303,0,422,266,0,403,240,0,377,230,0,356,235,0,390,229,0,347,224,0,350,235,0,364,241,0,379,253,0,337,247,0,344,255,0,359,259,0,371,277,0,337,272,0,347,278,0,360,281,0,367,301,0,343,294,0,352,298,0,362,299,0, STRESSED
300,379,0,321,337,0,356,318,0,391,322,0,408,337,0,374,331,0,409,328,0,394,326,0,380,329,0,379,358,0,412,350,0,399,346,0,384,349,0,381,383,0,408,372,0,397,368,0,383,370,0,379,404,0,401,392,0,392,388,0,380,391,0, STRESSED
436,298,0,431,262,0,412,235,0,387,223,0,366,225,0,401,222,0,357,217,0,359,228,0,372,235,0,391,244,0,347,240,0,354,249,0,370,252,0,383,268,0,348,266,0,358,273,0,372,274,0,378,291,0,355,290,0,364,293,0,375,294,0, STRESSED
301,373,0,323,332,0,357,311,0,390,314,0,407,332,0,377,321,0,415,326,0,402,326,0,387,326,0,381,350,0,417,349,0,406,347,0,390,348,0,382,377,0,410,371,0,401,369,0,386,370,0,380,400,0,403,392,0,394,389,0,381,390,0, STRESSED
441,291,0,435,254,0,414,226,0,387,213,0,364,217,0,405,214,0,359,212,0,362,223,0,376,228,0,395,238,0,350,235,0,357,243,0,372,246,0,387,263,0,351,262,0,361,267,0,375,268,0,382,287,0,357,284,0,366,287,0,377,288,0, STRESSED
291,377,0,313,335,0,348,315,0,385,317,0,405,333,0,369,327,0,409,329,0,396,329,0,382,332,0,374,356,0,411,353,0,399,350,0,383,352,0,375,383,0,404,376,0,393,374,0,378,375,0,372,406,0,396,398,0,388,394,0,375,396,0, STRESSED
440,297,0,434,258,0,412,228,0,385,213,0,361,213,0,402,216,0,354,211,0,355,224,0,368,230,0,391,239,0,342,234,0,349,244,0,365,249,0,382,265,0,343,262,0,354,269,0,369,271,0,377,290,0,353,288,0,363,291,0,374,292,0, STRESSED
282,380,0,304,338,0,339,318,0,375,321,0,396,335,0,360,329,0,399,330,0,386,331,0,371,334,0,365,359,0,401,355,0,389,353,0,373,355,0,365,385,0,394,378,0,384,376,0,369,378,0,362,408,0,388,401,0,379,397,0,367,399,0, STRESSED
433,299,0,427,260,0,405,231,0,378,221,0,355,228,0,390,218,0,343,214,0,348,225,0,362,231,0,379,242,0,332,238,0,341,247,0,357,250,0,371,268,0,335,266,0,346,271,0,361,274,0,365,294,0,342,291,0,352,294,0,363,295,0, STRESSED
257,380,0,281,338,0,317,321,0,349,326,0,368,341,0,333,332,0,379,333,0,366,332,0,348,334,0,336,361,0,380,357,0,367,353,0,350,356,0,336,388,0,373,381,0,362,376,0,347,379,0,334,412,0,366,403,0,358,397,0,344,399,0, STRESSED
409,297,0,398,256,0,375,230,0,347,224,0,326,235,0,349,216,0,306,219,0,307,230,0,318,236,0,340,241,0,299,248,0,307,256,0,322,258,0,335,269,0,305,275,0,315,280,0,329,281,0,333,295,0,314,298,0,324,302,0,335,302,0, STRESSED
249,379,0,277,339,0,314,325,0,348,330,0,370,343,0,330,338,0,374,337,0,361,335,0,345,337,0,331,367,0,374,364,0,362,358,0,344,359,0,328,393,0,365,388,0,355,382,0,339,383,0,323,416,0,356,409,0,348,402,0,334,403,0, STRESSED
393,292,0,374,254,0,343,236,0,313,243,0,295,261,0,317,223,0,278,237,0,284,246,0,297,248,0,310,248,0,272,261,0,282,268,0,297,268,0,309,275,0,280,285,0,291,289,0,305,286,0,312,300,0,293,303,0,304,305,0,316,302,0, STRESSED
244,387,0,272,347,0,308,334,0,341,340,0,360,353,0,326,346,0,370,345,0,358,343,0,342,345,0,327,375,0,370,371,0,358,365,0,342,366,0,325,400,0,360,395,0,350,389,0,335,390,0,320,421,0,351,415,0,343,408,0,330,409,0, STRESSED
390,300,0,372,260,0,342,240,0,314,243,0,297,259,0,313,231,0,276,242,0,284,250,0,296,251,0,304,258,0,269,266,0,279,272,0,294,272,0,303,285,0,276,290,0,286,294,0,301,293,0,306,310,0,289,309,0,299,310,0,311,309,0, STRESSED
244,384,0,271,345,0,308,332,0,343,339,0,363,352,0,326,344,0,371,346,0,358,345,0,343,347,0,328,372,0,370,371,0,358,367,0,341,368,0,325,397,0,360,395,0,350,390,0,335,391,0,321,419,0,350,414,0,342,409,0,330,410,0, STRESSED
389,299,0,372,259,0,343,241,0,315,245,0,299,261,0,315,231,0,276,241,0,284,249,0,298,250,0,307,258,0,270,265,0,281,271,0,297,271,0,305,285,0,279,289,0,291,292,0,305,291,0,308,309,0,293,309,0,304,310,0,315,309,0, STRESSED
245,379,0,272,341,0,310,328,0,345,335,0,365,348,0,326,338,0,369,342,0,357,342,0,341,342,0,325,367,0,367,368,0,356,364,0,340,364,0,322,393,0,357,393,0,347,388,0,332,388,0,317,415,0,347,413,0,338,407,0,325,407,0, STRESSED
386,295,0,369,256,0,342,236,0,315,237,0,299,252,0,315,228,0,278,237,0,285,245,0,298,246,0,307,253,0,270,260,0,279,266,0,295,266,0,305,280,0,279,285,0,290,288,0,304,287,0,308,305,0,293,305,0,304,306,0,315,304,0, STRESSED
234,375,0,262,340,0,300,327,0,336,332,0,359,342,0,311,335,0,357,338,0,344,337,0,328,338,0,309,363,0,355,364,0,343,359,0,325,359,0,306,388,0,346,387,0,336,381,0,319,381,0,301,411,0,336,407,0,327,400,0,314,401,0, STRESSED
378,292,0,361,253,0,330,232,0,301,235,0,284,251,0,301,223,0,265,233,0,273,242,0,287,244,0,294,248,0,263,258,0,274,265,0,289,264,0,293,275,0,269,282,0,280,286,0,294,285,0,296,300,0,279,301,0,290,303,0,301,302,0, STRESSED
213,375,0,238,338,0,273,321,0,303,322,0,322,334,0,288,330,0,336,336,0,324,335,0,308,335,0,288,358,0,336,362,0,325,357,0,307,357,0,285,384,0,326,385,0,316,379,0,300,379,0,280,406,0,317,404,0,308,397,0,294,398,0, STRESSED
362,291,0,342,249,0,310,231,0,283,237,0,269,255,0,282,222,0,251,230,0,260,236,0,275,238,0,275,249,0,245,252,0,255,256,0,271,258,0,273,276,0,251,277,0,262,279,0,275,279,0,276,300,0,261,296,0,272,296,0,283,296,0, STRESSED
211,372,0,235,335,0,270,316,0,300,312,0,320,319,0,286,326,0,335,334,0,324,333,0,307,332,0,286,354,0,336,358,0,324,353,0,306,353,0,283,381,0,327,382,0,316,376,0,299,376,0,278,404,0,316,402,0,309,394,0,294,394,0, STRESSED
360,289,0,342,248,0,311,228,0,282,233,0,267,250,0,281,219,0,250,231,0,259,238,0,273,239,0,273,245,0,246,253,0,256,258,0,271,258,0,272,272,0,250,275,0,262,277,0,276,277,0,277,297,0,263,294,0,275,295,0,286,294,0, STRESSED
213,372,0,236,335,0,273,317,0,307,318,0,329,329,0,286,324,0,335,331,0,323,331,0,305,331,0,286,351,0,334,356,0,322,352,0,304,352,0,283,378,0,325,379,0,313,374,0,297,375,0,279,402,0,315,398,0,305,393,0,290,394,0, STRESSED
359,288,0,341,246,0,311,227,0,284,233,0,269,250,0,283,218,0,251,227,0,259,236,0,272,239,0,274,244,0,247,251,0,257,257,0,272,258,0,272,271,0,252,275,0,264,277,0,277,277,0,274,295,0,262,293,0,273,294,0,284,295,0, STRESSED
215,364,0,238,330,0,276,315,0,310,319,0,333,331,0,285,318,0,334,328,0,322,329,0,305,329,0,283,345,0,332,353,0,320,351,0,302,350,0,281,372,0,323,375,0,312,372,0,295,372,0,277,395,0,314,393,0,303,389,0,287,390,0, STRESSED
358,286,0,343,246,0,315,228,0,289,230,0,274,245,0,285,216,0,252,224,0,259,234,0,273,237,0,276,240,0,249,247,0,258,254,0,273,255,0,274,265,0,255,271,0,265,274,0,277,274,0,276,289,0,263,289,0,274,291,0,285,290,0, STRESSED
218,362,0,237,325,0,268,302,0,296,298,0,313,307,0,288,314,0,336,325,0,324,324,0,306,322,0,287,342,0,335,349,0,323,345,0,305,345,0,284,368,0,326,371,0,315,367,0,298,367,0,280,391,0,317,389,0,307,385,0,292,386,0, STRESSED
359,283,0,345,243,0,319,226,0,293,228,0,277,242,0,288,213,0,256,220,0,262,230,0,275,234,0,280,237,0,251,245,0,260,251,0,274,251,0,277,262,0,258,268,0,268,271,0,280,270,0,279,285,0,267,285,0,277,287,0,288,287,0, STRESSED
224,356,0,248,322,0,284,307,0,318,311,0,340,323,0,294,312,0,341,322,0,330,322,0,313,321,0,291,338,0,340,346,0,329,342,0,311,342,0,288,364,0,332,367,0,321,363,0,304,363,0,285,387,0,321,387,0,312,381,0,297,381,0, STRESSED
361,280,0,349,241,0,325,222,0,298,223,0,281,232,0,293,212,0,262,219,0,269,228,0,281,231,0,285,235,0,258,242,0,267,248,0,280,248,0,283,260,0,264,265,0,273,268,0,285,268,0,285,283,0,271,283,0,280,285,0,291,284,0, STRESSED
204,361,0,226,325,0,264,309,0,300,312,0,322,324,0,269,314,0,317,324,0,306,324,0,289,324,0,267,342,0,317,348,0,305,345,0,287,345,0,265,367,0,309,369,0,298,366,0,281,366,0,263,390,0,300,389,0,291,385,0,276,386,0, STRESSED
341,280,0,328,243,0,304,223,0,280,223,0,265,234,0,269,216,0,242,220,0,246,230,0,257,235,0,260,238,0,236,245,0,245,251,0,258,253,0,258,262,0,244,268,0,254,271,0,266,271,0,261,285,0,252,287,0,262,289,0,273,287,0, STRESSED
191,367,0,209,330,0,245,311,0,277,312,0,297,324,0,254,322,0,303,330,0,293,328,0,276,327,0,252,349,0,304,353,0,293,348,0,275,348,0,250,374,0,296,375,0,286,369,0,269,369,0,248,395,0,287,394,0,279,388,0,264,388,0, STRESSED
331,289,0,316,250,0,290,231,0,265,233,0,249,245,0,256,221,0,229,225,0,234,235,0,245,241,0,246,243,0,228,249,0,238,255,0,251,257,0,243,268,0,237,271,0,248,274,0,260,275,0,245,291,0,243,290,0,255,292,0,267,293,0, STRESSED
171,385,0,188,348,0,224,330,0,256,334,0,275,346,0,224,341,0,279,350,0,268,346,0,250,345,0,221,369,0,277,371,0,266,364,0,247,365,0,220,394,0,268,393,0,258,385,0,241,385,0,219,416,0,260,412,0,252,405,0,238,406,0, STRESSED
304,304,0,286,264,0,262,247,0,237,254,0,225,270,0,231,242,0,206,240,0,207,248,0,214,256,0,218,265,0,202,267,0,212,272,0,224,276,0,215,290,0,207,289,0,218,291,0,231,294,0,217,313,0,213,309,0,224,310,0,235,311,0, STRESSED
182,382,0,199,345,0,234,328,0,264,334,0,282,351,0,234,339,0,291,347,0,280,345,0,263,343,0,232,367,0,289,369,0,279,364,0,261,364,0,230,391,0,281,390,0,271,383,0,254,383,0,229,412,0,271,408,0,264,402,0,249,402,0, STRESSED
316,302,0,296,260,0,270,243,0,246,248,0,234,263,0,241,239,0,220,245,0,232,252,0,246,255,0,231,262,0,225,269,0,237,275,0,250,276,0,230,287,0,229,289,0,240,292,0,252,293,0,233,309,0,232,307,0,243,308,0,253,309,0, STRESSED
188,381,0,206,345,0,240,328,0,270,333,0,287,348,0,244,340,0,297,350,0,290,347,0,275,346,0,241,367,0,296,372,0,286,365,0,269,365,0,239,391,0,288,392,0,278,384,0,262,383,0,237,411,0,278,409,0,271,402,0,257,402,0, STRESSED
323,304,0,304,261,0,278,245,0,254,247,0,242,260,0,250,242,0,229,243,0,241,249,0,254,253,0,240,265,0,232,266,0,244,270,0,256,273,0,238,290,0,236,286,0,247,289,0,258,292,0,241,312,0,239,305,0,249,306,0,259,308,0, STRESSED
202,376,0,216,340,0,248,320,0,274,319,0,289,330,0,261,335,0,313,345,0,302,342,0,283,340,0,258,362,0,312,366,0,301,360,0,283,360,0,255,386,0,304,387,0,294,380,0,278,379,0,251,406,0,292,404,0,285,397,0,271,397,0, STRESSED
339,300,0,322,261,0,296,244,0,271,244,0,256,257,0,270,235,0,243,240,0,252,248,0,265,251,0,261,258,0,240,261,0,250,266,0,264,268,0,258,282,0,247,281,0,256,284,0,268,286,0,260,304,0,252,300,0,262,301,0,273,303,0, STRESSED
211,370,0,228,334,0,260,313,0,284,310,0,297,319,0,275,328,0,326,338,0,313,335,0,295,332,0,272,355,0,324,361,0,312,354,0,295,354,0,269,380,0,314,382,0,304,375,0,288,374,0,264,400,0,303,399,0,296,392,0,281,392,0, STRESSED
349,295,0,332,255,0,306,239,0,282,241,0,268,254,0,281,231,0,253,236,0,261,243,0,273,245,0,273,253,0,251,257,0,260,262,0,272,263,0,271,277,0,255,277,0,264,280,0,275,281,0,273,298,0,263,295,0,272,296,0,282,296,0, STRESSED
257,373,0,283,341,0,317,334,0,345,341,0,361,354,0,331,340,0,371,350,0,359,348,0,344,347,0,328,365,0,368,372,0,357,367,0,342,366,0,323,388,0,357,392,0,348,387,0,334,385,0,316,407,0,345,408,0,338,402,0,326,400,0, STRESSED
391,308,0,380,273,0,359,254,0,334,253,0,319,265,0,334,247,0,306,249,0,311,256,0,323,260,0,325,269,0,299,268,0,307,274,0,319,276,0,320,291,0,300,288,0,308,291,0,318,293,0,320,312,0,304,307,0,311,308,0,320,309,0, STRESSED
281,396,0,303,360,0,336,346,0,365,352,0,382,364,0,345,355,0,383,361,0,373,360,0,358,359,0,348,378,0,382,380,0,374,377,0,361,378,0,348,400,0,378,398,0,370,395,0,357,396,0,347,420,0,370,414,0,363,412,0,353,413,0, STRESSED
411,319,0,399,282,0,377,261,0,351,258,0,335,269,0,358,257,0,322,255,0,328,263,0,342,266,0,349,282,0,317,278,0,325,283,0,338,285,0,344,306,0,322,301,0,329,303,0,340,304,0,342,327,0,326,318,0,334,319,0,343,320,0, STRESSED
294,408,0,310,371,0,335,350,0,355,349,0,361,361,0,361,373,0,394,369,0,385,366,0,371,367,0,367,396,0,396,386,0,388,382,0,375,383,0,368,417,0,392,404,0,386,400,0,374,401,0,366,433,0,387,423,0,381,417,0,371,418,0, STRESSED
432,339,0,423,300,0,403,274,0,376,257,0,356,257,0,375,273,0,342,266,0,349,275,0,362,281,0,365,295,0,335,290,0,343,294,0,354,298,0,359,318,0,339,313,0,347,315,0,358,319,0,358,340,0,342,334,0,350,335,0,359,337,0, STRESSED
296,406,0,314,369,0,342,350,0,366,353,0,371,369,0,365,375,0,401,371,0,396,367,0,385,366,0,369,400,0,403,390,0,396,383,0,384,383,0,369,421,0,396,409,0,391,401,0,379,401,0,366,437,0,387,427,0,384,420,0,375,418,0, STRESSED
439,340,0,429,301,0,408,275,0,381,257,0,361,258,0,385,273,0,348,267,0,355,276,0,367,282,0,375,295,0,340,290,0,346,295,0,359,298,0,369,319,0,345,313,0,353,314,0,364,317,0,367,341,0,351,332,0,358,333,0,368,334,0, STRESSED
299,398,0,319,362,0,346,343,0,369,344,0,376,357,0,370,368,0,406,367,0,397,364,0,384,363,0,373,394,0,406,387,0,397,381,0,384,381,0,371,416,0,397,406,0,390,400,0,378,400,0,367,433,0,388,425,0,383,419,0,372,418,0, STRESSED
443,338,0,432,298,0,411,272,0,384,256,0,362,259,0,389,269,0,353,263,0,360,273,0,373,279,0,379,291,0,344,286,0,351,292,0,364,295,0,373,315,0,349,309,0,358,312,0,370,314,0,372,337,0,355,329,0,364,331,0,374,333,0, STRESSED
317,400,0,336,362,0,366,343,0,394,346,0,406,360,0,393,365,0,427,363,0,416,359,0,403,360,0,398,390,0,426,381,0,417,375,0,404,376,0,399,411,0,422,397,0,413,392,0,401,393,0,397,427,0,415,413,0,408,409,0,398,409,0, STRESSED
460,332,0,451,295,0,427,266,0,399,252,0,379,256,0,411,264,0,374,261,0,381,270,0,394,274,0,403,287,0,366,283,0,373,291,0,387,294,0,397,311,0,370,308,0,379,312,0,391,314,0,395,334,0,377,328,0,386,331,0,395,332,0, STRESSED
338,401,0,356,365,0,384,344,0,408,341,0,417,350,0,418,365,0,448,366,0,439,363,0,426,363,0,421,391,0,449,385,0,440,380,0,428,380,0,419,413,0,443,405,0,436,399,0,424,399,0,414,430,0,435,423,0,430,417,0,419,416,0, STRESSED
483,335,0,474,299,0,452,271,0,427,254,0,406,248,0,437,265,0,397,261,0,402,271,0,417,277,0,429,287,0,388,283,0,395,292,0,409,295,0,422,310,0,392,310,0,401,315,0,414,316,0,419,333,0,398,329,0,407,333,0,417,333,0, STRESSED
354,395,0,372,358,0,398,334,0,421,331,0,428,342,0,434,360,0,462,358,0,451,355,0,437,357,0,438,386,0,461,377,0,451,372,0,437,374,0,437,408,0,456,395,0,447,391,0,434,392,0,432,425,0,450,413,0,442,409,0,431,409,0, STRESSED
500,330,0,493,292,0,469,262,0,440,247,0,417,243,0,457,258,0,413,253,0,419,264,0,434,269,0,448,282,0,405,277,0,414,285,0,428,288,0,441,306,0,407,301,0,417,307,0,430,309,0,437,329,0,414,322,0,423,326,0,433,328,0, STRESSED
369,389,0,388,351,0,417,330,0,443,332,0,453,349,0,451,353,0,479,353,0,468,350,0,455,352,0,455,379,0,477,372,0,468,368,0,455,369,0,454,401,0,474,390,0,466,386,0,453,386,0,449,419,0,468,408,0,460,403,0,449,403,0, STRESSED
521,328,0,517,288,0,491,259,0,458,245,0,434,245,0,479,253,0,432,248,0,436,260,0,449,267,0,469,277,0,422,272,0,429,281,0,443,285,0,460,300,0,424,297,0,434,302,0,447,304,0,455,322,0,430,317,0,439,321,0,449,322,0, STRESSED
375,388,0,395,349,0,423,325,0,450,324,0,462,337,0,460,353,0,489,350,0,479,346,0,466,347,0,464,380,0,488,369,0,478,363,0,466,363,0,462,403,0,481,388,0,473,382,0,461,382,0,456,420,0,473,407,0,466,400,0,455,400,0, STRESSED
527,323,0,523,284,0,496,255,0,464,241,0,441,243,0,489,249,0,442,245,0,447,256,0,461,262,0,480,272,0,432,269,0,440,277,0,455,280,0,473,296,0,434,294,0,444,299,0,458,300,0,468,318,0,440,314,0,449,317,0,460,318,0, STRESSED
393,378,0,409,339,0,435,316,0,457,313,0,464,324,0,477,339,0,502,337,0,491,335,0,478,337,0,483,367,0,501,358,0,490,353,0,477,355,0,482,392,0,495,378,0,486,373,0,473,374,0,478,411,0,489,398,0,481,392,0,470,392,0, STRESSED
538,310,0,532,274,0,506,245,0,474,234,0,451,237,0,505,234,0,454,229,0,458,243,0,471,249,0,497,257,0,446,255,0,454,265,0,469,267,0,489,281,0,448,281,0,459,288,0,473,289,0,483,304,0,453,302,0,463,307,0,474,308,0, STRESSED
397,365,0,416,325,0,441,301,0,464,298,0,474,310,0,485,318,0,511,322,0,497,324,0,484,324,0,491,347,0,511,346,0,498,345,0,484,346,0,489,374,0,500,369,0,489,368,0,475,368,0,483,396,0,494,391,0,484,387,0,472,386,0, STRESSED
544,292,0,536,256,0,511,230,0,478,224,0,454,230,0,511,213,0,458,210,0,457,226,0,468,233,0,504,236,0,448,237,0,452,249,0,467,252,0,496,261,0,449,264,0,459,272,0,475,272,0,490,284,0,457,286,0,466,291,0,479,290,0, STRESSED
389,366,0,409,327,0,435,304,0,455,300,0,460,312,0,480,322,0,507,326,0,495,328,0,482,329,0,485,351,0,506,350,0,495,349,0,481,349,0,482,378,0,495,373,0,485,371,0,471,371,0,474,400,0,487,395,0,478,391,0,466,389,0, STRESSED
542,297,0,534,261,0,508,233,0,475,225,0,451,228,0,504,216,0,451,212,0,453,227,0,467,233,0,497,240,0,442,240,0,451,250,0,468,252,0,489,265,0,444,265,0,456,272,0,472,273,0,483,289,0,452,286,0,462,291,0,474,292,0, STRESSED
380,374,0,404,329,0,437,308,0,468,315,0,485,332,0,469,323,0,497,321,0,486,322,0,473,325,0,477,352,0,499,345,0,489,344,0,476,346,0,479,379,0,494,368,0,485,366,0,471,367,0,475,401,0,488,389,0,479,387,0,467,388,0, STRESSED
528,287,0,520,248,0,493,217,0,460,205,0,437,208,0,488,210,0,435,207,0,439,219,0,454,226,0,481,236,0,426,234,0,437,242,0,455,245,0,474,263,0,428,260,0,441,266,0,458,268,0,468,289,0,438,286,0,448,289,0,460,290,0, STRESSED
361,377,0,390,342,0,424,334,0,453,343,0,467,360,0,464,335,0,496,348,0,486,354,0,475,355,0,466,365,0,495,376,0,485,377,0,471,376,0,462,395,0,482,401,0,472,400,0,458,398,0,453,420,0,470,423,0,461,420,0,449,418,0, STRESSED
488,285,0,469,249,0,433,226,0,397,217,0,371,216,0,425,219,0,373,231,0,384,240,0,400,241,0,422,248,0,370,258,0,384,264,0,401,263,0,419,277,0,379,286,0,394,287,0,409,285,0,419,303,0,397,307,0,409,307,0,420,303,0, STRESSED
349,382,0,379,343,0,413,332,0,444,338,0,462,354,0,446,336,0,482,341,0,473,346,0,461,349,0,450,366,0,485,370,0,476,371,0,461,372,0,448,395,0,474,396,0,465,395,0,451,394,0,442,419,0,464,418,0,456,416,0,444,414,0, STRESSED
475,283,0,457,247,0,423,224,0,390,216,0,365,220,0,413,221,0,362,231,0,371,240,0,388,241,0,410,250,0,359,259,0,371,264,0,388,262,0,409,279,0,371,286,0,384,287,0,400,285,0,410,305,0,387,308,0,398,307,0,409,304,0, STRESSED
334,388,0,364,349,0,402,339,0,437,348,0,457,366,0,431,345,0,467,345,0,455,347,0,442,349,0,433,376,0,469,374,0,458,372,0,443,373,0,429,404,0,458,400,0,449,396,0,435,395,0,422,427,0,448,421,0,440,416,0,427,416,0, STRESSED
464,290,0,446,252,0,413,234,0,384,236,0,365,251,0,396,225,0,347,231,0,354,243,0,371,246,0,391,255,0,342,262,0,352,268,0,370,267,0,389,284,0,354,290,0,367,292,0,382,289,0,391,311,0,371,313,0,382,312,0,393,308,0, STRESSED
322,386,0,352,347,0,389,336,0,422,344,0,440,364,0,418,338,0,457,346,0,446,351,0,433,352,0,420,369,0,458,377,0,447,377,0,431,376,0,417,400,0,445,404,0,435,402,0,419,400,0,409,425,0,434,426,0,424,422,0,410,420,0, STRESSED
456,291,0,436,252,0,404,234,0,377,238,0,360,255,0,385,224,0,337,231,0,345,242,0,362,245,0,380,253,0,334,262,0,345,268,0,362,266,0,379,282,0,347,289,0,360,291,0,375,288,0,381,308,0,364,311,0,376,310,0,388,306,0, STRESSED
306,384,0,338,346,0,377,336,0,412,345,0,431,365,0,402,337,0,442,345,0,431,350,0,418,350,0,403,368,0,443,376,0,432,375,0,415,373,0,398,398,0,431,405,0,419,401,0,403,399,0,389,424,0,416,426,0,405,422,0,392,420,0, STRESSED
439,287,0,420,249,0,390,229,0,361,228,0,342,243,0,372,222,0,326,231,0,334,240,0,350,241,0,366,251,0,322,259,0,332,264,0,348,263,0,365,279,0,334,287,0,345,288,0,359,285,0,366,305,0,348,308,0,359,307,0,370,304,0, STRESSED
329,397,0,320,348,0,320,304,0,310,260,0,298,226,0,396,305,0,437,266,0,464,243,0,485,227,0,418,325,0,463,280,0,486,253,0,504,233,0,429,342,0,464,300,0,486,274,0,500,254,0,431,352,0,456,317,0,470,295,0,481,279,0,HAPPY
326,397,0,317,348,0,317,303,0,309,260,0,298,226,0,390,306,0,432,266,0,459,244,0,481,227,0,413,325,0,459,281,0,483,255,0,503,235,0,424,342,0,460,300,0,482,275,0,497,256,0,427,352,0,453,318,0,467,297,0,478,280,0,HAPPY
302,412,0,289,367,0,286,326,0,281,287,0,278,257,0,362,322,0,403,283,0,428,261,0,450,243,0,386,340,0,430,295,0,456,268,0,477,247,0,398,355,0,435,316,0,459,290,0,477,272,0,401,364,0,430,331,0,448,310,0,462,294,0,HAPPY
265,414,0,249,369,0,244,324,0,234,280,0,225,248,0,320,317,0,350,277,0,372,255,0,391,239,0,349,331,0,386,288,0,410,260,0,430,240,0,364,347,0,399,309,0,422,285,0,439,267,0,370,358,0,399,326,0,414,306,0,426,290,0,HAPPY
247,410,0,225,367,0,218,323,0,208,280,0,195,247,0,287,316,0,313,278,0,332,253,0,350,234,0,318,328,0,352,285,0,375,255,0,395,232,0,337,342,0,371,305,0,394,280,0,410,260,0,347,352,0,374,321,0,388,301,0,400,283,0,HAPPY
226,413,0,204,370,0,197,324,0,191,281,0,179,249,0,256,322,0,283,285,0,302,260,0,319,241,0,288,333,0,323,291,0,345,262,0,365,240,0,308,346,0,345,308,0,367,283,0,385,263,0,321,357,0,348,329,0,364,310,0,376,295,0,HAPPY
220,417,0,198,374,0,188,328,0,180,287,0,167,255,0,244,327,0,270,288,0,287,263,0,304,243,0,275,340,0,309,296,0,331,265,0,351,240,0,295,353,0,329,314,0,352,286,0,369,265,0,306,364,0,334,332,0,350,312,0,363,295,0,HAPPY
197,418,0,177,374,0,169,326,0,162,285,0,149,254,0,219,329,0,242,289,0,259,262,0,276,241,0,250,342,0,285,298,0,308,266,0,327,241,0,271,357,0,307,316,0,330,288,0,348,265,0,284,369,0,313,336,0,331,315,0,345,297,0,HAPPY
211,405,0,248,404,0,277,379,0,292,350,0,294,325,0,285,365,0,304,328,0,314,305,0,324,286,0,276,350,0,304,303,0,322,274,0,339,251,0,258,334,0,292,294,0,318,268,0,340,247,0,233,320,0,260,289,0,277,268,0,294,251,0,HAPPY
174,416,0,154,371,0,146,324,0,140,284,0,128,254,0,193,328,0,214,286,0,230,259,0,246,237,0,224,339,0,257,291,0,280,259,0,298,234,0,247,353,0,282,311,0,305,283,0,323,261,0,261,366,0,289,333,0,307,314,0,321,298,0,HAPPY
160,417,0,139,373,0,132,326,0,127,286,0,116,257,0,177,325,0,195,282,0,209,256,0,222,235,0,208,336,0,237,290,0,257,260,0,274,235,0,232,351,0,266,310,0,288,283,0,305,261,0,248,364,0,275,331,0,292,310,0,305,293,0,HAPPY
145,419,0,123,374,0,116,327,0,113,286,0,102,256,0,156,328,0,170,284,0,180,255,0,191,230,0,188,338,0,216,292,0,235,257,0,252,229,0,212,352,0,245,311,0,266,280,0,283,256,0,230,364,0,258,330,0,274,308,0,288,288,0,HAPPY
136,416,0,112,372,0,105,325,0,102,285,0,91,255,0,143,322,0,156,281,0,165,253,0,174,228,0,175,334,0,202,289,0,218,256,0,232,228,0,201,348,0,232,308,0,252,279,0,267,255,0,219,362,0,244,328,0,259,308,0,271,290,0,HAPPY
120,415,0,99,369,0,90,321,0,85,280,0,74,251,0,121,323,0,129,281,0,137,252,0,146,227,0,153,335,0,177,289,0,192,253,0,205,222,0,180,349,0,212,309,0,231,279,0,246,254,0,201,362,0,230,325,0,248,302,0,264,280,0,HAPPY
123,422,0,99,376,0,88,331,0,68,292,0,48,262,0,167,330,0,198,298,0,224,276,0,249,262,0,195,344,0,238,308,0,266,279,0,290,256,0,210,355,0,247,321,0,273,294,0,294,273,0,213,361,0,239,330,0,256,310,0,271,292,0,HAPPY
66,436,0,51,389,0,47,340,0,28,296,0,10,265,0,135,337,0,175,303,0,201,285,0,225,272,0,159,353,0,212,316,0,243,292,0,267,274,0,168,368,0,204,331,0,223,304,0,237,285,0,167,376,0,188,339,0,199,317,0,209,301,0,HAPPY
53,424,0,33,378,0,27,324,0,13,280,0,-3,251,0,110,313,0,142,276,0,166,256,0,187,243,0,140,331,0,188,297,0,217,274,0,242,257,0,155,349,0,199,316,0,228,293,0,251,274,0,159,363,0,192,334,0,213,315,0,230,300,0,HAPPY
45,330,0,21,286,0,17,242,0,7,206,0,-2,178,0,90,231,0,119,191,0,143,169,0,166,153,0,120,253,0,168,215,0,200,189,0,228,168,0,135,274,0,181,242,0,213,218,0,237,199,0,138,291,0,174,262,0,193,244,0,209,230,0,HAPPY
117,339,0,94,287,0,88,235,0,74,190,0,58,161,0,170,232,0,207,192,0,233,168,0,256,152,0,201,251,0,252,213,0,282,186,0,308,164,0,217,269,0,261,233,0,289,208,0,310,187,0,221,281,0,254,250,0,274,231,0,291,214,0,HAPPY
146,342,0,124,291,0,117,240,0,104,196,0,89,164,0,199,239,0,237,201,0,264,180,0,288,165,0,230,259,0,280,222,0,311,197,0,338,176,0,245,275,0,287,239,0,313,214,0,333,193,0,249,284,0,279,251,0,298,230,0,315,213,0,HAPPY
174,336,0,153,281,0,150,232,0,136,189,0,122,156,0,237,231,0,278,190,0,305,167,0,329,153,0,263,250,0,316,213,0,347,188,0,371,169,0,275,269,0,314,236,0,337,211,0,355,191,0,274,280,0,297,250,0,308,232,0,317,218,0,HAPPY
192,337,0,172,285,0,166,237,0,152,194,0,141,160,0,253,237,0,293,195,0,321,173,0,346,157,0,280,255,0,329,217,0,359,193,0,384,174,0,292,270,0,333,235,0,361,211,0,383,192,0,294,276,0,325,244,0,346,225,0,365,209,0,HAPPY
215,344,0,195,293,0,193,245,0,182,201,0,169,167,0,284,242,0,325,202,0,353,180,0,378,164,0,308,263,0,356,224,0,387,201,0,412,183,0,316,281,0,355,245,0,379,221,0,397,202,0,315,289,0,342,256,0,359,236,0,372,220,0,HAPPY
225,346,0,209,295,0,208,247,0,198,202,0,186,169,0,297,249,0,340,211,0,369,191,0,395,176,0,319,269,0,369,231,0,401,208,0,427,190,0,328,286,0,372,254,0,400,232,0,422,215,0,328,296,0,363,268,0,385,251,0,405,237,0,HAPPY
238,344,0,222,291,0,223,243,0,213,199,0,203,165,0,314,245,0,358,206,0,386,186,0,410,170,0,336,266,0,387,229,0,418,206,0,442,189,0,342,286,0,385,255,0,413,234,0,434,218,0,339,297,0,370,272,0,388,256,0,405,244,0,HAPPY
259,341,0,244,291,0,245,243,0,236,195,0,225,159,0,334,240,0,381,201,0,411,181,0,437,166,0,355,260,0,408,223,0,438,201,0,461,185,0,363,276,0,406,245,0,433,226,0,452,210,0,362,284,0,394,258,0,412,244,0,429,233,0,HAPPY
287,330,0,270,282,0,270,234,0,261,189,0,251,156,0,353,235,0,402,197,0,432,175,0,458,160,0,376,254,0,428,216,0,458,193,0,480,175,0,385,269,0,428,239,0,451,218,0,467,200,0,385,277,0,418,253,0,435,239,0,450,227,0,HAPPY
306,330,0,293,281,0,293,234,0,283,190,0,272,158,0,379,231,0,427,195,0,458,176,0,483,161,0,400,250,0,449,216,0,477,194,0,499,177,0,408,266,0,448,236,0,470,214,0,484,197,0,407,275,0,437,250,0,452,233,0,463,218,0,HAPPY
328,331,0,317,281,0,319,233,0,309,189,0,297,155,0,399,235,0,449,199,0,479,178,0,505,162,0,420,254,0,470,217,0,498,194,0,519,176,0,429,270,0,467,238,0,490,215,0,506,198,0,428,276,0,454,251,0,467,233,0,477,220,0,HAPPY
349,327,0,335,278,0,337,230,0,329,185,0,321,150,0,421,234,0,470,198,0,500,177,0,525,162,0,440,253,0,489,214,0,516,190,0,536,173,0,448,268,0,484,232,0,507,208,0,523,190,0,447,274,0,472,244,0,486,225,0,498,211,0,HAPPY
368,327,0,354,277,0,357,231,0,350,186,0,343,150,0,446,233,0,494,194,0,524,174,0,549,161,0,463,251,0,509,210,0,537,187,0,556,171,0,467,265,0,500,229,0,522,208,0,539,191,0,464,271,0,487,241,0,501,224,0,513,211,0,HAPPY
398,335,0,384,288,0,385,241,0,375,195,0,367,158,0,475,243,0,523,206,0,553,186,0,580,171,0,493,259,0,539,218,0,566,193,0,585,176,0,499,269,0,533,232,0,557,209,0,575,191,0,497,271,0,522,239,0,538,221,0,552,207,0,HAPPY
393,375,0,380,330,0,381,284,0,368,240,0,356,207,0,470,284,0,517,246,0,548,226,0,573,212,0,488,299,0,534,257,0,560,232,0,579,214,0,494,309,0,529,271,0,553,248,0,571,230,0,492,311,0,520,279,0,538,260,0,553,246,0,HAPPY
389,398,0,375,355,0,376,309,0,364,264,0,356,229,0,467,304,0,515,267,0,546,248,0,571,234,0,483,317,0,531,279,0,557,256,0,576,238,0,489,328,0,525,292,0,548,270,0,565,253,0,486,330,0,514,300,0,530,283,0,543,270,0,HAPPY
371,437,0,356,398,0,353,351,0,341,305,0,334,269,0,442,348,0,495,314,0,529,293,0,556,278,0,460,358,0,509,320,0,537,294,0,558,273,0,467,363,0,503,327,0,527,304,0,543,284,0,466,360,0,492,329,0,509,312,0,522,297,0,HAPPY
357,459,0,340,418,0,336,376,0,325,338,0,318,307,0,424,379,0,472,349,0,504,330,0,528,315,0,439,392,0,485,359,0,512,335,0,531,316,0,446,401,0,482,368,0,504,346,0,521,328,0,447,402,0,474,374,0,491,357,0,505,343,0,HAPPY
278,449,0,263,407,0,260,368,0,248,332,0,236,303,0,332,384,0,380,357,0,412,340,0,439,329,0,351,395,0,401,361,0,431,338,0,454,319,0,360,403,0,395,371,0,420,347,0,439,329,0,360,401,0,384,375,0,400,358,0,415,344,0,HAPPY
285,444,0,269,402,0,264,360,0,251,318,0,240,288,0,340,361,0,373,320,0,396,298,0,415,282,0,361,376,0,397,330,0,419,303,0,438,284,0,372,391,0,404,351,0,426,329,0,443,312,0,375,401,0,404,377,0,422,364,0,437,354,0,HAPPY
284,432,0,268,390,0,262,349,0,252,309,0,242,281,0,341,348,0,372,307,0,393,284,0,411,269,0,363,361,0,398,315,0,419,289,0,437,271,0,374,375,0,405,338,0,425,316,0,440,300,0,375,386,0,402,364,0,417,349,0,430,338,0,HAPPY
278,385,0,264,341,0,260,298,0,244,257,0,230,229,0,334,291,0,365,249,0,386,226,0,405,209,0,357,303,0,393,259,0,417,233,0,437,215,0,370,320,0,403,284,0,425,264,0,441,249,0,374,336,0,401,312,0,414,301,0,425,295,0,HAPPY
282,350,0,266,306,0,261,264,0,247,225,0,232,198,0,337,251,0,367,209,0,388,184,0,407,167,0,359,264,0,395,221,0,419,196,0,440,179,0,371,282,0,404,248,0,428,230,0,446,216,0,374,300,0,401,281,0,416,271,0,430,264,0,HAPPY
255,342,0,241,298,0,234,257,0,222,222,0,207,198,0,305,240,0,336,199,0,357,177,0,377,161,0,328,253,0,362,209,0,387,185,0,409,169,0,342,271,0,379,237,0,403,220,0,421,209,0,350,290,0,384,271,0,402,264,0,416,260,0,HAPPY
228,338,0,208,293,0,201,252,0,186,216,0,169,192,0,264,237,0,288,190,0,304,164,0,318,144,0,291,248,0,323,201,0,345,173,0,363,153,0,308,266,0,340,230,0,363,209,0,380,193,0,316,284,0,344,266,0,361,255,0,376,247,0,HAPPY
193,338,0,170,296,0,160,255,0,147,221,0,130,198,0,219,233,0,237,185,0,250,157,0,262,135,0,247,244,0,276,196,0,296,166,0,311,143,0,266,262,0,297,225,0,319,202,0,334,184,0,277,281,0,306,262,0,325,250,0,340,240,0,HAPPY
174,338,0,149,297,0,137,257,0,125,222,0,108,200,0,191,233,0,206,186,0,216,157,0,226,134,0,221,242,0,247,191,0,265,159,0,279,135,0,243,258,0,274,219,0,296,195,0,311,177,0,256,276,0,286,256,0,305,243,0,320,233,0,HAPPY
171,337,0,145,297,0,133,256,0,121,222,0,104,200,0,187,232,0,200,184,0,209,155,0,219,132,0,216,241,0,242,191,0,259,159,0,273,134,0,237,257,0,269,218,0,290,194,0,306,175,0,251,276,0,282,256,0,301,243,0,317,232,0,HAPPY
251,386,0,231,348,0,221,307,0,211,268,0,200,238,0,284,315,0,318,293,0,344,281,0,370,273,0,311,328,0,352,298,0,381,276,0,408,260,0,326,336,0,360,306,0,387,283,0,409,266,0,332,340,0,357,314,0,375,297,0,393,282,0,HAPPY
250,386,0,230,346,0,221,305,0,210,267,0,203,237,0,283,314,0,318,290,0,344,277,0,369,268,0,310,329,0,354,299,0,383,277,0,409,259,0,325,339,0,360,308,0,386,285,0,406,268,0,330,344,0,354,317,0,370,300,0,385,285,0,HAPPY
247,389,0,225,350,0,217,308,0,208,269,0,198,239,0,280,314,0,311,292,0,336,277,0,359,268,0,307,329,0,349,300,0,377,279,0,402,261,0,322,340,0,356,309,0,381,287,0,401,271,0,326,344,0,351,317,0,367,299,0,382,284,0,HAPPY
239,390,0,216,351,0,206,309,0,196,272,0,185,243,0,265,313,0,297,291,0,322,277,0,344,268,0,294,329,0,336,301,0,363,279,0,386,262,0,309,340,0,346,310,0,369,287,0,388,269,0,314,345,0,340,317,0,356,297,0,370,280,0,HAPPY
231,393,0,208,355,0,197,313,0,189,276,0,178,246,0,250,318,0,284,296,0,310,281,0,334,272,0,280,334,0,324,303,0,353,281,0,377,264,0,297,344,0,335,312,0,358,288,0,376,270,0,305,348,0,329,321,0,344,301,0,357,284,0,HAPPY
216,396,0,193,360,0,180,317,0,170,280,0,158,252,0,231,322,0,262,297,0,286,282,0,308,273,0,260,337,0,302,308,0,331,287,0,354,271,0,279,347,0,314,316,0,336,294,0,354,276,0,289,352,0,314,324,0,329,305,0,342,288,0,HAPPY
207,394,0,186,357,0,172,315,0,161,279,0,150,250,0,222,320,0,250,293,0,273,278,0,295,267,0,250,333,0,293,306,0,320,285,0,345,270,0,269,344,0,306,315,0,329,293,0,349,276,0,279,351,0,306,325,0,322,306,0,336,289,0,HAPPY
204,394,0,179,358,0,166,315,0,155,280,0,144,251,0,215,321,0,241,294,0,264,279,0,287,269,0,246,335,0,288,305,0,316,284,0,341,269,0,265,345,0,302,314,0,326,292,0,346,276,0,275,350,0,300,322,0,315,303,0,328,286,0,HAPPY
197,394,0,173,358,0,160,316,0,149,280,0,137,252,0,209,321,0,237,295,0,260,279,0,282,269,0,239,335,0,281,304,0,310,283,0,334,267,0,258,345,0,296,313,0,320,291,0,341,274,0,268,351,0,294,322,0,310,303,0,322,286,0,HAPPY
192,398,0,165,364,0,150,322,0,140,286,0,128,258,0,197,328,0,221,305,0,243,288,0,265,275,0,229,341,0,269,312,0,297,289,0,321,272,0,249,351,0,286,318,0,309,295,0,329,276,0,260,356,0,287,328,0,302,308,0,314,290,0,HAPPY
185,395,0,158,363,0,141,322,0,129,287,0,116,261,0,190,327,0,211,303,0,231,286,0,252,272,0,220,338,0,256,308,0,282,287,0,306,270,0,241,346,0,274,315,0,296,293,0,317,274,0,253,351,0,278,323,0,294,303,0,309,285,0,HAPPY
173,400,0,146,367,0,130,325,0,118,290,0,105,263,0,178,328,0,208,302,0,232,283,0,255,270,0,208,340,0,244,308,0,269,287,0,292,270,0,229,348,0,263,315,0,285,294,0,304,277,0,242,354,0,267,323,0,284,303,0,298,285,0,HAPPY
171,396,0,142,367,0,124,326,0,112,290,0,97,264,0,169,330,0,188,306,0,206,288,0,225,274,0,200,338,0,230,307,0,253,284,0,274,267,0,223,344,0,253,312,0,273,290,0,292,272,0,238,348,0,263,319,0,280,298,0,296,280,0,HAPPY
162,388,0,134,360,0,114,319,0,100,283,0,84,256,0,157,322,0,171,297,0,187,279,0,205,264,0,189,329,0,221,299,0,243,276,0,265,259,0,213,336,0,244,306,0,265,284,0,285,265,0,228,342,0,250,316,0,265,298,0,278,282,0,HAPPY
271,390,0,250,348,0,242,304,0,233,265,0,224,234,0,304,312,0,341,286,0,368,271,0,392,261,0,332,329,0,379,299,0,409,278,0,434,261,0,348,341,0,389,310,0,414,288,0,433,271,0,355,347,0,383,320,0,400,302,0,415,287,0,HAPPY
298,394,0,277,356,0,268,314,0,263,279,0,261,253,0,342,318,0,377,295,0,405,284,0,430,276,0,367,333,0,410,305,0,440,287,0,467,272,0,381,344,0,417,315,0,443,295,0,467,281,0,384,350,0,412,324,0,432,308,0,451,294,0,HAPPY
318,389,0,298,353,0,292,317,0,289,283,0,288,257,0,367,314,0,406,293,0,436,281,0,461,274,0,390,331,0,435,303,0,465,285,0,490,271,0,402,343,0,440,315,0,467,296,0,489,282,0,404,349,0,434,322,0,455,307,0,474,295,0,HAPPY
341,387,0,323,350,0,319,311,0,314,273,0,309,242,0,390,319,0,432,294,0,464,280,0,491,271,0,413,334,0,460,304,0,491,283,0,517,267,0,425,345,0,463,313,0,491,292,0,513,276,0,428,347,0,458,319,0,477,303,0,496,290,0,HAPPY
373,376,0,356,335,0,356,297,0,351,259,0,349,228,0,435,302,0,483,279,0,518,266,0,548,259,0,454,318,0,505,289,0,538,270,0,564,256,0,463,330,0,503,300,0,530,280,0,553,267,0,464,333,0,493,304,0,513,289,0,531,279,0,HAPPY
391,370,0,376,332,0,375,294,0,372,257,0,373,226,0,451,302,0,496,279,0,530,267,0,559,262,0,471,316,0,516,285,0,549,267,0,576,253,0,480,325,0,516,295,0,543,277,0,566,263,0,482,326,0,509,299,0,528,284,0,546,273,0,HAPPY
408,371,0,391,332,0,390,294,0,388,257,0,390,227,0,465,302,0,515,282,0,550,270,0,579,264,0,486,317,0,536,290,0,569,271,0,594,257,0,497,327,0,535,300,0,561,281,0,581,268,0,499,328,0,525,302,0,543,288,0,559,276,0,HAPPY
434,371,0,419,333,0,420,294,0,421,255,0,421,222,0,496,305,0,550,283,0,589,270,0,622,263,0,517,318,0,568,292,0,604,273,0,633,259,0,526,325,0,566,299,0,596,280,0,619,267,0,528,325,0,559,300,0,580,285,0,599,274,0,HAPPY
444,377,0,429,333,0,434,296,0,437,263,0,439,228,0,518,312,0,568,292,0,604,280,0,634,272,0,535,324,0,582,303,0,614,287,0,637,277,0,541,331,0,576,308,0,600,291,0,617,280,0,542,330,0,569,307,0,586,295,0,601,285,0,HAPPY
452,411,0,439,374,0,445,333,0,448,292,0,449,257,0,526,343,0,570,321,0,601,310,0,626,302,0,541,355,0,582,331,0,606,313,0,621,300,0,546,362,0,577,337,0,597,319,0,611,307,0,545,363,0,569,338,0,584,324,0,595,313,0,HAPPY
444,450,0,434,411,0,440,373,0,442,336,0,442,304,0,516,388,0,570,368,0,608,357,0,638,350,0,531,406,0,582,381,0,613,363,0,637,350,0,538,419,0,576,394,0,602,375,0,622,362,0,538,424,0,567,402,0,585,387,0,601,376,0,HAPPY
439,455,0,425,417,0,429,379,0,431,341,0,431,309,0,508,395,0,563,375,0,601,365,0,634,359,0,525,410,0,579,383,0,616,364,0,647,350,0,534,420,0,575,392,0,606,372,0,630,360,0,536,422,0,566,398,0,587,383,0,605,371,0,HAPPY
393,450,0,370,412,0,367,375,0,362,341,0,361,311,0,439,396,0,487,381,0,525,370,0,558,363,0,464,405,0,516,386,0,553,368,0,583,356,0,478,410,0,519,388,0,548,368,0,573,355,0,485,408,0,515,388,0,535,376,0,555,367,0,HAPPY
360,467,0,339,425,0,334,386,0,327,348,0,322,318,0,416,399,0,456,375,0,486,361,0,512,352,0,441,417,0,489,389,0,521,368,0,548,352,0,452,427,0,493,396,0,520,374,0,542,355,0,455,428,0,485,400,0,505,382,0,523,367,0,HAPPY
354,467,0,334,426,0,329,387,0,322,347,0,317,316,0,407,405,0,448,380,0,479,366,0,505,356,0,432,422,0,486,391,0,522,370,0,551,353,0,445,431,0,490,398,0,523,375,0,548,357,0,448,429,0,481,400,0,503,381,0,523,366,0,HAPPY
337,469,0,314,430,0,309,393,0,300,356,0,293,326,0,386,409,0,424,387,0,452,375,0,477,366,0,411,426,0,461,397,0,494,377,0,521,360,0,423,436,0,467,406,0,497,383,0,521,365,0,427,436,0,459,409,0,481,391,0,499,376,0,HAPPY
326,465,0,300,427,0,292,388,0,284,353,0,277,324,0,370,401,0,404,381,0,435,369,0,461,361,0,396,415,0,444,390,0,478,369,0,506,352,0,410,424,0,450,397,0,478,373,0,501,354,0,414,426,0,443,401,0,462,383,0,479,369,0,HAPPY
308,466,0,281,425,0,273,382,0,264,344,0,255,316,0,349,395,0,379,370,0,406,357,0,430,350,0,379,412,0,425,384,0,455,364,0,480,348,0,393,422,0,434,393,0,462,370,0,484,352,0,396,424,0,426,397,0,444,378,0,461,362,0,HAPPY
285,466,0,261,428,0,252,387,0,242,350,0,235,322,0,331,396,0,362,374,0,388,362,0,410,354,0,357,410,0,404,384,0,436,364,0,465,348,0,369,420,0,412,392,0,441,368,0,467,349,0,371,422,0,400,396,0,419,377,0,436,359,0,HAPPY
258,472,0,233,435,0,222,392,0,211,355,0,202,326,0,292,402,0,320,380,0,345,367,0,368,357,0,323,416,0,369,389,0,401,367,0,430,349,0,339,425,0,381,396,0,411,372,0,437,353,0,344,428,0,375,403,0,397,383,0,418,366,0,HAPPY
244,475,0,219,439,0,206,398,0,195,362,0,183,333,0,271,408,0,295,388,0,316,374,0,337,363,0,302,421,0,348,395,0,379,371,0,407,352,0,319,429,0,359,401,0,388,376,0,411,356,0,324,431,0,352,408,0,371,388,0,387,370,0,HAPPY
230,484,0,202,450,0,192,404,0,181,366,0,166,337,0,256,414,0,279,393,0,299,379,0,318,367,0,285,426,0,327,398,0,356,374,0,382,355,0,303,435,0,342,406,0,369,381,0,392,360,0,311,440,0,340,415,0,361,394,0,381,375,0,HAPPY
222,473,0,192,440,0,179,394,0,167,356,0,151,329,0,238,405,0,256,384,0,274,370,0,294,360,0,271,417,0,311,389,0,340,367,0,369,349,0,292,424,0,330,393,0,358,369,0,383,350,0,302,427,0,332,399,0,353,378,0,372,359,0,HAPPY
207,468,0,178,437,0,165,395,0,152,357,0,139,329,0,223,404,0,240,383,0,259,369,0,280,358,0,256,416,0,293,388,0,320,366,0,348,349,0,276,424,0,313,395,0,341,372,0,367,353,0,286,428,0,316,402,0,337,381,0,356,363,0,HAPPY
198,467,0,168,438,0,152,396,0,137,359,0,124,331,0,206,407,0,222,385,0,241,370,0,262,360,0,239,417,0,278,388,0,305,368,0,333,352,0,261,423,0,300,394,0,327,373,0,351,356,0,273,428,0,303,402,0,322,383,0,340,366,0,HAPPY
190,466,0,162,440,0,147,396,0,134,358,0,120,329,0,201,404,0,217,383,0,234,368,0,252,356,0,233,412,0,266,387,0,289,366,0,313,350,0,256,419,0,291,391,0,315,370,0,338,353,0,270,425,0,300,400,0,320,382,0,340,367,0,HAPPY
174,468,0,143,443,0,129,398,0,117,360,0,102,333,0,180,411,0,191,389,0,207,376,0,224,365,0,213,420,0,249,392,0,276,371,0,302,356,0,236,427,0,272,397,0,297,377,0,322,360,0,250,433,0,280,407,0,301,389,0,321,374,0,HAPPY
150,468,0,123,439,0,108,397,0,95,360,0,76,333,0,155,405,0,164,387,0,171,377,0,180,365,0,183,412,0,199,388,0,209,374,0,220,363,0,208,419,0,234,392,0,253,373,0,271,356,0,227,426,0,256,402,0,276,387,0,295,372,0,HAPPY
129,470,0,101,439,0,88,393,0,75,356,0,60,330,0,132,406,0,140,385,0,149,371,0,162,359,0,165,414,0,190,386,0,209,367,0,229,350,0,191,421,0,219,392,0,240,373,0,260,355,0,209,428,0,237,402,0,257,385,0,276,369,0,HAPPY
107,466,0,75,436,0,60,393,0,48,355,0,33,329,0,104,404,0,105,387,0,109,372,0,115,358,0,137,411,0,161,383,0,179,364,0,197,348,0,163,419,0,191,393,0,212,375,0,233,358,0,182,430,0,208,407,0,225,391,0,241,376,0,HAPPY
180,462,0,159,427,0,149,384,0,135,345,0,122,317,0,215,390,0,248,378,0,276,371,0,301,369,0,241,402,0,283,382,0,313,366,0,340,355,0,259,412,0,295,390,0,322,372,0,346,358,0,268,420,0,298,398,0,320,384,0,340,371,0,HAPPY
206,457,0,187,422,0,179,377,0,167,336,0,151,305,0,245,384,0,295,369,0,336,358,0,371,351,0,269,397,0,321,374,0,358,355,0,389,341,0,286,408,0,328,383,0,358,360,0,381,344,0,294,413,0,326,389,0,347,372,0,367,358,0,HAPPY
246,451,0,220,416,0,211,373,0,202,333,0,194,302,0,288,383,0,333,367,0,370,355,0,403,347,0,314,395,0,364,370,0,401,350,0,433,336,0,329,403,0,370,378,0,399,357,0,423,342,0,335,406,0,366,383,0,387,367,0,407,354,0,HAPPY
263,450,0,238,409,0,231,370,0,226,334,0,223,304,0,310,380,0,352,361,0,386,351,0,416,345,0,335,395,0,383,366,0,420,346,0,452,331,0,348,406,0,388,376,0,418,355,0,443,341,0,353,410,0,383,384,0,403,367,0,424,354,0,HAPPY
273,447,0,258,406,0,254,364,0,244,325,0,243,295,0,330,376,0,381,355,0,415,343,0,443,338,0,349,394,0,399,368,0,429,350,0,453,338,0,359,407,0,397,381,0,424,362,0,444,348,0,363,413,0,392,390,0,411,376,0,428,364,0,HAPPY
311,442,0,292,398,0,289,355,0,284,316,0,280,285,0,365,372,0,415,351,0,454,340,0,487,334,0,389,389,0,445,358,0,482,338,0,513,323,0,402,399,0,443,368,0,474,346,0,498,330,0,404,403,0,434,375,0,454,358,0,471,344,0,HAPPY
310,442,0,294,397,0,292,355,0,284,317,0,279,288,0,369,371,0,419,350,0,456,338,0,487,330,0,392,387,0,447,357,0,483,335,0,513,318,0,404,397,0,446,366,0,477,344,0,502,328,0,406,399,0,437,373,0,458,356,0,477,342,0,HAPPY
328,436,0,314,392,0,315,350,0,310,308,0,307,273,0,400,361,0,452,336,0,488,324,0,517,319,0,417,378,0,470,346,0,501,327,0,526,313,0,425,390,0,466,359,0,492,339,0,513,325,0,426,393,0,457,366,0,476,349,0,493,338,0,HAPPY
367,428,0,351,385,0,350,343,0,345,305,0,339,271,0,429,357,0,484,335,0,520,322,0,549,317,0,448,373,0,502,345,0,533,327,0,556,316,0,458,384,0,499,356,0,524,337,0,542,324,0,461,387,0,492,362,0,510,347,0,525,336,0,HAPPY
393,452,0,381,408,0,384,366,0,381,323,0,378,290,0,473,375,0,520,340,0,550,321,0,576,309,0,493,392,0,546,356,0,578,335,0,605,320,0,500,404,0,542,371,0,571,350,0,594,335,0,498,407,0,530,379,0,549,362,0,567,350,0,HAPPY
412,443,0,401,401,0,405,358,0,402,315,0,400,281,0,491,367,0,547,337,0,584,321,0,613,310,0,509,383,0,563,348,0,596,327,0,621,311,0,517,394,0,560,361,0,589,339,0,612,324,0,517,396,0,549,368,0,571,351,0,589,339,0,HAPPY
394,413,0,379,371,0,380,331,0,372,290,0,366,257,0,471,335,0,517,306,0,548,292,0,575,283,0,491,348,0,537,314,0,566,294,0,590,278,0,499,357,0,536,324,0,562,304,0,583,288,0,499,359,0,527,330,0,545,313,0,561,300,0,HAPPY
390,406,0,373,364,0,373,322,0,366,281,0,363,247,0,460,330,0,509,300,0,542,282,0,569,269,0,480,343,0,531,307,0,561,284,0,585,265,0,489,352,0,528,318,0,554,294,0,574,276,0,490,353,0,519,324,0,536,306,0,551,290,0,HAPPY
360,413,0,343,371,0,339,328,0,332,285,0,325,253,0,420,332,0,468,303,0,503,286,0,533,275,0,443,348,0,493,311,0,525,289,0,552,272,0,455,359,0,495,323,0,524,300,0,546,285,0,457,364,0,488,332,0,508,314,0,527,300,0,HAPPY
349,412,0,333,368,0,332,325,0,321,283,0,314,251,0,420,329,0,462,298,0,492,280,0,518,269,0,441,346,0,486,308,0,516,283,0,540,265,0,449,359,0,488,323,0,514,300,0,535,282,0,449,363,0,479,332,0,498,313,0,516,297,0,HAPPY
329,412,0,308,371,0,303,327,0,295,283,0,289,251,0,386,328,0,424,298,0,455,280,0,482,268,0,412,342,0,457,305,0,487,281,0,514,262,0,425,353,0,462,316,0,489,294,0,510,276,0,429,359,0,459,327,0,478,309,0,495,293,0,HAPPY
305,410,0,287,366,0,280,323,0,274,284,0,272,254,0,368,320,0,402,292,0,430,277,0,453,266,0,394,338,0,437,304,0,466,281,0,492,263,0,407,354,0,446,320,0,472,298,0,494,279,0,410,363,0,442,332,0,463,312,0,481,295,0,HAPPY
288,409,0,263,366,0,251,320,0,243,280,0,237,250,0,332,321,0,365,292,0,391,273,0,415,261,0,363,336,0,407,301,0,437,277,0,463,259,0,379,347,0,418,313,0,445,289,0,467,270,0,384,354,0,414,324,0,434,304,0,451,286,0,HAPPY
282,407,0,251,365,0,239,321,0,231,280,0,220,247,0,318,320,0,347,290,0,373,272,0,397,260,0,350,334,0,395,299,0,424,275,0,450,255,0,368,346,0,407,311,0,433,285,0,454,265,0,374,353,0,402,322,0,420,301,0,436,282,0,HAPPY
249,421,0,222,379,0,209,334,0,197,293,0,183,262,0,280,330,0,313,300,0,338,283,0,361,271,0,313,345,0,356,308,0,385,283,0,410,263,0,330,359,0,369,323,0,396,299,0,418,280,0,337,367,0,364,336,0,382,315,0,397,298,0,HAPPY
144,464,0,140,454,0,131,448,0,124,447,0,120,445,0,117,455,0,104,459,0,97,463,0,91,468,0,116,462,0,103,466,0,95,470,0,89,474,0,116,469,0,103,472,0,96,475,0,90,478,0,116,474,0,106,476,0,98,478,0,93,480,0,HAPPY
241,423,0,213,383,0,200,336,0,186,296,0,171,266,0,268,337,0,292,307,0,313,290,0,335,277,0,301,349,0,341,312,0,368,286,0,393,265,0,320,359,0,358,323,0,384,298,0,406,278,0,328,367,0,358,335,0,377,314,0,393,296,0,HAPPY
223,428,0,194,390,0,179,346,0,165,307,0,150,277,0,241,345,0,268,315,0,292,296,0,315,283,0,274,357,0,314,321,0,341,297,0,366,279,0,296,368,0,335,331,0,360,306,0,382,287,0,309,375,0,340,342,0,359,320,0,376,302,0,HAPPY
211,436,0,184,402,0,167,359,0,153,321,0,138,291,0,227,365,0,249,339,0,272,321,0,296,309,0,259,375,0,299,340,0,327,314,0,352,296,0,282,382,0,320,347,0,347,322,0,370,304,0,294,389,0,325,357,0,344,336,0,361,318,0,HAPPY
208,441,0,177,408,0,161,364,0,149,325,0,135,295,0,222,369,0,245,344,0,269,327,0,294,316,0,255,378,0,295,346,0,324,322,0,352,304,0,278,386,0,317,354,0,343,331,0,367,313,0,291,392,0,323,364,0,342,343,0,360,325,0,HAPPY
199,453,0,171,422,0,155,379,0,141,340,0,127,311,0,209,386,0,231,364,0,254,349,0,277,338,0,243,396,0,285,365,0,314,341,0,342,325,0,266,404,0,307,371,0,336,347,0,362,330,0,280,410,0,314,381,0,336,360,0,356,343,0,HAPPY
108,456,0,117,441,0,125,425,0,132,408,0,136,393,0,125,445,0,134,443,0,135,436,0,135,429,0,119,456,0,118,457,0,113,455,0,109,453,0,111,464,0,105,467,0,98,466,0,91,464,0,103,471,0,96,473,0,89,474,0,83,474,0,HAPPY
188,461,0,159,429,0,143,387,0,130,348,0,114,319,0,199,394,0,221,373,0,244,358,0,268,348,0,231,405,0,270,376,0,300,354,0,328,338,0,254,414,0,293,382,0,322,359,0,348,343,0,268,420,0,301,392,0,323,371,0,343,354,0,HAPPY
168,460,0,137,432,0,122,388,0,110,350,0,94,323,0,174,400,0,191,377,0,211,361,0,234,350,0,209,409,0,242,378,0,267,354,0,293,337,0,233,415,0,269,384,0,294,361,0,318,343,0,249,422,0,280,394,0,300,374,0,320,357,0,HAPPY
159,460,0,129,432,0,115,389,0,101,350,0,83,322,0,166,397,0,182,373,0,198,357,0,217,344,0,198,405,0,228,379,0,248,356,0,270,339,0,223,413,0,256,383,0,278,359,0,300,340,0,240,420,0,271,393,0,290,373,0,309,356,0,HAPPY
136,460,0,107,427,0,90,383,0,75,345,0,59,317,0,138,391,0,151,370,0,165,353,0,182,339,0,173,402,0,206,371,0,230,347,0,254,329,0,199,411,0,234,380,0,259,357,0,283,338,0,216,420,0,245,392,0,263,373,0,281,355,0,HAPPY
151,449,0,131,407,0,125,362,0,112,323,0,100,294,0,202,375,0,243,352,0,270,336,0,291,328,0,223,387,0,268,360,0,291,338,0,308,322,0,237,397,0,274,373,0,294,352,0,309,338,0,243,404,0,270,382,0,286,366,0,300,354,0,HAPPY
141,451,0,121,412,0,118,367,0,109,327,0,100,296,0,193,380,0,243,364,0,277,355,0,303,351,0,216,398,0,265,375,0,294,357,0,313,346,0,229,412,0,269,389,0,292,369,0,308,355,0,234,420,0,263,399,0,281,384,0,296,373,0,HAPPY
61,425,0,64,415,0,66,404,0,69,395,0,73,387,0,74,418,0,72,417,0,69,416,0,66,414,0,71,426,0,66,424,0,59,421,0,53,418,0,65,432,0,58,430,0,49,426,0,43,423,0,60,436,0,52,435,0,45,432,0,40,429,0,HAPPY
184,377,0,168,341,0,163,306,0,153,273,0,142,249,0,224,308,0,253,288,0,273,278,0,292,273,0,246,321,0,285,297,0,310,278,0,333,265,0,258,330,0,292,307,0,316,289,0,336,276,0,260,334,0,286,313,0,303,299,0,318,287,0,HAPPY
184,376,0,167,339,0,161,305,0,152,274,0,141,249,0,223,310,0,251,290,0,270,280,0,288,275,0,245,322,0,284,298,0,310,278,0,331,265,0,257,331,0,290,308,0,315,288,0,335,275,0,260,335,0,285,313,0,302,299,0,317,286,0,HAPPY
202,367,0,184,335,0,177,300,0,169,268,0,159,243,0,241,302,0,271,282,0,294,272,0,315,266,0,263,314,0,300,290,0,326,273,0,349,260,0,274,324,0,306,300,0,329,283,0,349,271,0,278,329,0,303,307,0,320,294,0,336,283,0,HAPPY
208,367,0,188,333,0,183,298,0,177,266,0,166,241,0,249,299,0,281,280,0,306,271,0,330,265,0,270,312,0,307,289,0,332,271,0,355,257,0,280,323,0,311,299,0,334,281,0,353,267,0,282,328,0,305,306,0,321,292,0,336,280,0,HAPPY
235,365,0,215,331,0,206,294,0,198,262,0,189,235,0,269,296,0,306,276,0,334,265,0,359,258,0,292,307,0,331,282,0,358,262,0,381,248,0,305,316,0,337,291,0,359,272,0,377,259,0,309,320,0,332,297,0,348,282,0,362,271,0,HAPPY
254,367,0,234,331,0,229,293,0,222,259,0,213,235,0,296,295,0,332,277,0,359,266,0,383,261,0,317,307,0,354,280,0,381,262,0,404,249,0,327,316,0,359,291,0,382,273,0,401,261,0,329,320,0,355,297,0,371,284,0,386,273,0,HAPPY
273,366,0,257,327,0,255,288,0,252,254,0,247,229,0,324,293,0,366,272,0,397,262,0,422,257,0,341,308,0,384,279,0,412,263,0,437,252,0,349,321,0,384,292,0,409,276,0,428,265,0,350,328,0,376,301,0,393,286,0,408,275,0,HAPPY
290,367,0,275,328,0,277,291,0,271,255,0,266,227,0,356,296,0,399,272,0,429,261,0,453,255,0,371,310,0,415,281,0,443,264,0,464,252,0,378,320,0,411,292,0,436,275,0,455,263,0,377,323,0,402,299,0,418,286,0,434,276,0,HAPPY
306,376,0,295,337,0,296,298,0,291,259,0,284,230,0,367,304,0,412,279,0,442,268,0,467,261,0,385,318,0,431,287,0,461,270,0,485,258,0,394,328,0,431,299,0,458,282,0,479,271,0,394,331,0,422,308,0,442,295,0,459,286,0,HAPPY
354,370,0,339,335,0,338,296,0,334,258,0,330,231,0,411,303,0,453,282,0,482,271,0,507,265,0,430,317,0,471,291,0,498,275,0,520,264,0,439,325,0,472,300,0,496,284,0,515,273,0,439,327,0,465,304,0,484,292,0,502,282,0,HAPPY
366,371,0,352,332,0,354,294,0,351,256,0,347,227,0,432,299,0,476,277,0,506,267,0,530,262,0,447,315,0,490,289,0,518,274,0,539,263,0,453,326,0,488,301,0,511,285,0,530,274,0,453,329,0,480,305,0,497,293,0,513,283,0,HAPPY
383,374,0,373,333,0,377,294,0,374,256,0,373,226,0,456,303,0,499,282,0,530,274,0,555,270,0,471,319,0,513,293,0,541,279,0,563,270,0,476,331,0,511,304,0,535,289,0,555,279,0,475,334,0,501,309,0,519,296,0,536,287,0,HAPPY
396,372,0,385,328,0,388,291,0,385,257,0,387,224,0,466,302,0,513,282,0,544,271,0,571,266,0,480,317,0,526,293,0,556,278,0,580,268,0,486,327,0,522,304,0,548,289,0,569,278,0,486,330,0,513,309,0,530,298,0,547,290,0,HAPPY
467,349,0,481,312,0,484,281,0,486,253,0,495,230,0,420,289,0,379,269,0,352,260,0,330,253,0,403,306,0,362,280,0,335,263,0,314,251,0,395,320,0,362,292,0,341,275,0,325,261,0,392,328,0,369,304,0,353,289,0,340,276,0,HAPPY
465,349,0,478,313,0,479,282,0,480,252,0,489,230,0,420,290,0,377,272,0,350,262,0,329,256,0,403,308,0,362,283,0,338,268,0,319,256,0,394,321,0,360,296,0,341,279,0,327,266,0,390,328,0,365,305,0,349,291,0,337,279,0,HAPPY
460,348,0,474,312,0,475,280,0,476,251,0,485,229,0,416,290,0,374,272,0,347,262,0,326,255,0,400,309,0,360,286,0,336,270,0,318,258,0,391,323,0,358,299,0,339,282,0,326,269,0,387,329,0,362,308,0,347,294,0,336,282,0,HAPPY
454,347,0,468,311,0,469,278,0,467,250,0,476,227,0,408,288,0,364,270,0,333,260,0,308,253,0,391,307,0,349,281,0,321,264,0,300,252,0,383,320,0,348,295,0,326,276,0,310,262,0,379,328,0,354,304,0,338,289,0,326,276,0,HAPPY
445,356,0,458,319,0,458,286,0,454,256,0,461,233,0,395,297,0,353,282,0,325,274,0,301,269,0,379,316,0,341,295,0,315,282,0,294,272,0,371,329,0,339,307,0,319,292,0,303,281,0,368,337,0,343,316,0,326,303,0,313,292,0,HAPPY
436,360,0,449,325,0,448,294,0,445,265,0,450,240,0,388,306,0,344,290,0,313,281,0,289,276,0,373,323,0,332,301,0,304,287,0,282,277,0,365,335,0,330,312,0,306,298,0,289,287,0,360,341,0,334,321,0,316,309,0,302,299,0,HAPPY
430,364,0,443,327,0,441,296,0,435,269,0,438,244,0,376,309,0,332,294,0,303,288,0,279,284,0,362,326,0,320,305,0,293,291,0,274,281,0,355,338,0,320,318,0,299,302,0,284,290,0,353,345,0,328,327,0,311,314,0,299,304,0,HAPPY
396,388,0,408,351,0,407,316,0,410,284,0,417,258,0,335,322,0,289,303,0,260,297,0,236,293,0,322,340,0,280,321,0,253,311,0,233,305,0,319,354,0,283,333,0,261,321,0,245,313,0,318,360,0,293,341,0,276,330,0,263,322,0,HAPPY
393,388,0,405,351,0,405,317,0,407,284,0,415,258,0,331,323,0,286,305,0,257,299,0,234,296,0,317,341,0,275,323,0,248,312,0,230,305,0,313,354,0,276,334,0,257,322,0,242,312,0,312,361,0,286,341,0,270,331,0,258,322,0,HAPPY
390,388,0,400,351,0,399,315,0,401,282,0,409,256,0,328,322,0,283,305,0,254,299,0,230,297,0,315,341,0,271,324,0,243,315,0,224,310,0,310,355,0,272,336,0,251,325,0,235,317,0,309,362,0,282,344,0,265,335,0,252,327,0,HAPPY
380,389,0,392,351,0,391,317,0,391,284,0,399,258,0,319,326,0,273,308,0,243,303,0,217,301,0,306,343,0,261,326,0,231,316,0,210,311,0,301,355,0,262,336,0,240,324,0,223,315,0,299,361,0,272,341,0,253,331,0,239,322,0,HAPPY
368,391,0,376,353,0,372,319,0,370,287,0,376,259,0,300,327,0,253,310,0,222,304,0,198,301,0,288,345,0,242,329,0,213,319,0,194,314,0,285,359,0,247,342,0,225,330,0,209,321,0,285,366,0,257,348,0,241,339,0,228,330,0,HAPPY
346,397,0,353,358,0,347,323,0,342,290,0,346,262,0,272,334,0,223,319,0,193,314,0,168,312,0,262,352,0,215,336,0,185,327,0,164,320,0,259,364,0,221,346,0,200,333,0,183,323,0,260,370,0,233,350,0,217,339,0,205,330,0,HAPPY
331,398,0,335,359,0,327,324,0,322,292,0,325,265,0,252,338,0,203,324,0,172,319,0,147,317,0,242,355,0,194,339,0,165,329,0,146,322,0,240,367,0,199,348,0,181,335,0,167,326,0,240,371,0,211,353,0,196,342,0,185,333,0,HAPPY
313,390,0,316,350,0,304,314,0,296,282,0,297,254,0,232,331,0,181,316,0,150,311,0,124,307,0,222,348,0,174,333,0,145,323,0,123,316,0,222,359,0,184,341,0,167,327,0,155,316,0,224,364,0,197,345,0,184,334,0,175,324,0,HAPPY
300,383,0,300,342,0,286,307,0,277,277,0,273,249,0,211,324,0,160,308,0,129,302,0,103,299,0,204,341,0,155,324,0,125,312,0,103,305,0,206,352,0,167,334,0,150,321,0,138,311,0,210,358,0,182,340,0,168,330,0,159,321,0,HAPPY
375,414,0,383,373,0,379,337,0,377,305,0,384,281,0,306,347,0,257,329,0,226,324,0,200,321,0,293,367,0,244,350,0,213,338,0,190,331,0,289,383,0,249,363,0,225,349,0,207,339,0,288,391,0,259,371,0,240,360,0,226,350,0,HAPPY
381,413,0,388,371,0,383,335,0,380,302,0,388,278,0,309,347,0,259,329,0,228,322,0,203,319,0,298,367,0,248,349,0,217,338,0,194,330,0,295,383,0,255,363,0,230,350,0,211,340,0,296,390,0,266,370,0,247,360,0,233,350,0,HAPPY
390,415,0,398,373,0,394,337,0,392,303,0,400,277,0,320,346,0,270,329,0,240,323,0,215,321,0,307,366,0,260,349,0,230,339,0,208,332,0,303,381,0,264,362,0,241,350,0,223,341,0,304,389,0,275,371,0,257,361,0,243,352,0,HAPPY
409,419,0,419,379,0,418,343,0,420,310,0,428,286,0,344,349,0,296,331,0,265,326,0,240,322,0,330,369,0,281,350,0,250,339,0,226,332,0,325,383,0,284,363,0,260,350,0,240,341,0,326,390,0,296,370,0,277,359,0,262,350,0,HAPPY
424,428,0,434,389,0,432,353,0,432,320,0,441,294,0,359,360,0,314,341,0,284,333,0,260,328,0,346,379,0,299,361,0,268,348,0,245,339,0,342,393,0,302,372,0,278,358,0,259,347,0,342,399,0,313,377,0,293,366,0,277,356,0,HAPPY
451,425,0,467,391,0,471,356,0,481,322,0,494,296,0,412,364,0,373,344,0,345,336,0,322,333,0,394,377,0,358,354,0,334,338,0,317,329,0,385,386,0,357,360,0,346,343,0,339,330,0,379,391,0,361,366,0,351,351,0,345,340,0,HAPPY
450,424,0,468,389,0,472,354,0,481,320,0,492,293,0,412,364,0,370,342,0,341,333,0,317,330,0,394,379,0,355,354,0,331,337,0,315,327,0,385,388,0,354,361,0,343,343,0,338,331,0,379,393,0,359,368,0,349,353,0,345,342,0,HAPPY
453,425,0,469,390,0,473,355,0,483,322,0,494,296,0,418,367,0,375,345,0,345,335,0,322,330,0,400,385,0,360,360,0,336,343,0,319,335,0,390,396,0,358,371,0,343,354,0,333,341,0,385,402,0,361,378,0,349,364,0,341,354,0,HAPPY
464,429,0,478,393,0,481,358,0,492,323,0,505,298,0,430,369,0,387,347,0,359,339,0,337,335,0,411,386,0,372,361,0,349,347,0,332,339,0,400,399,0,368,372,0,350,357,0,339,346,0,394,405,0,371,381,0,357,367,0,347,357,0,HAPPY
456,432,0,469,399,0,471,365,0,478,332,0,489,307,0,412,373,0,371,358,0,339,353,0,313,351,0,395,388,0,359,363,0,335,346,0,319,337,0,384,401,0,353,379,0,334,365,0,320,354,0,378,412,0,356,393,0,341,382,0,330,374,0,HAPPY
419,431,0,433,397,0,433,363,0,439,331,0,447,304,0,374,380,0,328,362,0,293,356,0,263,355,0,356,397,0,313,374,0,286,357,0,269,348,0,347,407,0,311,382,0,299,364,0,293,352,0,342,412,0,316,390,0,304,374,0,298,363,0,HAPPY
409,432,0,426,397,0,428,362,0,432,330,0,438,303,0,363,378,0,317,362,0,284,354,0,254,352,0,345,391,0,297,364,0,264,342,0,237,328,0,335,398,0,299,373,0,281,354,0,269,341,0,330,402,0,304,380,0,288,366,0,278,356,0,HAPPY
406,432,0,418,396,0,418,359,0,420,325,0,429,299,0,350,377,0,303,358,0,270,352,0,242,351,0,334,391,0,287,363,0,255,342,0,231,329,0,326,400,0,290,373,0,276,355,0,269,344,0,322,404,0,295,380,0,282,366,0,274,356,0,HAPPY
393,429,0,406,393,0,406,356,0,410,323,0,418,297,0,339,374,0,292,357,0,259,352,0,229,353,0,322,385,0,274,356,0,240,336,0,214,323,0,314,391,0,274,364,0,249,345,0,231,331,0,309,395,0,280,373,0,259,361,0,245,352,0,HAPPY
387,429,0,399,391,0,399,355,0,403,325,0,407,299,0,325,371,0,281,356,0,249,351,0,220,350,0,312,381,0,264,355,0,232,335,0,205,322,0,306,388,0,271,363,0,255,346,0,243,335,0,302,392,0,279,372,0,266,360,0,258,350,0,HAPPY
368,426,0,378,393,0,377,356,0,378,322,0,384,296,0,308,371,0,260,356,0,228,352,0,199,352,0,292,381,0,244,353,0,211,335,0,186,325,0,284,387,0,241,360,0,213,343,0,191,331,0,279,389,0,247,369,0,224,358,0,206,351,0,HAPPY
366,427,0,375,392,0,372,355,0,372,321,0,377,295,0,303,371,0,254,356,0,221,352,0,192,352,0,289,383,0,239,356,0,207,339,0,181,328,0,282,390,0,239,365,0,211,348,0,189,336,0,278,393,0,246,373,0,224,361,0,206,354,0,HAPPY
240,356,0,218,350,0,200,347,0,188,348,0,180,356,0,198,327,0,184,319,0,176,320,0,172,324,0,199,333,0,187,324,0,179,324,0,176,327,0,202,340,0,191,336,0,185,336,0,180,339,0,207,349,0,197,348,0,191,350,0,188,352,0,HAPPY
362,429,0,371,392,0,368,355,0,367,322,0,371,296,0,300,371,0,250,356,0,216,351,0,186,351,0,286,384,0,236,358,0,203,341,0,178,331,0,278,393,0,236,367,0,208,351,0,186,339,0,274,397,0,243,375,0,222,363,0,206,354,0,HAPPY
232,356,0,213,352,0,197,348,0,185,349,0,176,355,0,195,326,0,180,318,0,172,321,0,168,327,0,195,331,0,181,322,0,174,325,0,171,330,0,196,338,0,184,333,0,178,336,0,174,340,0,199,345,0,188,345,0,183,348,0,181,350,0,HAPPY
466,427,0,436,406,0,417,373,0,413,336,0,413,309,0,384,381,0,381,329,0,386,299,0,390,279,0,394,372,0,387,321,0,390,292,0,394,272,0,411,364,0,401,319,0,399,292,0,399,274,0,433,356,0,422,321,0,417,303,0,413,288,0, SAD
467,427,0,434,411,0,413,380,0,408,344,0,409,318,0,384,384,0,380,331,0,384,302,0,389,280,0,394,373,0,387,321,0,390,293,0,393,273,0,411,363,0,400,317,0,397,292,0,396,274,0,432,353,0,418,319,0,412,301,0,408,286,0, SAD
468,427,0,427,416,0,402,389,0,398,356,0,401,332,0,384,386,0,379,334,0,382,304,0,386,282,0,402,372,0,394,321,0,394,292,0,394,273,0,424,361,0,411,317,0,405,293,0,401,277,0,447,352,0,432,319,0,423,303,0,416,291,0, SAD
465,425,0,436,405,0,414,373,0,407,337,0,405,311,0,382,381,0,377,329,0,381,298,0,384,276,0,392,375,0,384,322,0,385,293,0,387,272,0,409,368,0,399,323,0,395,296,0,393,278,0,430,361,0,418,327,0,412,309,0,407,295,0, SAD
462,423,0,430,406,0,407,375,0,400,340,0,399,315,0,379,380,0,374,327,0,377,298,0,381,277,0,390,371,0,381,319,0,383,291,0,384,272,0,409,364,0,396,318,0,391,292,0,389,275,0,431,355,0,417,321,0,410,303,0,405,289,0, SAD
449,419,0,442,381,0,422,346,0,406,318,0,394,299,0,379,368,0,371,319,0,373,290,0,375,271,0,370,376,0,361,325,0,365,295,0,370,274,0,371,381,0,362,335,0,364,307,0,367,288,0,377,383,0,367,349,0,366,328,0,367,313,0, SAD
442,421,0,409,405,0,385,378,0,378,345,0,378,320,0,355,385,0,350,331,0,354,301,0,359,281,0,364,376,0,353,322,0,356,293,0,361,273,0,381,367,0,367,318,0,365,290,0,364,272,0,404,356,0,389,318,0,382,298,0,377,283,0, SAD
345,212,0,367,185,0,383,164,0,384,147,0,379,128,0,336,177,0,390,173,0,405,171,0,405,170,0,327,205,0,390,202,0,405,198,0,404,192,0,325,228,0,382,224,0,395,220,0,393,216,0,328,244,0,369,242,0,381,238,0,381,233,0, SAD
433,420,0,428,376,0,406,342,0,384,314,0,371,292,0,362,367,0,351,316,0,353,289,0,356,270,0,349,380,0,339,327,0,346,298,0,353,279,0,347,389,0,338,343,0,343,317,0,348,301,0,350,394,0,341,360,0,343,340,0,347,327,0, SAD
359,229,0,365,198,0,367,167,0,366,147,0,369,128,0,332,180,0,361,175,0,378,174,0,384,171,0,325,208,0,370,201,0,387,198,0,388,191,0,324,231,0,368,223,0,383,217,0,384,210,0,327,251,0,358,241,0,371,233,0,374,226,0, SAD
426,418,0,420,375,0,397,341,0,376,311,0,362,289,0,352,367,0,341,316,0,344,289,0,346,270,0,339,380,0,330,327,0,337,299,0,344,281,0,336,389,0,328,343,0,334,319,0,340,303,0,340,394,0,331,360,0,334,341,0,339,329,0, SAD
417,417,0,412,373,0,388,339,0,366,310,0,353,288,0,346,365,0,334,314,0,336,288,0,337,270,0,331,380,0,320,328,0,328,302,0,335,285,0,328,391,0,319,346,0,326,326,0,333,313,0,331,396,0,323,362,0,327,346,0,333,336,0, SAD
413,418,0,406,374,0,383,341,0,362,312,0,348,290,0,338,369,0,328,316,0,330,289,0,332,271,0,325,383,0,317,328,0,324,300,0,330,282,0,324,392,0,315,344,0,321,319,0,326,304,0,328,397,0,318,361,0,321,342,0,325,329,0, SAD
406,418,0,399,375,0,376,342,0,354,314,0,340,293,0,332,373,0,321,320,0,323,292,0,327,272,0,318,386,0,309,333,0,317,309,0,323,293,0,315,393,0,307,347,0,314,327,0,320,315,0,317,395,0,310,360,0,314,342,0,320,332,0, SAD
395,418,0,389,375,0,364,340,0,342,312,0,330,289,0,322,370,0,311,319,0,313,293,0,317,275,0,308,386,0,299,334,0,307,310,0,315,294,0,305,395,0,297,350,0,304,331,0,311,319,0,308,398,0,300,364,0,304,348,0,310,337,0, SAD
391,416,0,384,375,0,361,340,0,338,311,0,325,290,0,317,370,0,305,320,0,308,294,0,311,275,0,303,386,0,295,334,0,304,311,0,312,297,0,301,395,0,293,350,0,301,332,0,308,321,0,304,397,0,296,363,0,301,347,0,307,337,0, SAD
377,414,0,370,372,0,344,338,0,321,310,0,310,287,0,301,371,0,292,322,0,295,298,0,298,282,0,288,387,0,280,339,0,290,318,0,297,305,0,285,395,0,279,353,0,288,337,0,295,328,0,289,398,0,284,367,0,290,353,0,296,345,0, SAD
367,412,0,361,372,0,334,340,0,311,315,0,300,291,0,293,374,0,284,325,0,286,300,0,289,282,0,281,389,0,270,340,0,279,317,0,286,303,0,278,397,0,268,354,0,275,335,0,282,324,0,282,399,0,273,366,0,277,349,0,282,340,0, SAD
360,419,0,351,376,0,323,342,0,300,315,0,289,292,0,282,378,0,271,328,0,274,303,0,278,285,0,270,393,0,259,344,0,271,326,0,280,319,0,267,401,0,257,358,0,268,342,0,277,336,0,270,404,0,260,371,0,267,356,0,273,350,0, SAD
347,423,0,339,380,0,312,345,0,288,318,0,279,294,0,267,381,0,260,331,0,267,308,0,272,295,0,254,397,0,249,348,0,264,334,0,273,333,0,252,406,0,245,363,0,259,352,0,268,351,0,256,410,0,248,377,0,257,366,0,265,365,0, SAD
341,423,0,332,381,0,305,348,0,281,320,0,269,297,0,260,384,0,249,334,0,253,310,0,257,294,0,246,400,0,238,349,0,251,332,0,261,326,0,244,409,0,237,364,0,249,350,0,259,347,0,247,413,0,240,378,0,248,366,0,255,361,0, SAD
336,422,0,324,378,0,296,346,0,272,321,0,260,300,0,253,385,0,243,336,0,249,311,0,254,295,0,240,401,0,235,352,0,250,336,0,259,331,0,238,410,0,233,365,0,247,353,0,258,351,0,241,414,0,236,379,0,246,367,0,253,363,0, SAD
328,424,0,317,380,0,289,347,0,264,321,0,252,299,0,246,386,0,235,339,0,242,315,0,247,299,0,233,403,0,228,354,0,243,338,0,252,333,0,230,412,0,226,368,0,241,357,0,251,355,0,233,416,0,228,381,0,238,370,0,246,367,0, SAD
319,421,0,309,378,0,280,345,0,256,320,0,247,297,0,233,384,0,224,339,0,231,316,0,238,301,0,221,400,0,215,352,0,225,331,0,235,319,0,220,409,0,215,364,0,225,346,0,234,336,0,224,413,0,219,377,0,226,361,0,232,352,0, SAD
315,423,0,304,380,0,276,348,0,253,322,0,243,298,0,230,386,0,223,339,0,230,315,0,237,298,0,218,402,0,212,353,0,224,333,0,235,323,0,216,411,0,211,366,0,221,350,0,231,341,0,220,414,0,214,379,0,221,364,0,227,355,0, SAD
301,421,0,290,378,0,262,344,0,238,319,0,225,299,0,211,381,0,207,336,0,214,312,0,220,295,0,200,399,0,199,353,0,213,334,0,225,325,0,200,410,0,199,366,0,211,350,0,223,343,0,206,415,0,202,380,0,210,365,0,219,358,0, SAD
297,420,0,287,378,0,258,343,0,233,317,0,221,296,0,208,380,0,206,332,0,212,306,0,217,288,0,197,398,0,199,349,0,211,328,0,221,316,0,198,408,0,196,363,0,207,345,0,218,334,0,205,413,0,199,378,0,207,361,0,215,352,0, SAD
291,416,0,282,375,0,255,338,0,231,313,0,218,297,0,205,375,0,200,330,0,206,304,0,211,287,0,196,393,0,194,346,0,204,325,0,213,313,0,197,403,0,194,359,0,204,341,0,214,331,0,203,408,0,197,372,0,205,357,0,214,349,0, SAD
285,419,0,274,376,0,245,342,0,221,315,0,209,293,0,193,381,0,186,329,0,192,300,0,197,280,0,183,397,0,180,345,0,193,323,0,204,311,0,185,406,0,180,356,0,192,338,0,203,331,0,191,408,0,185,368,0,192,351,0,198,343,0, SAD
281,416,0,271,376,0,241,342,0,216,317,0,204,293,0,188,380,0,181,332,0,186,304,0,192,285,0,179,396,0,177,347,0,185,322,0,194,305,0,181,406,0,179,359,0,186,337,0,194,323,0,189,410,0,183,371,0,186,352,0,191,339,0, SAD
261,421,0,253,381,0,227,346,0,204,319,0,194,296,0,175,385,0,171,335,0,178,305,0,186,283,0,164,400,0,164,347,0,175,320,0,188,301,0,165,408,0,165,356,0,175,334,0,186,319,0,171,410,0,168,368,0,175,348,0,182,336,0, SAD
262,421,0,252,381,0,225,347,0,202,320,0,191,297,0,174,386,0,170,338,0,177,310,0,184,290,0,165,402,0,163,352,0,176,330,0,187,318,0,165,411,0,163,363,0,174,345,0,184,337,0,171,413,0,166,374,0,173,358,0,180,349,0, SAD
255,421,0,246,382,0,220,349,0,197,324,0,185,302,0,168,387,0,161,343,0,167,316,0,174,296,0,160,404,0,158,356,0,168,332,0,179,316,0,163,413,0,160,367,0,169,345,0,179,332,0,169,418,0,164,379,0,169,359,0,175,348,0, SAD
242,423,0,235,385,0,209,352,0,186,327,0,174,306,0,160,393,0,154,344,0,161,317,0,168,300,0,149,409,0,147,356,0,160,334,0,171,321,0,149,417,0,146,367,0,158,349,0,169,339,0,153,420,0,149,379,0,157,364,0,164,356,0, SAD
242,423,0,232,385,0,204,352,0,180,325,0,168,302,0,151,392,0,148,343,0,154,315,0,162,294,0,143,407,0,146,356,0,157,331,0,167,315,0,146,415,0,147,366,0,157,345,0,167,332,0,154,418,0,149,377,0,155,359,0,163,348,0, SAD
234,425,0,224,386,0,195,354,0,171,331,0,163,310,0,143,394,0,138,351,0,146,325,0,154,307,0,135,409,0,133,362,0,146,340,0,159,327,0,136,418,0,134,373,0,144,354,0,156,344,0,142,421,0,136,384,0,142,368,0,150,360,0, SAD
226,421,0,215,382,0,187,351,0,163,329,0,152,311,0,135,391,0,132,351,0,142,328,0,151,314,0,127,406,0,127,362,0,140,342,0,153,332,0,129,414,0,127,373,0,138,355,0,150,346,0,134,418,0,129,383,0,135,368,0,143,360,0, SAD
215,421,0,203,383,0,176,353,0,153,329,0,143,306,0,120,389,0,119,342,0,131,321,0,141,310,0,113,407,0,111,359,0,128,342,0,144,335,0,117,417,0,115,374,0,128,359,0,143,354,0,126,422,0,121,388,0,129,375,0,138,370,0, SAD
201,415,0,190,377,0,161,347,0,139,325,0,127,304,0,111,385,0,105,346,0,116,324,0,127,311,0,106,402,0,104,360,0,116,339,0,130,327,0,111,412,0,107,374,0,116,355,0,130,345,0,118,416,0,110,385,0,114,369,0,122,361,0, SAD
193,413,0,184,377,0,157,347,0,136,323,0,123,300,0,107,383,0,103,340,0,112,316,0,121,301,0,99,398,0,101,354,0,112,332,0,125,318,0,103,407,0,102,367,0,111,346,0,123,334,0,109,411,0,104,378,0,108,360,0,116,349,0, SAD
175,454,0,152,443,0,128,437,0,108,437,0,93,441,0,128,428,0,101,431,0,86,437,0,76,442,0,133,436,0,107,438,0,91,443,0,78,449,0,139,446,0,116,448,0,99,453,0,86,457,0,144,459,0,125,464,0,112,467,0,102,470,0, SAD
175,421,0,166,384,0,138,354,0,117,330,0,107,308,0,86,391,0,83,348,0,91,323,0,101,308,0,82,406,0,82,361,0,92,336,0,104,319,0,86,413,0,85,370,0,92,348,0,102,332,0,93,415,0,87,378,0,90,361,0,95,350,0, SAD
162,424,0,150,384,0,119,355,0,98,335,0,88,316,0,75,394,0,68,358,0,73,334,0,80,317,0,72,413,0,65,375,0,70,350,0,80,329,0,75,424,0,65,388,0,68,366,0,75,348,0,81,428,0,68,398,0,66,381,0,68,368,0, SAD
153,422,0,138,383,0,108,355,0,88,335,0,79,316,0,61,396,0,60,353,0,66,329,0,73,311,0,57,413,0,58,367,0,66,342,0,76,322,0,61,421,0,59,377,0,66,355,0,74,339,0,67,424,0,60,387,0,64,372,0,68,361,0, SAD
484,461,0,449,456,0,423,429,0,416,391,0,416,364,0,404,430,0,398,373,0,403,342,0,409,319,0,422,418,0,411,362,0,411,332,0,412,312,0,442,406,0,429,357,0,423,336,0,420,323,0,462,394,0,446,357,0,438,344,0,432,334,0, SAD
486,463,0,448,458,0,421,433,0,413,397,0,414,370,0,404,431,0,400,373,0,404,341,0,409,318,0,425,418,0,415,362,0,414,332,0,415,311,0,447,406,0,434,358,0,427,335,0,423,320,0,468,394,0,451,359,0,441,343,0,434,332,0, SAD
497,467,0,473,451,0,448,421,0,440,386,0,437,360,0,421,430,0,413,372,0,418,340,0,422,316,0,431,425,0,420,367,0,421,336,0,424,315,0,445,418,0,434,367,0,430,342,0,429,325,0,461,408,0,447,371,0,440,352,0,437,339,0, SAD
506,468,0,473,461,0,445,434,0,437,398,0,438,370,0,424,434,0,420,374,0,424,341,0,427,317,0,443,426,0,437,368,0,436,338,0,435,318,0,464,416,0,455,367,0,449,347,0,444,336,0,484,405,0,471,368,0,464,353,0,458,342,0, SAD
511,460,0,472,458,0,444,434,0,436,397,0,438,369,0,435,431,0,431,372,0,435,340,0,439,316,0,455,419,0,443,363,0,440,332,0,439,310,0,476,407,0,460,360,0,453,341,0,450,331,0,495,395,0,476,361,0,466,348,0,459,340,0, SAD
524,465,0,491,460,0,464,436,0,456,400,0,457,373,0,449,436,0,444,380,0,449,349,0,454,324,0,465,425,0,452,371,0,452,339,0,453,316,0,484,414,0,469,366,0,464,339,0,462,322,0,503,402,0,487,366,0,478,348,0,471,334,0, SAD
531,469,0,525,440,0,506,408,0,490,379,0,479,356,0,468,428,0,463,371,0,467,339,0,470,315,0,464,432,0,455,375,0,457,342,0,459,317,0,466,432,0,460,384,0,459,355,0,460,336,0,473,428,0,464,392,0,462,370,0,462,354,0, SAD
535,470,0,539,434,0,525,398,0,506,372,0,490,356,0,488,421,0,479,363,0,478,332,0,477,309,0,471,431,0,459,372,0,461,338,0,464,315,0,464,436,0,455,386,0,458,360,0,461,343,0,463,436,0,455,398,0,457,377,0,461,363,0, SAD
539,464,0,547,431,0,537,395,0,518,369,0,501,354,0,500,420,0,490,364,0,488,334,0,486,311,0,481,428,0,467,371,0,468,337,0,470,312,0,471,431,0,463,381,0,468,355,0,471,339,0,468,430,0,462,392,0,466,372,0,468,359,0, SAD
551,463,0,556,435,0,546,400,0,530,372,0,517,353,0,510,418,0,502,365,0,500,332,0,499,309,0,495,425,0,483,369,0,483,335,0,485,311,0,488,427,0,479,375,0,481,344,0,483,322,0,488,426,0,481,384,0,482,360,0,483,342,0, SAD
556,458,0,571,427,0,564,390,0,543,365,0,525,349,0,533,413,0,521,357,0,515,326,0,511,303,0,506,422,0,494,362,0,493,327,0,494,303,0,491,426,0,483,372,0,489,347,0,495,331,0,484,425,0,481,382,0,488,362,0,494,351,0, SAD
587,466,0,599,438,0,591,401,0,572,372,0,553,356,0,560,418,0,545,363,0,538,331,0,532,309,0,538,427,0,523,368,0,518,334,0,515,310,0,523,430,0,513,377,0,513,346,0,513,324,0,514,431,0,509,387,0,511,363,0,513,345,0, SAD
591,464,0,604,433,0,598,398,0,582,370,0,568,352,0,568,417,0,551,359,0,545,329,0,540,307,0,541,427,0,524,364,0,520,329,0,518,304,0,522,432,0,513,374,0,519,350,0,523,336,0,513,433,0,511,386,0,519,370,0,527,361,0, SAD
580,465,0,593,435,0,586,399,0,569,369,0,553,349,0,553,416,0,538,360,0,534,331,0,530,309,0,528,425,0,514,366,0,511,332,0,510,309,0,513,430,0,505,375,0,511,353,0,514,339,0,506,430,0,503,387,0,511,370,0,517,359,0, SAD
569,456,0,544,444,0,519,417,0,508,385,0,506,360,0,498,421,0,495,366,0,497,334,0,498,310,0,509,418,0,497,362,0,494,327,0,494,302,0,526,410,0,520,357,0,519,332,0,518,316,0,547,401,0,540,360,0,535,343,0,532,330,0, SAD
558,453,0,521,448,0,490,420,0,480,382,0,482,351,0,485,418,0,478,358,0,477,325,0,477,302,0,509,412,0,494,351,0,487,320,0,483,298,0,535,404,0,522,352,0,512,326,0,506,308,0,558,394,0,546,356,0,537,338,0,531,326,0, SAD
543,455,0,507,451,0,476,426,0,464,389,0,462,360,0,461,425,0,454,365,0,453,330,0,454,304,0,484,414,0,473,356,0,468,324,0,464,302,0,508,404,0,495,357,0,486,336,0,480,323,0,529,395,0,513,362,0,503,346,0,496,335,0, SAD
543,455,0,521,442,0,494,417,0,480,384,0,473,357,0,465,425,0,457,364,0,457,331,0,456,304,0,475,421,0,461,363,0,456,330,0,452,307,0,489,414,0,483,366,0,483,359,0,483,359,0,505,406,0,494,370,0,492,361,0,490,356,0, SAD
449,394,0,415,379,0,393,350,0,388,315,0,390,290,0,371,353,0,364,299,0,368,270,0,374,249,0,384,344,0,376,290,0,380,262,0,383,242,0,402,335,0,392,289,0,390,264,0,390,248,0,422,326,0,408,292,0,402,276,0,398,264,0, SAD
436,389,0,401,378,0,379,351,0,373,316,0,372,290,0,357,360,0,351,305,0,356,272,0,361,248,0,373,347,0,359,296,0,359,266,0,361,245,0,391,334,0,374,289,0,368,264,0,366,247,0,409,320,0,391,287,0,380,272,0,373,260,0, SAD
398,385,0,395,343,0,374,309,0,354,282,0,343,263,0,329,344,0,324,295,0,332,270,0,338,252,0,315,357,0,313,303,0,328,287,0,339,279,0,310,363,0,310,312,0,324,300,0,334,295,0,311,364,0,313,325,0,322,312,0,328,306,0, SAD
392,381,0,387,340,0,364,308,0,342,281,0,332,258,0,319,339,0,309,293,0,317,269,0,324,253,0,306,354,0,302,305,0,314,285,0,324,273,0,304,363,0,301,317,0,312,300,0,322,291,0,307,367,0,305,330,0,312,315,0,320,307,0, SAD
377,376,0,370,337,0,348,305,0,328,277,0,317,254,0,302,335,0,298,289,0,306,267,0,313,252,0,289,350,0,287,303,0,300,284,0,311,274,0,286,359,0,284,316,0,295,299,0,306,290,0,289,363,0,287,330,0,294,315,0,301,306,0, SAD
361,372,0,354,334,0,331,302,0,311,275,0,301,252,0,284,334,0,279,291,0,288,268,0,296,254,0,272,349,0,271,304,0,284,285,0,295,274,0,271,358,0,269,317,0,280,301,0,291,291,0,275,362,0,272,329,0,279,314,0,286,305,0, SAD
342,370,0,337,333,0,314,301,0,294,275,0,284,251,0,268,331,0,263,287,0,271,264,0,280,248,0,256,347,0,256,301,0,268,280,0,279,268,0,254,357,0,254,315,0,265,297,0,276,287,0,258,362,0,256,328,0,263,312,0,270,303,0, SAD
328,371,0,323,335,0,302,302,0,282,274,0,271,251,0,255,331,0,252,289,0,260,265,0,268,250,0,242,346,0,245,303,0,256,284,0,267,272,0,241,356,0,242,316,0,252,300,0,262,290,0,245,362,0,243,328,0,249,313,0,257,305,0, SAD
310,365,0,307,331,0,285,299,0,264,271,0,253,247,0,239,328,0,236,286,0,242,262,0,248,245,0,227,343,0,226,299,0,235,276,0,244,260,0,226,353,0,223,313,0,231,293,0,239,279,0,230,358,0,225,326,0,230,309,0,236,298,0, SAD
293,362,0,288,326,0,266,294,0,245,267,0,234,243,0,219,319,0,216,277,0,223,255,0,231,240,0,206,336,0,205,294,0,216,275,0,228,264,0,204,347,0,203,309,0,213,292,0,223,282,0,208,354,0,205,323,0,211,308,0,218,300,0, SAD
287,362,0,280,325,0,256,292,0,235,266,0,225,243,0,205,323,0,204,278,0,212,254,0,221,237,0,194,339,0,200,293,0,213,271,0,225,255,0,195,349,0,201,306,0,211,287,0,222,273,0,202,354,0,202,321,0,209,305,0,216,294,0, SAD
278,355,0,273,319,0,251,288,0,231,263,0,222,240,0,203,316,0,202,272,0,211,249,0,219,234,0,192,331,0,196,289,0,209,270,0,221,259,0,192,342,0,194,305,0,204,288,0,216,277,0,197,349,0,194,319,0,200,304,0,207,296,0, SAD
272,355,0,268,320,0,247,289,0,227,264,0,218,240,0,197,316,0,198,271,0,207,249,0,215,234,0,187,331,0,193,287,0,207,269,0,220,258,0,187,341,0,191,301,0,203,285,0,216,276,0,192,347,0,190,315,0,197,301,0,206,294,0, SAD
257,356,0,251,322,0,229,291,0,211,266,0,204,242,0,179,318,0,182,274,0,193,251,0,203,235,0,171,333,0,181,288,0,195,269,0,210,257,0,174,342,0,181,300,0,194,284,0,208,275,0,180,346,0,181,313,0,189,299,0,199,292,0, SAD
548,388,0,543,355,0,522,322,0,500,295,0,485,274,0,488,355,0,469,305,0,468,278,0,470,260,0,476,369,0,454,316,0,459,288,0,467,271,0,471,375,0,453,328,0,455,302,0,461,286,0,471,376,0,457,340,0,457,319,0,461,305,0, SAD
544,384,0,545,353,0,526,320,0,504,295,0,488,276,0,496,357,0,473,308,0,470,281,0,470,262,0,481,371,0,460,318,0,462,288,0,467,269,0,473,376,0,457,327,0,459,301,0,463,283,0,471,375,0,459,335,0,461,313,0,464,296,0, SAD
573,391,0,544,387,0,516,366,0,501,335,0,495,309,0,497,372,0,488,318,0,488,287,0,489,266,0,507,367,0,489,311,0,486,280,0,487,259,0,522,357,0,507,303,0,502,278,0,499,262,0,540,344,0,525,304,0,516,285,0,510,271,0, SAD
576,391,0,572,364,0,553,334,0,532,307,0,516,290,0,521,362,0,506,308,0,503,278,0,501,258,0,511,368,0,494,311,0,494,279,0,496,258,0,508,368,0,496,315,0,497,288,0,498,272,0,510,363,0,500,322,0,499,301,0,497,287,0, SAD
573,390,0,571,359,0,556,327,0,535,302,0,518,289,0,527,356,0,511,303,0,507,274,0,505,254,0,512,367,0,495,310,0,494,279,0,495,258,0,504,370,0,493,318,0,494,290,0,495,272,0,503,369,0,493,329,0,493,309,0,493,295,0, SAD
254,376,0,252,334,0,272,300,0,297,276,0,312,258,0,313,334,0,331,283,0,334,256,0,336,236,0,330,346,0,350,293,0,348,263,0,342,243,0,337,352,0,354,304,0,351,279,0,345,261,0,336,352,0,347,316,0,346,294,0,341,279,0, SAD
255,375,0,252,335,0,270,302,0,296,277,0,313,258,0,314,334,0,332,283,0,336,256,0,339,236,0,331,347,0,351,292,0,350,262,0,345,242,0,338,352,0,355,304,0,353,278,0,348,260,0,338,351,0,350,316,0,349,294,0,345,279,0, SAD
241,372,0,236,336,0,247,301,0,263,275,0,275,255,0,298,322,0,317,278,0,324,253,0,326,234,0,313,332,0,329,286,0,332,259,0,329,240,0,320,338,0,335,297,0,336,272,0,332,254,0,320,339,0,334,306,0,337,286,0,336,270,0, SAD
220,373,0,212,338,0,221,304,0,238,278,0,253,259,0,266,319,0,288,275,0,295,250,0,296,232,0,283,331,0,305,285,0,308,257,0,306,239,0,292,338,0,314,298,0,314,272,0,310,254,0,296,342,0,313,309,0,315,288,0,313,272,0, SAD
193,388,0,185,353,0,194,316,0,212,285,0,224,261,0,228,341,0,256,288,0,266,261,0,272,242,0,249,354,0,278,298,0,285,267,0,286,246,0,263,361,0,289,313,0,292,285,0,290,266,0,269,362,0,287,326,0,289,304,0,286,289,0, SAD
208,424,0,226,381,0,269,351,0,310,330,0,338,316,0,304,412,0,342,364,0,348,335,0,350,313,0,314,430,0,350,374,0,339,347,0,327,333,0,317,436,0,346,382,0,332,360,0,316,350,0,315,434,0,335,395,0,326,376,0,315,366,0, SAD
211,423,0,228,381,0,268,351,0,308,331,0,337,317,0,304,409,0,342,362,0,349,333,0,351,313,0,315,428,0,352,373,0,340,347,0,327,337,0,319,434,0,349,381,0,334,361,0,320,353,0,318,432,0,338,394,0,328,375,0,318,367,0, SAD
238,422,0,261,379,0,298,346,0,330,322,0,352,306,0,338,394,0,369,353,0,374,325,0,375,304,0,348,413,0,380,365,0,380,337,0,375,317,0,351,423,0,377,379,0,375,356,0,369,338,0,348,425,0,370,392,0,370,372,0,366,357,0, SAD
265,428,0,285,383,0,323,349,0,355,324,0,379,308,0,365,406,0,394,357,0,395,328,0,393,306,0,374,423,0,406,370,0,396,342,0,384,325,0,375,431,0,398,379,0,385,359,0,371,347,0,371,431,0,387,394,0,378,376,0,366,365,0, SAD
282,429,0,301,385,0,335,350,0,365,323,0,385,304,0,379,399,0,406,353,0,408,324,0,407,301,0,392,416,0,418,363,0,411,334,0,401,315,0,394,425,0,414,374,0,407,351,0,395,335,0,391,425,0,405,389,0,401,368,0,394,353,0, SAD
291,426,0,306,381,0,335,346,0,361,319,0,377,297,0,380,386,0,407,339,0,409,310,0,406,289,0,393,403,0,419,352,0,416,322,0,407,301,0,396,413,0,422,366,0,420,339,0,410,319,0,393,415,0,413,380,0,415,357,0,411,338,0, SAD
287,386,0,298,340,0,329,302,0,361,276,0,382,258,0,370,346,0,396,294,0,398,266,0,398,247,0,387,364,0,413,307,0,404,280,0,393,265,0,393,373,0,419,323,0,412,300,0,402,285,0,391,374,0,409,339,0,409,318,0,404,303,0, SAD
254,364,0,258,315,0,283,280,0,311,258,0,331,242,0,332,309,0,357,264,0,361,239,0,360,223,0,347,326,0,371,276,0,371,250,0,367,233,0,352,336,0,373,290,0,375,265,0,371,247,0,351,339,0,368,303,0,373,281,0,372,263,0, SAD
217,350,0,216,306,0,248,280,0,288,269,0,319,262,0,277,327,0,322,295,0,338,269,0,347,247,0,289,345,0,329,307,0,340,274,0,341,251,0,295,352,0,323,312,0,322,286,0,314,270,0,298,351,0,314,320,0,314,298,0,308,286,0, SAD
237,415,0,244,388,0,275,362,0,309,341,0,334,326,0,297,431,0,335,385,0,349,353,0,356,327,0,317,443,0,350,395,0,356,360,0,353,334,0,329,442,0,353,397,0,353,368,0,349,348,0,334,433,0,347,400,0,346,376,0,345,360,0, SAD
241,421,0,249,391,0,280,363,0,312,343,0,335,329,0,303,428,0,340,385,0,356,355,0,365,331,0,322,443,0,355,395,0,360,363,0,357,340,0,333,444,0,357,397,0,356,372,0,352,356,0,337,438,0,351,401,0,350,379,0,349,366,0, SAD
253,420,0,261,391,0,290,361,0,322,340,0,346,326,0,315,427,0,350,385,0,366,353,0,375,326,0,332,441,0,364,394,0,373,359,0,374,331,0,343,442,0,367,397,0,371,368,0,371,347,0,348,435,0,361,401,0,363,376,0,365,359,0, SAD
260,426,0,271,392,0,302,362,0,334,341,0,359,328,0,328,428,0,364,385,0,379,353,0,388,326,0,344,442,0,378,396,0,387,360,0,388,333,0,354,445,0,380,399,0,383,370,0,383,348,0,357,439,0,374,405,0,376,380,0,378,361,0, SAD
284,431,0,292,399,0,328,369,0,362,348,0,388,333,0,350,441,0,389,395,0,405,361,0,413,333,0,369,454,0,406,399,0,398,371,0,383,357,0,382,452,0,411,399,0,396,376,0,381,368,0,387,443,0,400,405,0,393,384,0,383,374,0, SAD
302,439,0,307,409,0,340,380,0,375,357,0,402,342,0,365,454,0,403,405,0,420,370,0,430,340,0,386,467,0,421,418,0,425,381,0,422,353,0,400,466,0,422,419,0,418,390,0,413,372,0,404,458,0,416,422,0,413,398,0,410,381,0, SAD
309,444,0,319,411,0,355,380,0,388,357,0,415,344,0,382,448,0,420,406,0,435,373,0,443,344,0,398,464,0,437,417,0,442,382,0,438,355,0,409,467,0,438,421,0,431,393,0,423,376,0,411,462,0,429,426,0,425,401,0,419,384,0, SAD
340,440,0,354,404,0,392,373,0,426,351,0,453,338,0,422,442,0,458,397,0,472,364,0,480,337,0,437,459,0,477,408,0,473,375,0,459,355,0,446,464,0,473,413,0,459,387,0,445,376,0,447,462,0,462,424,0,453,401,0,445,389,0, SAD
366,431,0,381,394,0,420,362,0,458,341,0,485,329,0,449,437,0,489,390,0,502,358,0,507,330,0,463,457,0,502,403,0,501,370,0,492,348,0,471,463,0,500,409,0,493,383,0,482,367,0,472,460,0,491,418,0,487,395,0,480,381,0, SAD
388,427,0,404,392,0,440,361,0,477,339,0,502,326,0,471,436,0,510,389,0,524,355,0,529,325,0,485,451,0,523,400,0,531,363,0,529,333,0,492,454,0,522,405,0,526,373,0,525,349,0,491,449,0,513,410,0,517,383,0,518,363,0, SAD
391,422,0,415,383,0,458,352,0,497,326,0,522,306,0,492,422,0,532,370,0,541,336,0,545,309,0,504,443,0,544,384,0,546,349,0,542,323,0,507,450,0,539,396,0,539,366,0,535,344,0,504,447,0,528,408,0,529,383,0,527,364,0, SAD
411,401,0,429,362,0,469,331,0,509,306,0,537,287,0,510,404,0,548,348,0,553,314,0,553,289,0,526,422,0,558,359,0,547,326,0,536,308,0,533,426,0,558,368,0,546,342,0,534,328,0,534,422,0,549,379,0,541,357,0,534,344,0, SAD
396,387,0,414,345,0,451,309,0,487,282,0,512,262,0,493,373,0,531,320,0,539,286,0,540,260,0,508,394,0,545,332,0,543,296,0,533,273,0,514,403,0,544,344,0,539,314,0,529,294,0,513,401,0,534,356,0,532,330,0,526,312,0, SAD
389,384,0,405,339,0,443,302,0,483,274,0,510,255,0,487,368,0,526,313,0,532,278,0,533,250,0,504,388,0,541,324,0,540,287,0,533,260,0,510,394,0,539,335,0,535,304,0,527,282,0,509,391,0,531,348,0,529,321,0,525,302,0, SAD
372,388,0,385,338,0,423,298,0,462,271,0,489,250,0,467,357,0,506,303,0,514,269,0,516,245,0,483,378,0,523,319,0,525,283,0,520,259,0,490,387,0,527,334,0,529,303,0,525,280,0,490,386,0,519,348,0,524,322,0,523,302,0, SAD
354,385,0,368,338,0,409,301,0,450,273,0,475,253,0,447,368,0,487,311,0,496,276,0,499,249,0,465,385,0,508,323,0,502,287,0,491,266,0,472,390,0,506,331,0,493,305,0,478,291,0,471,386,0,492,343,0,484,319,0,474,305,0, SAD
341,387,0,351,340,0,388,303,0,429,278,0,457,260,0,429,366,0,468,309,0,478,275,0,480,250,0,448,385,0,490,321,0,490,285,0,483,261,0,457,391,0,491,332,0,486,301,0,478,282,0,458,388,0,482,345,0,480,317,0,475,299,0, SAD
297,395,0,305,348,0,337,308,0,374,285,0,401,266,0,373,368,0,415,316,0,430,283,0,438,258,0,393,388,0,435,331,0,442,296,0,440,271,0,402,396,0,438,344,0,443,313,0,440,292,0,404,395,0,431,356,0,437,329,0,436,310,0, SAD
290,396,0,295,350,0,326,309,0,363,281,0,389,259,0,360,373,0,403,314,0,417,276,0,422,249,0,382,393,0,426,328,0,432,290,0,428,265,0,394,400,0,428,338,0,432,304,0,429,282,0,397,396,0,420,351,0,424,322,0,423,301,0, SAD
256,393,0,257,344,0,287,306,0,325,284,0,350,265,0,320,363,0,360,308,0,377,275,0,387,251,0,341,381,0,381,323,0,390,286,0,391,260,0,353,388,0,387,335,0,395,301,0,395,276,0,357,386,0,383,344,0,390,315,0,392,293,0, SAD
245,386,0,244,341,0,270,305,0,306,282,0,330,261,0,302,359,0,340,301,0,354,267,0,364,243,0,322,376,0,362,318,0,371,281,0,371,255,0,333,381,0,365,330,0,371,297,0,370,274,0,337,378,0,360,340,0,363,314,0,362,295,0, SAD
227,388,0,225,345,0,248,308,0,282,284,0,305,269,0,277,362,0,316,304,0,329,271,0,338,247,0,298,379,0,340,320,0,348,285,0,347,260,0,309,384,0,343,333,0,347,302,0,344,282,0,314,382,0,338,344,0,340,319,0,336,302,0, SAD
224,392,0,215,353,0,231,316,0,261,292,0,282,275,0,259,363,0,295,308,0,310,277,0,319,254,0,281,380,0,318,324,0,328,290,0,330,265,0,295,387,0,323,337,0,330,306,0,331,285,0,304,386,0,324,348,0,327,323,0,326,305,0, SAD
200,412,0,198,378,0,221,347,0,253,323,0,279,303,0,242,418,0,286,366,0,303,329,0,313,300,0,268,433,0,309,380,0,318,338,0,319,308,0,284,434,0,313,382,0,317,347,0,317,322,0,292,426,0,309,387,0,310,358,0,310,339,0, SAD
203,409,0,200,374,0,224,344,0,256,322,0,284,301,0,241,414,0,287,362,0,305,326,0,315,296,0,265,431,0,310,378,0,320,337,0,319,305,0,280,433,0,314,380,0,316,345,0,315,321,0,290,426,0,308,387,0,308,358,0,307,339,0, SAD
195,415,0,196,377,0,221,345,0,254,321,0,281,300,0,240,412,0,285,360,0,303,325,0,312,297,0,262,431,0,307,377,0,318,337,0,319,306,0,277,434,0,310,381,0,317,345,0,319,319,0,286,429,0,306,389,0,309,360,0,309,339,0, SAD
184,414,0,183,375,0,206,344,0,238,325,0,264,307,0,220,405,0,265,356,0,285,323,0,295,295,0,244,426,0,288,372,0,301,334,0,301,304,0,260,434,0,295,381,0,304,346,0,304,321,0,270,432,0,292,393,0,296,365,0,294,345,0, SAD
171,418,0,167,378,0,187,343,0,219,323,0,245,306,0,202,406,0,248,354,0,268,321,0,279,294,0,229,426,0,271,371,0,286,333,0,285,305,0,247,432,0,279,378,0,287,344,0,288,321,0,259,429,0,278,389,0,283,361,0,281,342,0, SAD
166,417,0,159,378,0,177,345,0,206,322,0,231,303,0,193,408,0,238,355,0,258,321,0,269,293,0,220,425,0,262,373,0,277,335,0,278,305,0,239,430,0,270,382,0,279,346,0,280,320,0,251,426,0,270,394,0,274,367,0,272,349,0, SAD
158,419,0,150,380,0,168,346,0,199,325,0,226,308,0,183,409,0,228,354,0,249,319,0,260,292,0,210,426,0,253,371,0,268,333,0,269,304,0,231,430,0,261,377,0,269,342,0,271,318,0,245,426,0,263,387,0,266,359,0,264,339,0, SAD
136,425,0,128,385,0,144,349,0,175,328,0,203,313,0,158,403,0,201,354,0,224,321,0,238,292,0,183,423,0,225,373,0,242,337,0,246,308,0,201,431,0,235,385,0,248,352,0,252,326,0,214,431,0,238,393,0,245,367,0,246,346,0, SAD
330,459,0,337,419,0,369,381,0,397,354,0,421,328,0,402,438,0,432,391,0,440,356,0,440,327,0,415,452,0,440,399,0,422,373,0,407,364,0,427,457,0,445,406,0,420,389,0,404,387,0,433,458,0,439,420,0,423,403,0,410,397,0, SAD
328,455,0,335,417,0,366,382,0,395,358,0,421,335,0,398,440,0,430,394,0,440,359,0,442,329,0,411,456,0,439,402,0,428,374,0,414,361,0,421,461,0,442,409,0,423,388,0,408,382,0,426,460,0,434,421,0,423,400,0,412,392,0, SAD
314,458,0,322,416,0,356,379,0,389,355,0,416,338,0,389,437,0,425,390,0,432,358,0,431,335,0,403,457,0,432,404,0,425,376,0,414,363,0,411,465,0,433,412,0,420,392,0,409,386,0,414,465,0,429,425,0,419,407,0,410,401,0, SAD
280,455,0,282,413,0,306,376,0,336,351,0,360,333,0,342,431,0,375,383,0,385,353,0,388,329,0,360,451,0,386,396,0,393,365,0,393,342,0,371,459,0,390,406,0,392,380,0,390,362,0,376,459,0,390,418,0,390,396,0,387,381,0, SAD
435,437,0,425,397,0,396,364,0,369,339,0,355,316,0,358,405,0,345,353,0,345,325,0,346,303,0,346,422,0,335,370,0,345,345,0,351,330,0,343,432,0,334,386,0,345,371,0,352,362,0,345,435,0,336,405,0,342,396,0,347,392,0, SAD
438,437,0,428,398,0,399,366,0,372,340,0,355,318,0,359,406,0,345,353,0,346,324,0,347,302,0,348,423,0,339,371,0,349,347,0,357,334,0,346,432,0,339,388,0,350,372,0,358,364,0,350,434,0,338,409,0,342,402,0,345,400,0, SAD
449,442,0,438,401,0,409,368,0,383,342,0,367,320,0,372,405,0,353,355,0,353,328,0,354,309,0,360,422,0,346,371,0,353,348,0,358,334,0,358,431,0,348,386,0,354,370,0,360,360,0,361,433,0,352,400,0,357,385,0,363,377,0, SAD
447,445,0,439,406,0,411,375,0,385,349,0,369,328,0,373,411,0,355,361,0,354,334,0,355,315,0,361,426,0,346,373,0,351,348,0,357,332,0,359,432,0,346,385,0,352,365,0,358,352,0,361,433,0,352,397,0,356,380,0,361,369,0, SAD
446,455,0,437,419,0,410,388,0,385,363,0,369,342,0,375,425,0,357,373,0,355,345,0,356,324,0,363,440,0,347,387,0,352,361,0,357,344,0,360,446,0,347,399,0,351,378,0,356,364,0,362,446,0,351,410,0,355,393,0,359,381,0, SAD
445,458,0,436,421,0,411,391,0,386,369,0,370,349,0,376,423,0,358,374,0,356,348,0,357,329,0,365,438,0,347,386,0,350,359,0,354,341,0,361,447,0,347,402,0,349,378,0,353,362,0,364,449,0,352,417,0,353,399,0,357,387,0, SAD
440,456,0,434,420,0,409,390,0,385,368,0,371,349,0,377,424,0,360,376,0,357,350,0,357,332,0,365,439,0,348,389,0,353,364,0,358,348,0,361,446,0,348,404,0,352,386,0,357,374,0,363,448,0,353,416,0,356,400,0,361,390,0, SAD
444,456,0,437,421,0,411,391,0,387,369,0,372,352,0,381,425,0,363,379,0,362,354,0,363,334,0,369,439,0,353,393,0,357,368,0,361,352,0,365,447,0,353,407,0,357,388,0,361,375,0,365,450,0,355,421,0,360,407,0,365,398,0, SAD
468,454,0,462,423,0,443,401,0,421,387,0,405,375,0,413,420,0,402,376,0,399,351,0,398,334,0,404,432,0,390,386,0,390,360,0,392,342,0,401,441,0,389,402,0,389,378,0,389,364,0,403,446,0,390,421,0,388,406,0,388,396,0, SAD
491,456,0,460,457,0,424,451,0,396,449,0,375,449,0,419,431,0,410,387,0,408,361,0,408,341,0,433,422,0,418,379,0,414,354,0,410,336,0,449,412,0,434,375,0,424,354,0,418,339,0,466,402,0,449,374,0,439,359,0,431,346,0, SAD
515,462,0,505,440,0,484,416,0,467,393,0,456,374,0,455,435,0,445,388,0,445,361,0,447,340,0,453,437,0,437,389,0,437,361,0,440,341,0,457,436,0,442,393,0,440,366,0,440,348,0,464,431,0,451,397,0,445,377,0,442,362,0, SAD
506,459,0,492,446,0,469,425,0,456,398,0,448,377,0,440,437,0,432,390,0,433,362,0,435,341,0,443,434,0,433,388,0,431,360,0,431,340,0,452,428,0,441,386,0,436,362,0,435,343,0,462,419,0,451,387,0,446,367,0,442,350,0, SAD
481,457,0,475,429,0,453,405,0,433,387,0,418,371,0,417,423,0,405,384,0,405,359,0,406,341,0,408,436,0,396,394,0,399,371,0,402,354,0,407,446,0,395,409,0,398,391,0,402,379,0,410,452,0,398,429,0,400,417,0,404,409,0, SAD
464,457,0,433,457,0,398,450,0,372,447,0,352,448,0,388,435,0,376,391,0,374,365,0,373,348,0,402,426,0,385,382,0,380,357,0,378,341,0,418,416,0,400,378,0,393,358,0,388,344,0,436,405,0,419,377,0,410,362,0,403,349,0, SAD
449,456,0,440,421,0,416,394,0,393,375,0,379,360,0,381,422,0,364,378,0,361,354,0,360,336,0,371,436,0,356,390,0,358,365,0,360,348,0,369,444,0,356,405,0,359,384,0,361,370,0,371,448,0,360,420,0,362,405,0,365,394,0, SAD
440,454,0,428,418,0,404,389,0,379,370,0,363,356,0,370,421,0,351,379,0,349,355,0,349,338,0,361,435,0,346,391,0,349,368,0,352,354,0,359,444,0,347,404,0,350,385,0,353,373,0,360,447,0,350,418,0,352,403,0,356,392,0, SAD
420,450,0,410,416,0,385,389,0,360,370,0,345,354,0,354,423,0,335,381,0,332,357,0,332,339,0,343,439,0,325,393,0,327,368,0,330,352,0,339,447,0,323,407,0,325,387,0,327,373,0,340,450,0,326,422,0,327,406,0,329,395,0, SAD
410,453,0,398,417,0,372,390,0,346,370,0,331,352,0,340,423,0,321,381,0,320,357,0,320,340,0,329,440,0,312,396,0,315,371,0,320,356,0,327,450,0,311,412,0,315,392,0,319,379,0,329,455,0,315,427,0,317,413,0,321,404,0, SAD
410,456,0,394,418,0,365,389,0,340,369,0,324,353,0,330,421,0,312,381,0,311,358,0,312,341,0,322,438,0,306,396,0,312,376,0,316,363,0,321,449,0,307,412,0,313,395,0,318,385,0,326,454,0,312,428,0,316,413,0,321,405,0, SAD
392,449,0,379,412,0,350,385,0,324,366,0,310,350,0,318,420,0,300,379,0,299,356,0,300,339,0,309,437,0,291,394,0,293,371,0,297,356,0,309,446,0,293,409,0,295,389,0,298,376,0,314,450,0,300,421,0,301,405,0,303,396,0, SAD
370,446,0,354,408,0,323,379,0,297,360,0,282,345,0,287,416,0,271,375,0,274,353,0,277,340,0,280,434,0,267,392,0,276,376,0,282,371,0,282,445,0,269,406,0,279,393,0,286,389,0,287,449,0,274,419,0,282,408,0,289,404,0, SAD
351,437,0,338,399,0,305,370,0,277,349,0,264,331,0,269,405,0,251,364,0,251,341,0,251,325,0,262,423,0,243,382,0,246,360,0,249,345,0,263,433,0,246,397,0,248,377,0,251,364,0,269,437,0,253,409,0,253,393,0,256,381,0, SAD
317,425,0,300,382,0,267,357,0,239,338,0,227,318,0,232,393,0,218,355,0,235,352,0,246,360,0,224,412,0,212,373,0,227,369,0,237,377,0,225,424,0,213,388,0,226,383,0,236,390,0,230,431,0,218,403,0,228,398,0,235,402,0, SAD
457,349,0,416,325,0,395,298,0,375,279,0,365,257,0,441,249,0,418,216,0,404,195,0,394,177,0,454,250,0,442,204,0,433,176,0,427,153,0,459,260,0,429,231,0,408,209,0,394,192,0,451,275,0,410,273,0,387,276,0,371,279,0,WATER
453,351,0,410,327,0,391,300,0,373,280,0,362,258,0,446,254,0,433,214,0,426,190,0,423,169,0,454,256,0,440,210,0,433,179,0,429,153,0,454,264,0,417,233,0,395,210,0,382,191,0,443,276,0,399,273,0,377,276,0,362,281,0,WATER
443,347,0,400,324,0,380,298,0,363,278,0,353,255,0,432,250,0,419,210,0,413,184,0,410,163,0,442,253,0,428,208,0,421,176,0,416,151,0,442,262,0,408,234,0,387,213,0,374,197,0,433,277,0,393,273,0,370,274,0,354,275,0,WATER
436,349,0,396,326,0,375,302,0,356,282,0,344,260,0,427,253,0,412,210,0,405,182,0,401,159,0,433,257,0,406,215,0,397,186,0,391,161,0,432,265,0,390,250,0,382,255,0,382,261,0,421,277,0,381,275,0,365,280,0,356,286,0,WATER
431,350,0,388,327,0,369,300,0,349,279,0,338,256,0,425,253,0,411,213,0,405,188,0,401,166,0,433,254,0,423,208,0,418,176,0,415,150,0,432,262,0,394,230,0,370,207,0,355,190,0,419,275,0,375,271,0,353,276,0,340,281,0,WATER
418,349,0,378,325,0,356,300,0,338,279,0,327,260,0,412,252,0,400,207,0,397,179,0,395,155,0,417,257,0,377,225,0,355,206,0,338,189,0,414,266,0,363,262,0,353,278,0,352,290,0,403,279,0,362,279,0,348,287,0,340,292,0,WATER
405,346,0,365,325,0,343,301,0,326,281,0,315,260,0,395,250,0,382,210,0,376,184,0,372,163,0,403,252,0,384,209,0,377,177,0,373,150,0,403,260,0,366,233,0,348,221,0,338,213,0,395,274,0,355,270,0,335,272,0,323,275,0,WATER
403,344,0,362,324,0,342,299,0,325,279,0,313,258,0,393,250,0,381,209,0,374,183,0,371,161,0,402,251,0,386,207,0,378,174,0,374,148,0,402,259,0,367,230,0,345,211,0,332,196,0,391,272,0,353,269,0,333,272,0,319,277,0,WATER
400,341,0,359,322,0,338,297,0,322,278,0,308,259,0,392,248,0,377,205,0,371,178,0,367,155,0,399,250,0,366,212,0,349,188,0,338,168,0,397,259,0,355,237,0,339,228,0,331,222,0,386,272,0,347,271,0,330,274,0,321,278,0,WATER
393,342,0,355,318,0,333,295,0,314,276,0,301,258,0,387,247,0,371,203,0,366,175,0,362,151,0,391,251,0,348,221,0,326,204,0,310,187,0,387,261,0,339,252,0,330,266,0,329,277,0,375,274,0,338,271,0,321,275,0,310,278,0,WATER
386,340,0,347,318,0,326,293,0,307,274,0,295,255,0,378,244,0,363,200,0,358,172,0,355,148,0,383,249,0,338,220,0,316,201,0,301,183,0,379,259,0,325,258,0,320,278,0,326,290,0,368,272,0,328,272,0,317,280,0,313,283,0,WATER
378,341,0,336,320,0,315,294,0,297,274,0,287,255,0,364,246,0,350,205,0,342,180,0,339,158,0,373,245,0,346,204,0,336,173,0,332,146,0,372,251,0,327,225,0,309,209,0,303,196,0,363,264,0,321,265,0,306,271,0,301,275,0,WATER
368,345,0,330,321,0,308,297,0,290,278,0,278,260,0,360,248,0,346,204,0,342,175,0,338,150,0,365,250,0,319,222,0,298,205,0,284,187,0,363,257,0,317,248,0,312,257,0,315,261,0,353,268,0,314,270,0,300,278,0,293,282,0,WATER
366,349,0,329,323,0,307,297,0,286,277,0,272,260,0,356,251,0,340,205,0,336,176,0,333,151,0,358,253,0,312,224,0,290,207,0,276,189,0,355,261,0,301,261,0,295,285,0,299,302,0,344,273,0,304,274,0,292,282,0,286,287,0,WATER
360,350,0,324,324,0,303,300,0,283,280,0,268,263,0,351,253,0,335,207,0,330,178,0,326,151,0,355,254,0,306,229,0,285,213,0,272,194,0,352,261,0,304,256,0,299,272,0,303,282,0,342,271,0,303,274,0,289,282,0,282,288,0,WATER
359,350,0,320,324,0,298,301,0,279,283,0,266,266,0,344,251,0,329,209,0,323,182,0,319,158,0,351,251,0,309,222,0,293,201,0,283,180,0,350,258,0,301,256,0,297,275,0,302,289,0,341,270,0,301,273,0,288,284,0,282,291,0,WATER
350,351,0,312,324,0,291,299,0,272,279,0,258,263,0,340,253,0,324,207,0,319,178,0,315,152,0,341,254,0,296,223,0,274,206,0,259,190,0,337,261,0,285,258,0,278,281,0,280,298,0,326,272,0,287,274,0,275,286,0,270,294,0,WATER
345,350,0,309,325,0,289,300,0,269,281,0,253,264,0,333,253,0,312,210,0,304,183,0,298,159,0,334,253,0,287,226,0,267,209,0,253,191,0,330,260,0,278,259,0,271,280,0,274,295,0,319,270,0,278,274,0,269,286,0,266,294,0,WATER
342,351,0,308,321,0,292,295,0,275,274,0,259,260,0,332,252,0,315,205,0,309,176,0,305,150,0,332,255,0,284,227,0,260,210,0,244,192,0,328,262,0,274,262,0,265,285,0,266,300,0,317,272,0,274,275,0,262,288,0,258,296,0,WATER
338,351,0,316,317,0,305,287,0,288,262,0,273,246,0,332,252,0,317,205,0,311,176,0,308,150,0,330,254,0,281,225,0,260,208,0,245,191,0,323,261,0,271,257,0,261,278,0,261,293,0,313,271,0,272,272,0,261,285,0,256,293,0,WATER
337,348,0,302,321,0,284,296,0,267,276,0,251,262,0,327,247,0,314,202,0,312,175,0,310,149,0,329,250,0,281,224,0,261,208,0,248,191,0,325,258,0,274,252,0,264,273,0,265,288,0,316,269,0,274,272,0,262,285,0,258,294,0,WATER
339,352,0,310,321,0,296,292,0,279,269,0,264,253,0,331,252,0,319,206,0,315,177,0,313,152,0,330,254,0,284,225,0,263,206,0,248,188,0,325,262,0,272,258,0,262,280,0,263,295,0,315,272,0,273,273,0,261,286,0,257,294,0,WATER
336,348,0,302,319,0,288,291,0,275,268,0,262,252,0,325,249,0,313,203,0,311,175,0,310,149,0,328,250,0,281,222,0,260,206,0,247,190,0,325,257,0,272,250,0,260,271,0,260,286,0,317,267,0,273,271,0,261,286,0,258,296,0,WATER
320,348,0,305,312,0,298,279,0,288,252,0,276,235,0,317,250,0,307,203,0,305,174,0,306,149,0,314,251,0,271,219,0,252,200,0,241,182,0,308,259,0,257,254,0,248,273,0,249,286,0,298,271,0,256,273,0,243,282,0,235,287,0,WATER
318,354,0,309,318,0,301,284,0,288,258,0,275,242,0,318,255,0,307,206,0,304,176,0,302,151,0,313,257,0,268,225,0,247,207,0,233,188,0,305,264,0,258,258,0,248,272,0,246,281,0,294,274,0,254,274,0,243,283,0,236,288,0,WATER
311,352,0,305,314,0,297,277,0,284,251,0,269,235,0,308,251,0,298,203,0,295,174,0,294,150,0,302,254,0,258,221,0,237,203,0,222,187,0,293,263,0,245,258,0,235,274,0,234,285,0,282,275,0,241,277,0,232,288,0,228,295,0,WATER
305,353,0,298,316,0,290,280,0,277,254,0,262,241,0,303,254,0,290,205,0,287,177,0,285,152,0,298,256,0,255,224,0,232,206,0,217,190,0,289,264,0,245,250,0,232,249,0,228,247,0,276,276,0,238,277,0,227,283,0,221,287,0,WATER
301,352,0,291,315,0,284,279,0,271,255,0,255,242,0,298,252,0,286,204,0,282,175,0,280,150,0,293,254,0,250,223,0,228,206,0,213,190,0,285,262,0,237,255,0,226,268,0,223,278,0,274,273,0,235,275,0,225,286,0,219,295,0,WATER
289,348,0,271,310,0,262,276,0,253,252,0,239,239,0,288,250,0,279,202,0,276,173,0,275,148,0,285,252,0,253,215,0,236,193,0,225,176,0,278,260,0,238,249,0,224,255,0,218,261,0,268,273,0,230,274,0,213,282,0,202,289,0,WATER
283,341,0,280,304,0,273,268,0,261,243,0,245,231,0,281,247,0,269,199,0,265,171,0,264,146,0,276,248,0,234,215,0,213,199,0,199,184,0,267,255,0,221,241,0,203,239,0,194,239,0,258,268,0,220,272,0,208,279,0,201,286,0,WATER
279,340,0,279,304,0,270,269,0,255,246,0,238,235,0,276,247,0,261,198,0,257,170,0,256,146,0,267,251,0,224,218,0,202,201,0,187,184,0,257,261,0,211,256,0,200,266,0,196,272,0,247,274,0,212,278,0,204,288,0,200,296,0,WATER
289,346,0,283,309,0,274,273,0,261,246,0,245,232,0,287,251,0,272,202,0,267,174,0,264,150,0,280,256,0,238,224,0,214,208,0,196,193,0,271,266,0,226,257,0,208,261,0,198,264,0,261,279,0,224,278,0,211,283,0,202,288,0,WATER
317,349,0,312,309,0,307,273,0,294,245,0,279,229,0,314,252,0,303,208,0,298,182,0,297,159,0,311,255,0,291,213,0,284,183,0,279,158,0,302,267,0,261,240,0,237,227,0,223,215,0,290,284,0,252,279,0,236,280,0,225,281,0,WATER
342,354,0,317,325,0,301,296,0,282,275,0,264,263,0,336,259,0,321,216,0,317,188,0,316,164,0,333,262,0,291,231,0,269,215,0,253,201,0,325,271,0,277,265,0,270,286,0,272,301,0,313,284,0,275,282,0,265,291,0,261,296,0,WATER
356,363,0,322,338,0,304,314,0,286,294,0,272,279,0,350,271,0,340,230,0,337,203,0,336,181,0,351,274,0,313,241,0,294,223,0,280,206,0,346,282,0,301,279,0,295,299,0,297,314,0,336,294,0,301,293,0,288,300,0,282,305,0,WATER
366,370,0,333,345,0,315,321,0,297,302,0,284,286,0,363,279,0,354,237,0,351,209,0,349,186,0,363,282,0,322,253,0,301,237,0,285,223,0,357,291,0,310,291,0,306,311,0,309,326,0,345,302,0,311,301,0,299,307,0,292,311,0,WATER
373,373,0,344,346,0,327,321,0,310,301,0,295,287,0,369,282,0,361,240,0,359,213,0,358,189,0,369,285,0,327,257,0,308,242,0,294,226,0,363,293,0,316,290,0,310,309,0,311,324,0,352,304,0,317,302,0,304,309,0,296,314,0,WATER
383,373,0,349,349,0,333,327,0,317,307,0,303,293,0,378,286,0,368,245,0,366,218,0,365,194,0,378,289,0,338,262,0,316,246,0,300,232,0,374,297,0,329,295,0,324,314,0,325,328,0,365,307,0,331,306,0,317,312,0,308,317,0,WATER
403,374,0,366,351,0,352,327,0,338,307,0,327,289,0,399,289,0,388,251,0,384,228,0,382,208,0,407,290,0,403,246,0,403,216,0,402,190,0,404,296,0,370,269,0,351,254,0,340,242,0,391,308,0,355,303,0,337,303,0,325,305,0,WATER
406,374,0,368,352,0,356,328,0,342,309,0,332,290,0,403,290,0,396,251,0,393,227,0,392,207,0,412,289,0,410,246,0,410,216,0,409,192,0,410,296,0,376,267,0,355,253,0,342,243,0,397,308,0,360,301,0,340,302,0,327,304,0,WATER
420,366,0,390,341,0,373,319,0,358,299,0,346,281,0,424,282,0,418,239,0,418,213,0,417,190,0,426,286,0,391,253,0,370,234,0,354,219,0,421,293,0,377,281,0,363,289,0,357,297,0,408,303,0,373,298,0,358,301,0,349,304,0,WATER
429,376,0,410,352,0,394,328,0,371,313,0,353,302,0,423,298,0,413,256,0,409,230,0,407,211,0,424,299,0,414,256,0,410,225,0,410,202,0,417,305,0,383,287,0,380,300,0,386,309,0,403,314,0,370,313,0,369,328,0,375,337,0,WATER
429,377,0,412,353,0,395,328,0,370,313,0,352,302,0,426,300,0,414,260,0,410,235,0,408,216,0,425,300,0,412,257,0,407,227,0,405,204,0,416,306,0,381,288,0,377,300,0,383,309,0,402,314,0,371,313,0,370,328,0,377,338,0,WATER
430,376,0,416,352,0,398,328,0,372,314,0,353,305,0,425,299,0,413,259,0,408,233,0,407,214,0,423,300,0,408,258,0,402,228,0,400,205,0,414,307,0,377,293,0,373,310,0,379,322,0,400,316,0,370,313,0,370,329,0,377,338,0,WATER
430,386,0,395,364,0,379,341,0,363,322,0,354,303,0,421,303,0,407,263,0,400,235,0,395,214,0,424,303,0,407,261,0,401,230,0,399,206,0,419,309,0,377,299,0,372,319,0,378,332,0,407,315,0,371,316,0,370,333,0,377,343,0,WATER
431,385,0,395,363,0,380,340,0,364,321,0,354,304,0,421,303,0,403,265,0,392,239,0,384,220,0,425,303,0,410,260,0,403,229,0,400,205,0,419,308,0,379,296,0,374,315,0,381,327,0,406,315,0,370,315,0,369,331,0,376,341,0,WATER
439,385,0,400,365,0,381,341,0,365,321,0,351,302,0,420,298,0,401,260,0,391,234,0,385,214,0,429,299,0,411,258,0,404,226,0,402,201,0,428,307,0,385,297,0,380,315,0,386,325,0,419,319,0,380,316,0,378,331,0,386,339,0,WATER
439,385,0,399,365,0,381,341,0,365,322,0,351,304,0,419,297,0,405,257,0,398,230,0,395,209,0,428,297,0,411,255,0,404,225,0,402,201,0,426,306,0,387,287,0,379,287,0,384,284,0,416,318,0,379,318,0,376,331,0,384,340,0,WATER
436,387,0,397,367,0,380,344,0,364,324,0,350,307,0,419,300,0,407,259,0,403,231,0,400,209,0,425,301,0,398,264,0,386,237,0,380,214,0,423,310,0,380,301,0,377,318,0,384,329,0,413,321,0,376,321,0,376,336,0,384,345,0,WATER
432,389,0,393,369,0,375,346,0,360,327,0,346,309,0,414,303,0,400,263,0,394,236,0,390,215,0,421,304,0,398,265,0,388,236,0,385,212,0,419,312,0,377,302,0,374,319,0,382,328,0,409,323,0,372,323,0,372,337,0,381,345,0,WATER
430,389,0,391,369,0,372,347,0,356,329,0,342,311,0,409,303,0,392,265,0,384,240,0,380,219,0,416,304,0,386,268,0,374,242,0,369,220,0,414,312,0,371,305,0,367,324,0,374,336,0,406,323,0,370,324,0,370,338,0,379,346,0,WATER
424,389,0,387,370,0,369,348,0,352,329,0,338,313,0,406,305,0,396,265,0,392,239,0,390,217,0,412,306,0,390,268,0,381,238,0,379,214,0,409,314,0,370,304,0,366,320,0,373,330,0,400,324,0,364,325,0,364,341,0,372,350,0,WATER
425,389,0,387,370,0,369,348,0,352,329,0,338,313,0,407,306,0,394,267,0,388,241,0,385,221,0,414,306,0,394,267,0,387,236,0,385,212,0,411,312,0,370,302,0,366,319,0,374,329,0,402,322,0,364,324,0,364,339,0,372,349,0,WATER
420,391,0,382,371,0,364,349,0,348,330,0,335,315,0,401,306,0,392,265,0,389,237,0,387,214,0,406,307,0,377,274,0,365,247,0,360,225,0,403,315,0,361,311,0,359,329,0,367,341,0,395,326,0,360,327,0,360,342,0,367,351,0,WATER
418,390,0,381,372,0,363,350,0,347,332,0,332,316,0,398,306,0,382,270,0,374,246,0,369,226,0,403,307,0,376,272,0,366,243,0,364,218,0,401,314,0,358,308,0,356,327,0,364,339,0,392,325,0,357,327,0,358,341,0,367,350,0,WATER
413,393,0,376,372,0,358,349,0,342,332,0,327,316,0,394,306,0,382,265,0,377,239,0,374,216,0,400,308,0,369,274,0,356,247,0,351,225,0,398,315,0,355,308,0,352,325,0,360,337,0,389,325,0,354,326,0,354,342,0,362,351,0,WATER
411,395,0,373,376,0,354,352,0,338,333,0,323,316,0,392,307,0,380,266,0,376,238,0,372,214,0,396,309,0,355,282,0,335,265,0,324,249,0,393,316,0,348,312,0,347,331,0,356,343,0,384,326,0,350,328,0,352,344,0,360,353,0,WATER
407,393,0,368,374,0,350,351,0,334,333,0,320,317,0,386,306,0,372,265,0,367,238,0,363,214,0,390,307,0,350,283,0,331,266,0,321,249,0,388,316,0,344,313,0,343,332,0,351,343,0,380,327,0,345,328,0,346,343,0,354,352,0,WATER
462,375,0,425,352,0,410,328,0,395,307,0,384,286,0,453,289,0,433,253,0,423,230,0,416,212,0,462,291,0,453,248,0,452,217,0,455,193,0,459,297,0,422,280,0,417,294,0,425,302,0,447,306,0,408,303,0,406,318,0,414,327,0,WATER
459,376,0,422,353,0,407,329,0,392,309,0,380,290,0,449,291,0,427,257,0,414,235,0,405,217,0,458,291,0,447,248,0,445,218,0,447,193,0,455,298,0,419,276,0,415,280,0,424,280,0,442,308,0,404,306,0,402,319,0,411,327,0,WATER
454,376,0,415,356,0,398,333,0,384,312,0,374,293,0,442,292,0,428,254,0,420,229,0,417,210,0,452,293,0,439,251,0,435,221,0,436,196,0,450,301,0,414,283,0,410,295,0,418,300,0,439,311,0,402,307,0,399,321,0,407,329,0,WATER
451,377,0,413,357,0,395,333,0,380,313,0,369,294,0,438,293,0,424,254,0,417,227,0,413,208,0,446,294,0,432,253,0,427,222,0,427,197,0,444,302,0,404,291,0,398,309,0,405,318,0,434,312,0,397,310,0,395,324,0,403,332,0,WATER
444,381,0,406,360,0,388,337,0,374,317,0,363,298,0,432,297,0,418,257,0,412,230,0,408,209,0,439,298,0,423,257,0,418,226,0,417,201,0,436,306,0,395,295,0,391,313,0,397,322,0,426,316,0,389,313,0,387,327,0,395,335,0,WATER
444,383,0,404,363,0,386,338,0,370,318,0,358,298,0,426,298,0,405,264,0,392,242,0,384,224,0,436,297,0,421,256,0,414,226,0,413,202,0,435,305,0,395,289,0,391,304,0,400,311,0,425,315,0,386,312,0,385,327,0,393,335,0,WATER
445,382,0,405,362,0,387,338,0,371,318,0,357,299,0,427,297,0,409,260,0,400,236,0,395,217,0,435,297,0,419,256,0,412,226,0,411,201,0,434,305,0,393,292,0,388,309,0,395,318,0,425,316,0,386,313,0,384,327,0,391,336,0,WATER
443,383,0,404,363,0,386,338,0,369,318,0,355,299,0,426,296,0,412,255,0,406,228,0,403,207,0,433,297,0,416,256,0,410,225,0,409,201,0,431,305,0,390,295,0,385,312,0,392,321,0,423,316,0,384,314,0,382,329,0,389,337,0,WATER
438,384,0,399,364,0,381,341,0,365,322,0,352,302,0,421,299,0,406,259,0,399,233,0,394,212,0,429,301,0,411,261,0,404,231,0,401,207,0,427,308,0,385,298,0,380,317,0,387,327,0,418,319,0,380,317,0,379,332,0,387,340,0,WATER
436,386,0,396,365,0,379,342,0,363,322,0,349,303,0,418,299,0,404,259,0,398,231,0,395,210,0,427,300,0,409,260,0,402,230,0,400,205,0,425,308,0,383,297,0,378,315,0,385,325,0,416,320,0,378,316,0,376,331,0,383,340,0,WATER
435,384,0,397,364,0,382,339,0,366,319,0,354,300,0,424,299,0,413,262,0,407,238,0,404,219,0,432,299,0,422,259,0,419,229,0,420,204,0,430,306,0,391,289,0,384,300,0,389,307,0,419,316,0,380,316,0,378,331,0,385,341,0,WATER
436,385,0,398,364,0,380,339,0,364,319,0,352,300,0,424,299,0,419,256,0,419,229,0,420,206,0,429,300,0,402,268,0,386,245,0,376,226,0,426,308,0,384,299,0,379,315,0,386,325,0,416,318,0,380,317,0,378,332,0,386,342,0,WATER
424,383,0,388,362,0,371,336,0,356,317,0,342,301,0,408,295,0,398,256,0,393,232,0,391,211,0,415,295,0,402,257,0,397,228,0,396,204,0,414,303,0,378,289,0,371,301,0,375,309,0,406,315,0,371,315,0,369,329,0,374,339,0,WATER
404,385,0,369,363,0,351,340,0,335,320,0,321,303,0,390,296,0,380,254,0,378,228,0,377,204,0,393,296,0,356,266,0,338,248,0,328,231,0,389,304,0,345,297,0,342,317,0,350,330,0,380,315,0,344,314,0,343,330,0,350,340,0,WATER
397,384,0,360,362,0,343,339,0,327,320,0,313,304,0,378,295,0,356,262,0,344,242,0,335,223,0,384,295,0,343,271,0,326,255,0,317,237,0,383,303,0,336,301,0,334,320,0,343,331,0,374,314,0,338,318,0,338,333,0,347,340,0,WATER
394,384,0,357,363,0,339,339,0,323,321,0,307,305,0,376,299,0,345,272,0,327,254,0,314,238,0,381,299,0,343,272,0,322,255,0,309,238,0,377,306,0,332,302,0,329,322,0,338,332,0,367,317,0,331,319,0,331,334,0,340,342,0,WATER
390,383,0,354,362,0,336,338,0,319,320,0,304,305,0,372,299,0,341,271,0,324,253,0,312,237,0,375,299,0,336,272,0,317,252,0,305,234,0,371,306,0,326,302,0,324,322,0,332,333,0,361,315,0,326,317,0,326,332,0,335,340,0,WATER
381,380,0,343,360,0,325,337,0,309,320,0,294,304,0,360,296,0,329,268,0,312,250,0,300,233,0,365,296,0,328,270,0,309,252,0,299,234,0,363,303,0,318,299,0,316,319,0,325,329,0,354,313,0,318,315,0,319,331,0,329,338,0,WATER
371,383,0,334,365,0,314,343,0,296,326,0,282,311,0,350,296,0,336,254,0,332,226,0,330,202,0,353,297,0,310,272,0,291,254,0,280,236,0,349,304,0,304,307,0,304,326,0,314,336,0,341,313,0,306,320,0,307,336,0,316,344,0,WATER
367,389,0,329,366,0,310,341,0,291,324,0,275,311,0,344,296,0,331,254,0,326,227,0,323,203,0,346,298,0,303,272,0,283,254,0,272,237,0,342,306,0,297,309,0,298,330,0,307,340,0,334,315,0,299,321,0,302,338,0,311,346,0,WATER
360,387,0,320,367,0,300,343,0,282,324,0,267,312,0,337,297,0,322,254,0,317,226,0,314,203,0,340,299,0,296,273,0,276,256,0,265,239,0,336,306,0,290,308,0,290,329,0,299,341,0,328,315,0,293,322,0,295,339,0,304,347,0,WATER
345,377,0,378,358,0,400,333,0,416,315,0,431,301,0,377,288,0,394,255,0,403,234,0,408,216,0,362,288,0,365,242,0,368,213,0,369,190,0,353,296,0,382,264,0,405,254,0,420,245,0,353,313,0,388,299,0,405,308,0,414,318,0,WATER
346,375,0,380,357,0,402,332,0,417,315,0,433,301,0,379,287,0,396,254,0,404,234,0,410,217,0,363,287,0,365,241,0,370,212,0,373,189,0,354,296,0,387,271,0,411,276,0,424,279,0,354,313,0,389,301,0,406,311,0,415,323,0,WATER
352,375,0,388,357,0,408,332,0,423,316,0,438,302,0,385,285,0,402,253,0,410,232,0,416,214,0,368,285,0,372,241,0,376,213,0,378,189,0,358,295,0,388,269,0,410,264,0,423,260,0,357,314,0,394,304,0,414,311,0,428,319,0,WATER
360,374,0,394,355,0,414,331,0,429,316,0,444,304,0,393,284,0,407,253,0,414,232,0,417,214,0,377,284,0,380,241,0,382,212,0,382,188,0,366,295,0,393,266,0,415,256,0,430,247,0,364,314,0,399,304,0,419,311,0,432,321,0,WATER
369,375,0,402,355,0,423,330,0,438,316,0,455,307,0,400,284,0,410,252,0,414,229,0,415,210,0,385,285,0,391,242,0,394,213,0,393,189,0,375,295,0,401,266,0,423,247,0,437,230,0,372,314,0,409,305,0,429,313,0,441,324,0,WATER
379,374,0,413,355,0,433,329,0,449,315,0,466,304,0,410,284,0,419,250,0,423,227,0,424,208,0,396,285,0,402,241,0,405,212,0,406,187,0,387,295,0,414,266,0,435,250,0,449,234,0,384,314,0,421,304,0,439,311,0,451,321,0,WATER
390,373,0,424,353,0,445,328,0,463,314,0,481,302,0,421,282,0,431,249,0,436,226,0,437,207,0,407,283,0,414,241,0,417,213,0,418,190,0,398,293,0,425,265,0,447,246,0,462,229,0,396,312,0,434,305,0,455,314,0,469,324,0,WATER
329,368,0,365,356,0,391,336,0,409,324,0,427,314,0,380,284,0,394,248,0,400,225,0,403,205,0,362,281,0,373,234,0,378,205,0,381,179,0,349,289,0,383,270,0,409,257,0,427,244,0,341,305,0,380,310,0,399,323,0,412,334,0,WATER
331,368,0,366,356,0,391,336,0,409,324,0,427,315,0,381,284,0,396,249,0,402,227,0,405,207,0,364,282,0,375,235,0,380,205,0,383,179,0,351,289,0,383,270,0,409,256,0,428,243,0,343,306,0,381,310,0,399,323,0,412,334,0,WATER
331,370,0,365,357,0,391,336,0,409,324,0,426,315,0,380,286,0,394,249,0,399,225,0,402,205,0,364,283,0,373,236,0,378,205,0,381,180,0,350,291,0,381,270,0,408,257,0,427,245,0,342,307,0,378,310,0,399,321,0,412,332,0,WATER
325,369,0,361,355,0,388,334,0,407,323,0,425,314,0,376,284,0,389,248,0,395,226,0,397,207,0,360,281,0,370,234,0,376,204,0,379,178,0,347,288,0,378,270,0,404,256,0,423,243,0,338,305,0,376,308,0,395,321,0,408,333,0,WATER
318,368,0,354,355,0,380,335,0,398,324,0,415,316,0,370,283,0,382,246,0,386,221,0,389,200,0,354,281,0,365,234,0,371,203,0,375,178,0,341,289,0,372,270,0,399,257,0,419,244,0,333,306,0,368,308,0,387,321,0,401,333,0,WATER
311,370,0,347,356,0,374,336,0,392,324,0,409,316,0,363,285,0,377,248,0,381,224,0,384,204,0,347,282,0,357,235,0,363,204,0,366,179,0,332,291,0,363,271,0,390,259,0,410,247,0,323,308,0,358,309,0,378,320,0,392,331,0,WATER
304,371,0,342,356,0,368,336,0,387,325,0,405,317,0,358,285,0,371,248,0,376,223,0,378,202,0,341,283,0,352,235,0,358,205,0,362,179,0,327,291,0,358,270,0,386,259,0,406,247,0,318,308,0,353,307,0,373,318,0,387,330,0,WATER
297,372,0,334,357,0,361,337,0,379,325,0,397,317,0,351,286,0,364,249,0,369,224,0,372,203,0,334,283,0,344,235,0,350,204,0,354,178,0,320,291,0,350,271,0,377,257,0,397,245,0,310,308,0,346,309,0,367,321,0,380,333,0,WATER
281,370,0,316,356,0,344,334,0,362,321,0,377,310,0,335,285,0,351,252,0,362,232,0,368,215,0,319,281,0,330,230,0,336,201,0,339,175,0,303,287,0,330,264,0,355,248,0,372,233,0,292,302,0,328,302,0,349,315,0,361,329,0,WATER
267,407,0,303,391,0,330,370,0,348,357,0,366,351,0,318,322,0,328,282,0,332,255,0,333,234,0,301,320,0,309,272,0,313,242,0,314,218,0,286,329,0,314,309,0,337,295,0,352,282,0,278,346,0,315,348,0,336,360,0,348,372,0,WATER
286,352,0,304,360,0,324,360,0,344,356,0,362,352,0,319,316,0,335,300,0,345,289,0,350,278,0,310,303,0,315,266,0,317,243,0,316,224,0,304,298,0,315,267,0,322,247,0,326,229,0,299,298,0,316,281,0,326,271,0,333,260,0,WATER
267,404,0,304,389,0,332,368,0,349,356,0,367,350,0,320,321,0,330,281,0,334,255,0,334,233,0,303,320,0,310,271,0,314,242,0,315,218,0,287,328,0,315,309,0,338,295,0,353,282,0,278,345,0,316,348,0,337,360,0,349,372,0,WATER
262,404,0,297,390,0,324,369,0,340,357,0,355,351,0,315,320,0,323,282,0,327,256,0,328,235,0,298,318,0,306,271,0,310,242,0,312,219,0,283,327,0,308,309,0,330,296,0,344,284,0,273,343,0,308,347,0,329,359,0,342,370,0,WATER
258,406,0,292,393,0,318,371,0,333,359,0,347,350,0,310,321,0,320,283,0,324,257,0,324,235,0,292,319,0,299,272,0,304,242,0,306,218,0,276,327,0,304,308,0,324,299,0,338,288,0,266,343,0,302,348,0,322,359,0,335,369,0,WATER
252,409,0,286,394,0,312,372,0,327,358,0,340,350,0,304,322,0,315,284,0,320,259,0,322,238,0,286,321,0,292,273,0,296,244,0,297,221,0,269,329,0,294,309,0,315,299,0,329,288,0,259,346,0,296,350,0,318,361,0,332,371,0,WATER
255,406,0,291,390,0,318,369,0,337,358,0,354,353,0,305,322,0,316,281,0,320,254,0,322,233,0,288,322,0,297,274,0,303,244,0,306,220,0,274,331,0,303,312,0,328,300,0,345,288,0,267,348,0,307,350,0,326,361,0,337,373,0,WATER
249,407,0,285,393,0,310,370,0,327,357,0,343,350,0,302,323,0,313,284,0,318,258,0,319,236,0,284,320,0,292,271,0,296,242,0,297,217,0,268,328,0,296,310,0,318,297,0,332,284,0,258,344,0,297,349,0,318,361,0,332,371,0,WATER
248,408,0,283,393,0,308,370,0,324,357,0,338,349,0,299,321,0,309,282,0,313,256,0,314,234,0,281,320,0,289,272,0,293,242,0,294,218,0,265,328,0,292,309,0,313,296,0,326,284,0,255,345,0,293,349,0,314,361,0,327,372,0,WATER
247,409,0,282,394,0,307,371,0,324,358,0,339,350,0,298,322,0,309,283,0,314,257,0,316,235,0,280,320,0,288,273,0,292,243,0,293,219,0,264,328,0,292,310,0,313,296,0,327,282,0,254,344,0,294,348,0,315,361,0,328,374,0,WATER
246,410,0,280,394,0,305,371,0,321,357,0,336,349,0,297,323,0,307,283,0,312,258,0,314,236,0,279,321,0,286,273,0,291,243,0,293,219,0,263,329,0,290,309,0,312,296,0,326,284,0,253,345,0,291,349,0,312,361,0,325,373,0,WATER
243,409,0,278,393,0,303,370,0,318,357,0,333,349,0,293,322,0,302,282,0,307,256,0,308,235,0,275,321,0,283,273,0,288,244,0,289,220,0,259,329,0,287,309,0,309,297,0,324,285,0,249,347,0,288,350,0,309,361,0,322,372,0,WATER
240,411,0,274,395,0,299,371,0,314,358,0,329,349,0,289,323,0,299,283,0,304,257,0,306,236,0,271,321,0,279,273,0,283,243,0,284,219,0,255,329,0,281,309,0,303,295,0,317,281,0,246,345,0,285,349,0,305,361,0,318,373,0,WATER
236,410,0,270,395,0,294,371,0,309,358,0,323,349,0,286,322,0,295,283,0,300,257,0,302,235,0,268,320,0,275,273,0,279,244,0,280,220,0,252,329,0,277,309,0,298,297,0,311,285,0,242,346,0,280,350,0,301,362,0,314,372,0,WATER
231,410,0,266,396,0,290,372,0,305,358,0,319,349,0,281,322,0,292,283,0,298,258,0,300,237,0,263,321,0,270,274,0,274,243,0,275,220,0,247,330,0,271,310,0,291,300,0,303,291,0,237,348,0,274,350,0,295,360,0,308,368,0,WATER
226,412,0,261,397,0,286,373,0,301,359,0,314,350,0,277,323,0,288,283,0,293,258,0,295,237,0,259,322,0,265,274,0,269,244,0,269,220,0,243,331,0,266,310,0,284,301,0,295,291,0,233,348,0,269,351,0,290,361,0,303,371,0,WATER
222,410,0,256,395,0,279,371,0,294,357,0,307,347,0,271,320,0,283,280,0,289,255,0,291,234,0,253,319,0,259,272,0,262,242,0,262,218,0,236,329,0,259,308,0,277,298,0,288,287,0,225,346,0,261,349,0,284,359,0,298,368,0,WATER
220,411,0,253,395,0,276,371,0,291,357,0,305,346,0,268,320,0,280,281,0,286,256,0,288,235,0,249,320,0,255,273,0,259,243,0,259,218,0,233,330,0,253,309,0,272,299,0,283,289,0,223,348,0,258,349,0,279,359,0,292,369,0,WATER
319,409,0,356,393,0,382,372,0,399,360,0,413,356,0,365,323,0,374,285,0,378,260,0,380,240,0,351,322,0,360,278,0,367,250,0,372,227,0,340,331,0,372,314,0,397,301,0,416,289,0,336,349,0,375,350,0,392,363,0,404,376,0,WATER
309,407,0,347,393,0,374,372,0,392,360,0,407,352,0,359,322,0,368,283,0,373,257,0,377,237,0,343,320,0,353,275,0,359,246,0,364,223,0,330,327,0,361,311,0,385,298,0,402,286,0,324,342,0,362,349,0,381,362,0,394,375,0,WATER
309,409,0,346,395,0,373,374,0,391,361,0,406,353,0,358,324,0,367,285,0,372,258,0,375,237,0,341,322,0,352,277,0,358,247,0,363,224,0,328,329,0,360,314,0,384,301,0,401,289,0,322,345,0,360,350,0,379,363,0,392,375,0,WATER
330,343,0,345,350,0,363,354,0,382,360,0,396,364,0,363,314,0,383,297,0,392,288,0,397,280,0,354,301,0,362,264,0,365,244,0,365,228,0,346,294,0,349,264,0,353,249,0,356,238,0,340,292,0,345,269,0,348,256,0,350,244,0,WATER
295,416,0,331,400,0,357,379,0,373,366,0,387,355,0,341,330,0,350,292,0,356,266,0,359,245,0,324,329,0,335,283,0,341,253,0,345,230,0,311,337,0,341,318,0,364,304,0,381,291,0,303,353,0,340,354,0,358,366,0,371,377,0,WATER
290,415,0,326,400,0,352,379,0,368,366,0,383,356,0,338,330,0,346,291,0,351,265,0,354,244,0,321,328,0,331,282,0,337,253,0,340,230,0,307,335,0,337,318,0,360,305,0,375,292,0,299,351,0,337,355,0,357,368,0,369,381,0,WATER
288,416,0,324,401,0,350,380,0,366,367,0,382,357,0,335,331,0,345,294,0,351,269,0,354,250,0,319,328,0,331,284,0,337,255,0,340,231,0,306,335,0,338,318,0,360,304,0,375,291,0,299,350,0,339,356,0,357,370,0,369,384,0,WATER
285,417,0,321,402,0,347,382,0,362,369,0,377,360,0,333,332,0,343,296,0,349,272,0,352,253,0,316,329,0,328,284,0,334,255,0,337,232,0,302,336,0,332,319,0,353,305,0,368,291,0,294,351,0,332,357,0,351,371,0,364,384,0,WATER
279,418,0,316,402,0,341,382,0,357,369,0,371,359,0,327,331,0,337,295,0,342,271,0,345,251,0,310,328,0,322,285,0,327,256,0,329,232,0,295,335,0,326,319,0,347,304,0,361,290,0,287,351,0,326,358,0,346,371,0,359,383,0,WATER
279,421,0,315,405,0,339,384,0,355,372,0,368,363,0,327,333,0,339,296,0,347,272,0,350,252,0,310,333,0,318,287,0,325,257,0,327,232,0,295,342,0,320,322,0,342,310,0,355,298,0,287,360,0,322,361,0,341,371,0,353,382,0,WATER
283,406,0,321,391,0,347,371,0,366,360,0,382,353,0,336,320,0,349,280,0,357,255,0,361,234,0,319,319,0,330,271,0,338,241,0,342,218,0,304,327,0,329,311,0,353,299,0,369,287,0,295,345,0,332,350,0,353,362,0,366,373,0,WATER
306,350,0,324,353,0,343,354,0,362,357,0,378,357,0,341,306,0,358,295,0,366,290,0,369,284,0,335,297,0,344,259,0,347,235,0,346,217,0,328,295,0,335,262,0,340,238,0,343,219,0,323,300,0,332,285,0,340,273,0,344,259,0,WATER
285,406,0,322,391,0,348,370,0,366,359,0,382,351,0,336,320,0,349,279,0,357,254,0,361,233,0,319,318,0,331,270,0,339,241,0,343,218,0,304,327,0,329,311,0,353,298,0,369,286,0,296,345,0,331,350,0,353,361,0,366,372,0,WATER
298,348,0,316,356,0,339,357,0,361,355,0,380,353,0,336,315,0,354,302,0,364,291,0,370,280,0,328,301,0,338,266,0,343,243,0,344,225,0,320,294,0,331,262,0,338,242,0,343,225,0,313,293,0,324,268,0,330,252,0,335,238,0,WATER
283,407,0,320,391,0,346,371,0,364,360,0,379,353,0,335,320,0,347,279,0,354,253,0,359,233,0,317,319,0,328,271,0,336,242,0,340,219,0,303,328,0,328,312,0,352,299,0,368,288,0,295,346,0,331,350,0,352,362,0,365,373,0,WATER
281,407,0,317,392,0,343,371,0,361,359,0,378,352,0,332,320,0,345,280,0,352,254,0,357,234,0,315,319,0,327,272,0,335,243,0,339,220,0,301,328,0,328,311,0,352,299,0,368,287,0,293,346,0,331,351,0,351,362,0,364,373,0,WATER
277,410,0,315,393,0,341,373,0,359,362,0,374,354,0,327,321,0,339,281,0,347,256,0,352,236,0,309,321,0,321,273,0,329,244,0,333,220,0,295,331,0,321,314,0,345,301,0,361,291,0,287,350,0,324,352,0,346,363,0,360,374,0,WATER
274,411,0,310,394,0,334,373,0,351,362,0,368,356,0,322,323,0,336,283,0,343,258,0,347,237,0,306,322,0,317,275,0,324,245,0,328,221,0,291,331,0,316,314,0,339,300,0,355,287,0,283,350,0,319,353,0,341,364,0,355,375,0,WATER
270,411,0,306,395,0,331,373,0,348,362,0,364,354,0,318,322,0,331,284,0,339,259,0,343,239,0,302,321,0,313,274,0,320,245,0,323,222,0,288,330,0,313,313,0,335,299,0,350,287,0,281,348,0,317,353,0,338,363,0,352,374,0,WATER
263,413,0,300,396,0,324,374,0,342,361,0,358,354,0,313,323,0,327,287,0,335,262,0,338,242,0,296,321,0,307,275,0,315,245,0,318,220,0,281,331,0,306,312,0,328,300,0,343,289,0,273,349,0,309,353,0,329,363,0,343,373,0,WATER
260,414,0,297,396,0,321,373,0,337,361,0,353,353,0,309,324,0,323,286,0,331,262,0,334,241,0,292,322,0,303,275,0,310,244,0,313,219,0,277,332,0,300,312,0,322,300,0,336,288,0,269,350,0,304,354,0,325,363,0,338,373,0,WATER
256,415,0,292,397,0,316,374,0,333,360,0,349,352,0,304,324,0,318,286,0,325,262,0,329,241,0,287,323,0,298,275,0,305,245,0,308,221,0,272,333,0,296,313,0,317,301,0,331,289,0,264,352,0,299,354,0,321,363,0,334,371,0,WATER
252,415,0,288,398,0,312,375,0,328,362,0,344,353,0,301,325,0,314,287,0,321,263,0,324,242,0,283,324,0,294,276,0,300,247,0,303,222,0,269,333,0,291,314,0,312,301,0,326,290,0,259,352,0,294,354,0,315,364,0,329,373,0,WATER
253,415,0,287,399,0,311,375,0,326,362,0,341,353,0,299,325,0,312,287,0,319,263,0,322,243,0,281,325,0,290,278,0,296,248,0,298,224,0,266,335,0,289,314,0,310,303,0,323,293,0,257,353,0,292,356,0,313,365,0,327,373,0,WATER
244,420,0,280,402,0,303,378,0,318,364,0,334,356,0,291,329,0,303,290,0,309,266,0,312,245,0,273,329,0,283,282,0,288,252,0,289,228,0,259,339,0,280,318,0,301,304,0,314,293,0,249,358,0,281,359,0,303,367,0,317,376,0,WATER
242,421,0,277,402,0,300,379,0,315,365,0,330,356,0,284,329,0,296,289,0,302,264,0,305,243,0,266,329,0,277,282,0,284,251,0,286,227,0,252,340,0,275,319,0,296,306,0,309,295,0,244,360,0,279,360,0,301,367,0,315,376,0,WATER
234,427,0,270,408,0,292,384,0,307,369,0,322,359,0,277,334,0,289,294,0,296,268,0,299,247,0,259,334,0,270,287,0,276,255,0,277,230,0,245,345,0,268,324,0,288,310,0,301,297,0,237,364,0,271,365,0,293,373,0,307,382,0,WATER
440,399,0,400,379,0,387,354,0,372,337,0,356,326,0,420,314,0,415,276,0,412,250,0,413,229,0,428,313,0,420,274,0,418,246,0,419,225,0,429,322,0,397,302,0,389,292,0,390,284,0,420,337,0,383,342,0,371,351,0,368,359,0,WATER
439,398,0,399,378,0,386,353,0,372,336,0,355,326,0,419,313,0,412,277,0,408,252,0,408,232,0,427,312,0,419,273,0,417,246,0,418,225,0,428,321,0,396,298,0,385,283,0,383,271,0,420,336,0,381,342,0,367,349,0,364,357,0,WATER
438,398,0,399,378,0,386,354,0,371,337,0,355,325,0,417,314,0,409,277,0,406,253,0,406,233,0,426,314,0,418,275,0,416,246,0,417,224,0,427,322,0,395,301,0,386,290,0,386,281,0,419,337,0,381,340,0,368,349,0,364,358,0,WATER
444,400,0,404,381,0,390,356,0,375,339,0,359,326,0,424,316,0,416,279,0,413,255,0,413,235,0,432,316,0,425,275,0,422,246,0,422,224,0,433,324,0,403,297,0,386,276,0,378,260,0,423,340,0,388,341,0,372,348,0,365,355,0,WATER
467,399,0,427,377,0,410,351,0,395,335,0,379,321,0,441,310,0,427,274,0,420,252,0,417,234,0,452,310,0,447,267,0,445,237,0,446,214,0,457,320,0,430,292,0,412,269,0,403,252,0,451,337,0,415,338,0,397,343,0,386,349,0,WATER
461,402,0,420,380,0,403,354,0,387,337,0,370,324,0,434,311,0,425,271,0,420,246,0,419,226,0,445,311,0,440,267,0,439,237,0,439,213,0,449,322,0,420,295,0,403,273,0,393,257,0,444,341,0,407,343,0,389,347,0,379,352,0,WATER
446,405,0,406,378,0,387,350,0,370,339,0,353,330,0,420,309,0,413,268,0,410,241,0,410,220,0,429,313,0,421,269,0,419,239,0,418,215,0,430,327,0,402,298,0,385,276,0,375,259,0,422,347,0,387,348,0,370,352,0,361,357,0,WATER
426,408,0,382,385,0,363,358,0,346,344,0,330,334,0,396,314,0,387,273,0,383,246,0,384,223,0,407,315,0,395,271,0,392,240,0,392,214,0,411,327,0,378,300,0,360,277,0,351,258,0,406,347,0,369,350,0,352,355,0,345,360,0,WATER
422,403,0,379,382,0,361,355,0,343,339,0,324,328,0,394,311,0,385,268,0,381,241,0,380,218,0,403,312,0,390,268,0,385,236,0,383,211,0,405,324,0,371,296,0,354,274,0,346,256,0,398,344,0,361,346,0,347,352,0,342,358,0,WATER
420,406,0,375,383,0,357,356,0,340,339,0,321,330,0,388,312,0,375,273,0,370,246,0,370,224,0,398,313,0,383,268,0,378,236,0,378,210,0,401,324,0,364,297,0,347,277,0,342,259,0,395,343,0,357,345,0,343,351,0,339,358,0,WATER
418,402,0,374,381,0,355,354,0,337,338,0,318,329,0,387,308,0,375,267,0,369,240,0,368,217,0,396,310,0,381,264,0,376,232,0,375,206,0,398,321,0,362,293,0,344,272,0,336,254,0,392,342,0,352,345,0,338,353,0,335,360,0,WATER
408,399,0,364,377,0,344,350,0,325,334,0,304,327,0,376,303,0,362,263,0,355,236,0,354,213,0,386,304,0,369,259,0,364,227,0,362,202,0,389,316,0,355,290,0,337,267,0,327,249,0,384,337,0,346,343,0,329,349,0,319,356,0,WATER
405,398,0,360,376,0,340,350,0,322,334,0,304,323,0,372,305,0,356,263,0,348,237,0,345,215,0,382,305,0,364,258,0,357,224,0,355,198,0,383,316,0,346,288,0,327,267,0,320,249,0,376,336,0,338,337,0,324,344,0,319,351,0,WATER
394,393,0,353,371,0,331,344,0,311,328,0,290,321,0,359,297,0,347,254,0,341,227,0,339,204,0,370,297,0,354,252,0,348,219,0,345,193,0,374,309,0,337,284,0,319,264,0,312,249,0,370,331,0,333,336,0,317,341,0,310,347,0,WATER
387,391,0,344,369,0,322,342,0,303,325,0,281,317,0,353,295,0,339,252,0,331,226,0,329,202,0,366,295,0,348,250,0,341,216,0,337,190,0,370,308,0,332,281,0,313,260,0,303,243,0,366,330,0,328,334,0,310,337,0,300,342,0,WATER
550,357,0,495,337,0,462,307,0,441,287,0,425,272,0,479,248,0,426,220,0,393,202,0,366,184,0,481,247,0,418,211,0,382,191,0,355,170,0,477,258,0,416,222,0,383,201,0,360,180,0,466,276,0,424,252,0,400,237,0,384,218,0,HOUSE
118,325,0,173,311,0,212,284,0,239,268,0,262,255,0,212,244,0,259,219,0,292,198,0,318,180,0,206,246,0,263,214,0,302,190,0,333,167,0,199,257,0,254,228,0,287,208,0,314,189,0,193,278,0,227,265,0,252,254,0,274,243,0,HOUSE
550,356,0,494,338,0,462,308,0,443,290,0,431,275,0,480,248,0,426,220,0,392,202,0,366,185,0,482,247,0,419,212,0,382,193,0,355,172,0,478,257,0,417,221,0,384,201,0,361,179,0,467,275,0,424,251,0,401,235,0,385,217,0,HOUSE
121,324,0,175,310,0,214,284,0,241,269,0,262,255,0,215,247,0,260,221,0,292,199,0,316,181,0,209,248,0,265,215,0,301,191,0,330,169,0,202,257,0,258,226,0,289,207,0,313,187,0,197,274,0,233,261,0,256,249,0,277,238,0,HOUSE
544,354,0,490,336,0,458,304,0,435,281,0,417,264,0,472,247,0,421,219,0,387,201,0,361,184,0,474,245,0,413,210,0,378,190,0,352,170,0,470,255,0,412,221,0,379,200,0,356,180,0,460,274,0,419,251,0,396,236,0,379,218,0,HOUSE
117,322,0,167,304,0,209,279,0,238,264,0,262,251,0,212,247,0,259,218,0,291,193,0,316,172,0,206,248,0,261,213,0,299,188,0,328,165,0,200,257,0,255,226,0,286,205,0,311,185,0,195,274,0,229,261,0,252,249,0,270,238,0,HOUSE
538,355,0,487,336,0,451,306,0,425,284,0,402,269,0,461,246,0,408,220,0,373,204,0,346,188,0,463,246,0,401,212,0,364,193,0,338,174,0,459,257,0,400,224,0,366,204,0,343,184,0,451,277,0,408,254,0,384,240,0,367,223,0,HOUSE
104,325,0,145,299,0,183,272,0,210,254,0,232,240,0,196,247,0,244,222,0,275,199,0,300,180,0,192,250,0,249,217,0,286,193,0,315,170,0,188,261,0,244,228,0,275,207,0,300,187,0,186,276,0,219,263,0,242,251,0,262,239,0,HOUSE
514,356,0,469,332,0,434,301,0,408,278,0,385,263,0,439,247,0,384,222,0,349,207,0,322,192,0,440,248,0,375,215,0,338,196,0,312,178,0,436,260,0,376,226,0,341,206,0,318,187,0,429,279,0,386,256,0,360,241,0,341,225,0,HOUSE
89,329,0,137,305,0,178,281,0,207,267,0,231,252,0,185,249,0,232,220,0,262,196,0,285,175,0,179,252,0,236,213,0,272,187,0,300,162,0,172,263,0,230,226,0,261,203,0,285,182,0,168,279,0,201,266,0,222,253,0,240,239,0,HOUSE
502,351,0,457,329,0,425,297,0,402,273,0,383,256,0,427,241,0,373,217,0,340,202,0,315,187,0,430,242,0,367,211,0,332,192,0,307,174,0,428,254,0,368,222,0,334,203,0,311,183,0,421,275,0,378,252,0,352,237,0,333,220,0,HOUSE
82,328,0,132,308,0,174,284,0,202,267,0,225,250,0,185,257,0,228,221,0,256,193,0,279,170,0,178,259,0,230,214,0,265,184,0,291,158,0,170,265,0,221,228,0,250,204,0,272,182,0,163,276,0,194,263,0,216,250,0,234,236,0,HOUSE
492,343,0,456,308,0,416,274,0,384,251,0,356,240,0,412,235,0,358,212,0,325,197,0,299,183,0,413,239,0,351,210,0,316,192,0,290,174,0,410,253,0,352,223,0,318,205,0,294,185,0,404,274,0,361,252,0,336,236,0,317,220,0,HOUSE
70,328,0,124,313,0,167,286,0,198,269,0,223,253,0,175,254,0,218,220,0,246,194,0,269,172,0,169,255,0,220,211,0,254,182,0,282,155,0,160,260,0,210,224,0,237,200,0,258,177,0,149,271,0,177,255,0,194,239,0,206,221,0,HOUSE
458,356,0,429,314,0,394,283,0,366,265,0,342,257,0,378,245,0,326,221,0,295,204,0,272,187,0,376,249,0,313,218,0,278,196,0,254,175,0,371,264,0,311,234,0,278,211,0,256,187,0,363,287,0,318,264,0,294,247,0,275,226,0,HOUSE
46,337,0,105,321,0,144,294,0,171,278,0,193,264,0,141,257,0,187,238,0,208,235,0,220,236,0,134,259,0,185,220,0,217,194,0,240,170,0,126,270,0,179,229,0,206,206,0,226,183,0,122,286,0,151,272,0,168,256,0,184,237,0,HOUSE
447,348,0,414,308,0,380,280,0,352,261,0,326,253,0,370,242,0,317,217,0,289,202,0,268,185,0,368,245,0,303,216,0,270,196,0,246,176,0,363,260,0,302,230,0,270,209,0,249,186,0,355,282,0,310,258,0,287,241,0,269,221,0,HOUSE
43,335,0,105,317,0,140,291,0,164,275,0,190,263,0,140,252,0,180,227,0,205,208,0,225,190,0,132,255,0,180,219,0,210,194,0,233,170,0,123,263,0,172,228,0,200,206,0,221,184,0,117,277,0,150,260,0,170,246,0,185,233,0,HOUSE
445,346,0,413,307,0,379,278,0,350,259,0,324,250,0,368,242,0,315,217,0,284,201,0,261,184,0,366,244,0,303,213,0,269,193,0,245,173,0,361,259,0,302,229,0,269,208,0,249,185,0,353,280,0,309,257,0,286,239,0,269,218,0,HOUSE
45,337,0,104,323,0,142,293,0,167,274,0,190,259,0,142,259,0,182,233,0,208,212,0,228,194,0,134,259,0,181,221,0,211,193,0,235,167,0,125,265,0,173,228,0,201,205,0,222,183,0,117,278,0,146,262,0,166,247,0,181,231,0,HOUSE
444,334,0,412,298,0,379,268,0,352,247,0,327,237,0,373,234,0,324,208,0,295,195,0,273,180,0,371,236,0,310,205,0,277,188,0,254,171,0,367,249,0,308,218,0,277,200,0,257,180,0,359,269,0,318,245,0,295,229,0,278,211,0,HOUSE
58,325,0,113,305,0,148,283,0,172,268,0,197,255,0,155,254,0,192,224,0,216,200,0,234,180,0,147,255,0,195,216,0,222,190,0,244,165,0,137,259,0,185,225,0,210,203,0,229,181,0,127,267,0,155,249,0,173,233,0,186,217,0,HOUSE
447,331,0,413,302,0,381,275,0,356,258,0,332,251,0,376,234,0,330,213,0,303,200,0,282,187,0,375,237,0,320,211,0,289,195,0,268,179,0,371,249,0,317,223,0,288,207,0,268,189,0,363,269,0,322,248,0,299,232,0,282,216,0,HOUSE
67,325,0,120,307,0,157,283,0,183,267,0,208,254,0,162,263,0,200,230,0,224,206,0,243,184,0,155,263,0,202,222,0,230,195,0,252,170,0,145,265,0,193,231,0,218,207,0,237,186,0,134,270,0,162,256,0,182,239,0,196,221,0,HOUSE
450,327,0,416,303,0,384,274,0,359,254,0,336,244,0,382,236,0,336,215,0,308,203,0,286,191,0,382,238,0,328,212,0,299,197,0,277,184,0,379,249,0,328,223,0,299,208,0,278,193,0,371,268,0,335,248,0,312,234,0,295,221,0,HOUSE
81,322,0,134,305,0,169,282,0,193,267,0,214,254,0,171,256,0,207,226,0,231,204,0,249,184,0,163,256,0,209,220,0,236,196,0,258,173,0,155,260,0,200,230,0,226,210,0,245,190,0,146,268,0,176,258,0,196,246,0,211,231,0,HOUSE
459,329,0,429,303,0,399,278,0,374,260,0,352,252,0,392,236,0,346,215,0,319,201,0,298,189,0,391,238,0,338,211,0,309,195,0,287,181,0,387,249,0,338,222,0,308,206,0,287,189,0,380,268,0,344,248,0,322,234,0,304,220,0,HOUSE
93,321,0,141,306,0,177,282,0,201,267,0,222,253,0,173,252,0,211,225,0,237,202,0,256,183,0,168,253,0,214,218,0,244,195,0,268,173,0,162,261,0,210,228,0,238,208,0,259,188,0,159,276,0,189,264,0,210,252,0,229,238,0,HOUSE
468,325,0,435,298,0,407,270,0,384,249,0,364,238,0,401,235,0,358,213,0,332,200,0,311,187,0,401,235,0,353,208,0,325,193,0,303,179,0,398,246,0,352,220,0,324,204,0,304,189,0,391,265,0,356,246,0,335,233,0,318,220,0,HOUSE
108,315,0,156,303,0,190,278,0,212,263,0,231,251,0,195,249,0,230,220,0,253,198,0,271,178,0,189,249,0,230,216,0,258,192,0,280,170,0,180,255,0,222,224,0,248,205,0,269,186,0,170,266,0,197,255,0,216,243,0,233,231,0,HOUSE
482,332,0,437,316,0,410,291,0,389,271,0,372,258,0,415,236,0,371,217,0,345,206,0,323,195,0,415,236,0,365,210,0,338,197,0,316,185,0,411,247,0,364,222,0,336,207,0,316,192,0,402,266,0,366,246,0,345,234,0,328,221,0,HOUSE
118,317,0,162,302,0,197,276,0,221,262,0,240,250,0,201,249,0,239,221,0,265,200,0,285,182,0,195,249,0,240,216,0,270,194,0,294,174,0,187,256,0,234,223,0,261,205,0,283,187,0,181,268,0,208,256,0,228,245,0,246,233,0,HOUSE
495,334,0,446,320,0,421,295,0,405,277,0,394,264,0,429,239,0,385,218,0,358,206,0,336,194,0,430,239,0,379,212,0,352,198,0,330,184,0,428,249,0,379,223,0,351,207,0,331,192,0,420,268,0,382,248,0,362,236,0,347,222,0,HOUSE
131,316,0,175,301,0,209,276,0,233,261,0,252,248,0,213,248,0,251,222,0,277,203,0,298,187,0,210,248,0,255,217,0,285,196,0,310,177,0,204,255,0,250,225,0,278,207,0,300,189,0,200,269,0,228,258,0,248,249,0,266,239,0,HOUSE
508,340,0,459,322,0,431,294,0,412,274,0,397,259,0,445,244,0,399,222,0,372,208,0,350,195,0,448,244,0,394,215,0,366,199,0,344,183,0,445,254,0,394,225,0,366,207,0,347,189,0,437,272,0,399,251,0,379,238,0,365,223,0,HOUSE
154,309,0,196,296,0,232,273,0,256,260,0,275,249,0,243,245,0,281,219,0,305,198,0,324,179,0,236,245,0,280,215,0,308,192,0,331,172,0,225,252,0,270,225,0,296,208,0,319,191,0,214,266,0,240,256,0,260,247,0,279,239,0,HOUSE
516,342,0,469,324,0,443,301,0,426,284,0,413,272,0,455,248,0,410,226,0,384,212,0,363,199,0,457,248,0,406,219,0,379,204,0,357,190,0,454,258,0,405,229,0,379,212,0,360,195,0,446,275,0,410,252,0,391,239,0,376,226,0,HOUSE
162,305,0,207,297,0,243,274,0,267,261,0,287,249,0,248,245,0,289,220,0,315,201,0,334,183,0,242,244,0,289,217,0,318,197,0,342,179,0,232,252,0,279,227,0,306,211,0,329,195,0,223,266,0,250,258,0,271,249,0,290,240,0,HOUSE
529,348,0,476,329,0,452,304,0,435,288,0,422,276,0,474,253,0,429,231,0,404,219,0,383,207,0,477,254,0,425,225,0,397,212,0,374,199,0,474,265,0,425,236,0,399,220,0,378,205,0,464,285,0,428,260,0,410,246,0,397,232,0,HOUSE
174,306,0,218,296,0,255,274,0,280,261,0,301,250,0,259,246,0,298,226,0,324,208,0,344,193,0,256,246,0,300,222,0,329,204,0,354,187,0,252,254,0,294,232,0,320,217,0,341,203,0,247,268,0,274,258,0,293,249,0,311,240,0,HOUSE
542,347,0,499,328,0,475,302,0,459,286,0,446,274,0,488,254,0,446,230,0,422,217,0,401,204,0,490,256,0,442,227,0,415,212,0,393,198,0,487,268,0,441,237,0,416,220,0,397,204,0,479,285,0,446,261,0,429,246,0,416,231,0,HOUSE
193,308,0,233,290,0,266,268,0,289,255,0,308,244,0,268,248,0,306,230,0,331,215,0,349,200,0,267,249,0,309,229,0,335,212,0,356,196,0,265,257,0,305,237,0,328,223,0,345,208,0,263,270,0,291,258,0,310,249,0,326,240,0,HOUSE
563,346,0,535,317,0,509,289,0,488,272,0,471,261,0,508,257,0,469,236,0,445,221,0,425,208,0,506,263,0,463,235,0,437,217,0,417,201,0,501,276,0,461,248,0,440,229,0,423,211,0,494,294,0,468,269,0,452,252,0,440,236,0,HOUSE
200,313,0,237,301,0,265,284,0,281,277,0,295,273,0,268,254,0,302,241,0,324,231,0,341,222,0,267,254,0,305,240,0,329,230,0,348,221,0,266,261,0,304,246,0,327,237,0,344,228,0,267,272,0,297,261,0,317,254,0,332,247,0,HOUSE
564,343,0,527,321,0,499,294,0,480,273,0,465,260,0,509,257,0,474,236,0,451,222,0,433,208,0,508,261,0,467,234,0,442,216,0,422,198,0,506,273,0,469,248,0,448,229,0,432,213,0,502,289,0,477,267,0,461,254,0,450,240,0,HOUSE
208,306,0,246,293,0,277,273,0,296,261,0,312,252,0,272,248,0,306,235,0,330,225,0,350,217,0,273,248,0,311,234,0,337,224,0,358,215,0,273,255,0,312,240,0,337,231,0,356,222,0,275,269,0,306,257,0,326,249,0,343,242,0,HOUSE
164,349,0,219,333,0,255,310,0,278,296,0,298,285,0,243,269,0,290,249,0,318,232,0,340,217,0,237,268,0,292,242,0,324,224,0,349,208,0,233,273,0,288,246,0,317,230,0,340,215,0,233,285,0,270,267,0,292,254,0,310,242,0,HOUSE
502,388,0,459,364,0,439,333,0,425,312,0,413,297,0,460,303,0,427,276,0,408,260,0,393,244,0,463,304,0,423,271,0,401,249,0,384,228,0,462,312,0,428,282,0,411,263,0,399,246,0,455,327,0,431,307,0,417,297,0,407,288,0,HOUSE
172,346,0,231,328,0,263,306,0,285,293,0,306,282,0,248,267,0,291,248,0,318,232,0,338,218,0,243,267,0,295,241,0,326,223,0,351,208,0,240,273,0,293,245,0,322,229,0,344,215,0,241,285,0,276,267,0,297,253,0,315,241,0,HOUSE
507,396,0,462,371,0,438,336,0,423,309,0,411,289,0,458,304,0,421,271,0,400,250,0,384,230,0,461,302,0,417,264,0,394,240,0,378,217,0,461,309,0,421,271,0,400,247,0,387,225,0,456,321,0,433,297,0,418,281,0,407,265,0,HOUSE
175,346,0,228,328,0,264,305,0,288,291,0,309,279,0,255,270,0,299,246,0,326,229,0,347,214,0,249,269,0,300,242,0,330,224,0,354,209,0,244,276,0,294,248,0,322,232,0,344,218,0,242,288,0,276,270,0,298,257,0,316,246,0,HOUSE
508,390,0,460,365,0,436,331,0,422,306,0,410,286,0,461,294,0,423,265,0,401,244,0,384,225,0,467,295,0,421,260,0,397,236,0,379,213,0,468,305,0,427,272,0,407,248,0,393,225,0,464,323,0,439,302,0,424,287,0,412,270,0,HOUSE
533,394,0,483,369,0,458,334,0,443,309,0,429,289,0,475,300,0,440,266,0,419,243,0,403,223,0,483,299,0,437,262,0,413,237,0,395,212,0,489,305,0,447,268,0,424,242,0,408,218,0,492,318,0,466,291,0,449,272,0,435,252,0,HOUSE
528,388,0,479,365,0,457,331,0,444,305,0,429,286,0,469,296,0,435,263,0,414,242,0,399,222,0,474,294,0,431,258,0,408,233,0,392,209,0,480,299,0,441,262,0,422,238,0,408,215,0,484,310,0,460,284,0,446,266,0,434,247,0,HOUSE
530,385,0,483,362,0,459,328,0,445,302,0,432,281,0,466,292,0,433,259,0,414,237,0,401,217,0,473,289,0,433,255,0,412,230,0,397,206,0,482,294,0,444,260,0,426,236,0,414,214,0,489,305,0,464,280,0,450,262,0,440,244,0,HOUSE
538,387,0,492,363,0,469,329,0,456,303,0,442,282,0,482,290,0,449,259,0,429,237,0,414,217,0,489,288,0,448,255,0,426,231,0,409,207,0,495,293,0,457,260,0,438,236,0,425,213,0,499,305,0,473,280,0,459,262,0,449,243,0,HOUSE
475,403,0,429,384,0,405,353,0,391,327,0,378,306,0,419,317,0,389,287,0,368,266,0,352,247,0,424,315,0,386,281,0,363,257,0,346,232,0,427,319,0,391,287,0,371,264,0,356,243,0,429,329,0,404,304,0,388,288,0,376,270,0,HOUSE
195,368,0,235,361,0,265,333,0,282,311,0,298,294,0,273,303,0,301,274,0,319,253,0,332,233,0,267,299,0,300,266,0,321,242,0,338,219,0,257,299,0,290,268,0,311,248,0,327,228,0,244,304,0,269,285,0,285,270,0,300,256,0,HOUSE
479,401,0,434,381,0,408,350,0,392,324,0,379,305,0,421,314,0,390,285,0,370,264,0,355,246,0,427,314,0,390,280,0,368,256,0,351,232,0,432,322,0,395,291,0,375,269,0,360,248,0,434,337,0,408,320,0,392,309,0,380,296,0,HOUSE
198,368,0,238,360,0,268,332,0,285,312,0,302,295,0,276,303,0,304,274,0,322,253,0,335,234,0,270,299,0,303,266,0,324,242,0,341,220,0,260,299,0,294,267,0,314,246,0,331,226,0,248,303,0,273,283,0,289,268,0,303,252,0,HOUSE
488,404,0,443,386,0,418,357,0,405,332,0,394,311,0,423,317,0,396,285,0,377,263,0,364,243,0,431,315,0,398,279,0,377,253,0,362,229,0,440,319,0,407,286,0,388,263,0,374,241,0,448,331,0,424,310,0,409,296,0,397,281,0,HOUSE
214,363,0,254,357,0,283,330,0,301,310,0,319,295,0,293,299,0,321,271,0,339,251,0,354,234,0,287,296,0,321,264,0,342,241,0,359,220,0,278,297,0,311,266,0,332,246,0,348,227,0,265,302,0,289,282,0,305,267,0,318,253,0,HOUSE
486,403,0,443,388,0,419,358,0,407,334,0,395,313,0,420,318,0,395,286,0,378,264,0,366,245,0,429,314,0,398,279,0,379,254,0,364,231,0,439,315,0,408,283,0,390,261,0,377,240,0,449,322,0,426,299,0,412,283,0,402,268,0,HOUSE
215,363,0,255,357,0,285,329,0,302,309,0,321,294,0,293,299,0,320,272,0,339,253,0,353,235,0,287,295,0,320,264,0,342,241,0,359,220,0,277,296,0,311,265,0,332,245,0,349,226,0,265,300,0,289,281,0,306,266,0,319,251,0,HOUSE
491,405,0,446,388,0,423,360,0,411,335,0,400,315,0,424,321,0,399,289,0,383,267,0,372,246,0,433,317,0,401,282,0,383,256,0,369,232,0,444,320,0,413,287,0,395,264,0,382,243,0,455,328,0,432,305,0,417,290,0,406,274,0,HOUSE
220,363,0,260,359,0,289,332,0,308,312,0,325,297,0,297,302,0,326,274,0,344,255,0,359,238,0,292,298,0,325,267,0,346,244,0,363,224,0,283,298,0,316,268,0,337,248,0,353,230,0,272,301,0,296,282,0,312,268,0,325,254,0,HOUSE
511,407,0,466,391,0,442,361,0,431,336,0,420,315,0,439,321,0,414,285,0,399,263,0,389,242,0,447,316,0,417,279,0,399,253,0,387,229,0,459,318,0,429,283,0,413,259,0,402,238,0,472,325,0,452,300,0,439,283,0,430,268,0,HOUSE
236,360,0,277,356,0,307,330,0,325,311,0,343,296,0,317,298,0,346,271,0,365,250,0,380,232,0,311,295,0,345,264,0,367,242,0,385,221,0,301,295,0,336,266,0,357,246,0,374,226,0,290,300,0,315,281,0,332,267,0,345,252,0,HOUSE
521,408,0,474,390,0,450,359,0,438,335,0,427,314,0,454,321,0,428,286,0,412,263,0,401,243,0,464,317,0,431,279,0,412,253,0,399,229,0,475,320,0,442,285,0,424,261,0,412,240,0,486,328,0,463,304,0,450,287,0,439,270,0,HOUSE
243,359,0,283,356,0,314,331,0,332,312,0,349,296,0,323,299,0,353,272,0,373,253,0,389,235,0,318,295,0,353,265,0,376,243,0,394,223,0,309,295,0,344,266,0,366,246,0,383,228,0,298,299,0,323,281,0,340,267,0,354,253,0,HOUSE
530,408,0,481,388,0,458,358,0,446,333,0,435,312,0,464,320,0,436,285,0,420,263,0,408,243,0,473,315,0,438,277,0,420,252,0,406,228,0,484,317,0,449,282,0,433,259,0,421,237,0,493,326,0,469,302,0,456,286,0,447,269,0,HOUSE
248,357,0,291,355,0,322,329,0,340,310,0,358,295,0,331,298,0,361,272,0,382,253,0,398,235,0,326,295,0,361,265,0,384,243,0,403,223,0,316,295,0,351,266,0,373,247,0,391,229,0,304,300,0,329,281,0,347,267,0,362,252,0,HOUSE
531,410,0,487,392,0,463,361,0,453,337,0,442,317,0,463,322,0,439,286,0,424,263,0,415,241,0,473,318,0,443,279,0,426,252,0,414,226,0,487,321,0,457,285,0,442,261,0,430,239,0,503,329,0,483,305,0,470,287,0,459,270,0,HOUSE
257,358,0,298,355,0,329,329,0,347,310,0,366,297,0,339,298,0,369,272,0,389,254,0,404,237,0,335,294,0,370,265,0,392,244,0,410,224,0,325,294,0,360,266,0,382,247,0,399,228,0,314,298,0,339,280,0,355,266,0,369,252,0,HOUSE
544,416,0,496,397,0,473,365,0,460,339,0,449,317,0,479,325,0,450,290,0,433,267,0,422,246,0,490,321,0,452,282,0,433,254,0,419,229,0,503,323,0,466,288,0,448,263,0,436,240,0,513,332,0,486,309,0,472,292,0,462,275,0,HOUSE
262,360,0,303,356,0,333,331,0,352,313,0,370,299,0,345,303,0,376,276,0,396,257,0,412,239,0,340,299,0,376,269,0,399,246,0,417,225,0,331,298,0,367,269,0,389,250,0,405,231,0,320,301,0,345,283,0,362,269,0,375,254,0,HOUSE
547,420,0,501,399,0,477,366,0,465,340,0,454,317,0,482,329,0,454,293,0,438,269,0,426,247,0,494,325,0,457,285,0,438,256,0,423,229,0,507,327,0,472,290,0,454,264,0,440,242,0,521,335,0,495,311,0,479,292,0,467,275,0,HOUSE
267,359,0,308,357,0,338,332,0,357,313,0,375,299,0,351,304,0,382,278,0,402,258,0,417,241,0,347,300,0,383,270,0,405,248,0,422,228,0,339,298,0,374,270,0,395,250,0,412,232,0,328,300,0,354,282,0,371,269,0,384,255,0,HOUSE
555,418,0,508,394,0,482,363,0,470,337,0,462,313,0,487,326,0,461,289,0,446,265,0,436,243,0,498,322,0,465,284,0,447,256,0,434,230,0,511,325,0,479,290,0,462,265,0,450,243,0,527,333,0,503,309,0,489,292,0,477,274,0,HOUSE
273,359,0,312,359,0,343,333,0,362,314,0,381,300,0,355,306,0,387,278,0,408,258,0,424,241,0,351,302,0,388,271,0,412,248,0,432,227,0,344,300,0,381,272,0,404,252,0,422,232,0,334,302,0,361,285,0,380,271,0,395,257,0,HOUSE
560,416,0,516,397,0,489,364,0,478,337,0,468,314,0,488,326,0,464,288,0,449,264,0,441,241,0,500,323,0,469,284,0,452,255,0,441,229,0,515,326,0,485,290,0,470,265,0,459,242,0,533,335,0,510,311,0,496,293,0,485,276,0,HOUSE
280,358,0,320,357,0,351,332,0,370,313,0,388,299,0,364,306,0,396,279,0,417,259,0,433,241,0,361,302,0,397,272,0,420,249,0,439,228,0,353,300,0,390,272,0,411,253,0,428,234,0,343,301,0,370,283,0,387,270,0,402,257,0,HOUSE
566,422,0,524,400,0,499,367,0,488,341,0,477,318,0,501,330,0,477,292,0,463,268,0,454,245,0,513,327,0,481,287,0,465,258,0,452,232,0,528,330,0,497,292,0,482,266,0,471,243,0,547,338,0,524,312,0,510,293,0,499,275,0,HOUSE
284,363,0,331,360,0,363,336,0,381,316,0,398,300,0,372,307,0,404,280,0,426,259,0,443,240,0,366,304,0,402,274,0,427,250,0,448,228,0,356,306,0,392,279,0,415,260,0,435,241,0,345,311,0,369,299,0,387,290,0,404,280,0,HOUSE
570,424,0,528,403,0,502,369,0,490,343,0,481,319,0,503,332,0,480,293,0,466,269,0,457,247,0,515,330,0,485,289,0,469,260,0,457,233,0,530,333,0,500,294,0,485,269,0,473,246,0,549,341,0,528,315,0,515,296,0,504,278,0,HOUSE
298,361,0,339,358,0,368,334,0,384,314,0,399,298,0,384,307,0,415,280,0,436,260,0,451,242,0,378,304,0,413,274,0,436,251,0,455,230,0,367,307,0,402,281,0,423,263,0,441,247,0,355,314,0,376,305,0,391,298,0,405,292,0,HOUSE
550,430,0,509,411,0,483,376,0,470,348,0,458,326,0,480,341,0,456,306,0,440,283,0,429,262,0,489,338,0,461,301,0,443,276,0,430,251,0,500,341,0,474,306,0,459,282,0,446,260,0,513,349,0,495,325,0,483,308,0,472,292,0,HOUSE
191,418,0,241,403,0,269,375,0,286,356,0,302,341,0,270,344,0,298,313,0,317,291,0,331,271,0,262,341,0,295,305,0,317,278,0,337,255,0,251,345,0,285,313,0,308,292,0,327,272,0,241,355,0,267,342,0,286,334,0,301,325,0,HOUSE
469,443,0,418,422,0,396,393,0,384,367,0,375,347,0,407,356,0,379,323,0,361,300,0,348,280,0,417,353,0,381,317,0,361,291,0,345,265,0,426,358,0,390,323,0,370,298,0,356,276,0,432,369,0,406,344,0,389,327,0,376,309,0,HOUSE
198,414,0,242,400,0,269,373,0,288,355,0,304,341,0,271,347,0,297,315,0,312,295,0,326,276,0,265,343,0,293,307,0,313,283,0,331,262,0,256,344,0,285,314,0,304,294,0,319,276,0,247,350,0,270,334,0,285,322,0,298,310,0,HOUSE
474,442,0,423,422,0,399,393,0,386,367,0,375,347,0,411,351,0,380,319,0,361,297,0,347,276,0,420,348,0,381,312,0,360,286,0,343,260,0,428,353,0,391,319,0,370,295,0,356,272,0,432,366,0,405,342,0,389,325,0,376,307,0,HOUSE
201,409,0,247,395,0,275,370,0,292,352,0,308,337,0,277,344,0,302,313,0,318,292,0,331,273,0,271,340,0,299,303,0,319,277,0,336,256,0,262,340,0,292,307,0,311,286,0,326,267,0,252,345,0,275,330,0,290,319,0,303,307,0,HOUSE
472,440,0,423,418,0,399,386,0,384,361,0,371,340,0,409,349,0,381,317,0,363,295,0,350,274,0,418,347,0,382,311,0,362,285,0,346,259,0,426,352,0,391,318,0,371,293,0,356,270,0,433,364,0,406,339,0,389,321,0,377,302,0,HOUSE
199,410,0,246,396,0,273,369,0,291,352,0,308,336,0,277,342,0,303,311,0,320,289,0,333,269,0,271,339,0,302,303,0,322,276,0,339,252,0,262,340,0,293,308,0,312,287,0,327,266,0,251,346,0,275,328,0,291,315,0,303,300,0,HOUSE
467,434,0,422,415,0,397,385,0,383,360,0,371,340,0,406,347,0,378,317,0,360,296,0,347,276,0,413,344,0,379,310,0,360,284,0,345,259,0,419,349,0,386,316,0,368,293,0,355,272,0,424,361,0,400,339,0,386,322,0,374,305,0,HOUSE
196,409,0,244,396,0,271,370,0,289,352,0,306,336,0,273,342,0,300,310,0,317,288,0,331,268,0,267,339,0,298,303,0,319,276,0,337,253,0,258,342,0,290,309,0,310,287,0,327,266,0,249,350,0,273,334,0,289,322,0,303,310,0,HOUSE
462,432,0,417,415,0,393,385,0,378,360,0,369,340,0,407,350,0,378,320,0,360,298,0,346,279,0,412,347,0,378,312,0,358,286,0,342,261,0,416,351,0,384,317,0,365,294,0,351,273,0,418,361,0,395,337,0,381,321,0,371,303,0,HOUSE
193,410,0,242,396,0,269,372,0,287,354,0,304,339,0,268,346,0,295,316,0,311,294,0,324,275,0,262,343,0,293,307,0,314,281,0,331,259,0,254,344,0,288,313,0,308,293,0,324,274,0,247,351,0,272,339,0,289,329,0,302,319,0,HOUSE
456,429,0,416,413,0,392,385,0,378,359,0,366,340,0,400,348,0,373,318,0,356,297,0,344,277,0,404,345,0,373,311,0,354,286,0,341,262,0,408,349,0,378,317,0,360,294,0,348,273,0,409,358,0,388,336,0,375,320,0,365,304,0,HOUSE
195,407,0,242,395,0,269,370,0,286,353,0,303,338,0,270,345,0,295,317,0,310,297,0,323,278,0,264,341,0,293,307,0,313,283,0,329,262,0,256,342,0,287,312,0,306,291,0,321,272,0,248,347,0,273,330,0,289,317,0,301,304,0,HOUSE
456,433,0,414,414,0,391,385,0,377,358,0,366,338,0,402,349,0,373,318,0,355,297,0,342,277,0,408,346,0,373,311,0,353,286,0,339,262,0,413,351,0,379,318,0,360,295,0,347,274,0,414,362,0,392,339,0,377,322,0,365,305,0,HOUSE
197,407,0,242,394,0,269,368,0,286,352,0,303,338,0,265,337,0,293,311,0,313,290,0,328,271,0,257,335,0,290,305,0,313,280,0,332,259,0,248,340,0,283,313,0,305,294,0,324,277,0,240,351,0,266,341,0,284,332,0,300,323,0,HOUSE
460,433,0,415,416,0,391,386,0,376,361,0,364,343,0,402,350,0,371,319,0,354,298,0,341,278,0,409,347,0,372,312,0,352,288,0,338,264,0,413,353,0,379,319,0,359,296,0,346,275,0,413,365,0,390,343,0,374,326,0,362,308,0,HOUSE
195,404,0,240,393,0,269,369,0,286,352,0,303,339,0,270,343,0,296,314,0,313,292,0,327,272,0,263,341,0,292,308,0,313,282,0,332,259,0,254,344,0,286,315,0,306,295,0,323,277,0,244,352,0,269,341,0,286,333,0,302,325,0,HOUSE
463,439,0,414,418,0,391,386,0,376,363,0,363,345,0,407,354,0,375,323,0,357,301,0,343,281,0,412,351,0,375,316,0,355,291,0,339,265,0,416,357,0,381,322,0,361,298,0,347,277,0,414,369,0,389,344,0,373,327,0,362,309,0,HOUSE
194,397,0,234,385,0,263,361,0,282,347,0,299,335,0,270,336,0,298,308,0,316,285,0,330,267,0,265,336,0,294,302,0,315,277,0,332,255,0,257,340,0,288,311,0,307,290,0,324,272,0,249,350,0,271,341,0,288,333,0,304,326,0,HOUSE
463,435,0,416,413,0,392,383,0,375,358,0,360,341,0,406,348,0,374,318,0,356,298,0,342,279,0,412,345,0,375,312,0,354,288,0,339,265,0,414,351,0,380,317,0,360,295,0,347,275,0,410,364,0,385,340,0,370,324,0,360,308,0,HOUSE
191,398,0,232,385,0,262,363,0,281,348,0,297,335,0,266,339,0,294,308,0,311,284,0,325,266,0,259,337,0,290,302,0,310,277,0,328,255,0,251,340,0,283,310,0,303,290,0,319,272,0,243,348,0,266,337,0,283,329,0,297,321,0,HOUSE
456,432,0,416,410,0,392,378,0,374,353,0,358,336,0,402,344,0,370,314,0,352,294,0,338,274,0,406,342,0,370,309,0,350,286,0,335,263,0,408,348,0,375,316,0,356,294,0,343,273,0,406,360,0,383,337,0,368,322,0,358,306,0,HOUSE
191,396,0,232,386,0,261,363,0,279,348,0,295,335,0,267,339,0,294,309,0,310,287,0,324,269,0,262,337,0,290,303,0,310,278,0,327,257,0,253,339,0,283,309,0,302,290,0,318,271,0,244,345,0,267,334,0,283,325,0,298,314,0,HOUSE
455,429,0,416,412,0,391,380,0,372,353,0,355,335,0,395,347,0,364,315,0,347,294,0,334,274,0,401,343,0,367,310,0,347,287,0,333,263,0,405,347,0,374,315,0,355,294,0,342,273,0,405,357,0,382,334,0,367,319,0,358,302,0,HOUSE
197,393,0,238,383,0,265,361,0,283,346,0,298,333,0,265,336,0,294,305,0,312,283,0,325,264,0,256,334,0,289,302,0,310,277,0,328,256,0,245,338,0,278,311,0,298,295,0,314,280,0,235,347,0,257,338,0,273,329,0,288,321,0,HOUSE
458,427,0,409,412,0,386,383,0,370,359,0,358,342,0,401,346,0,369,316,0,352,296,0,338,277,0,406,343,0,371,312,0,351,288,0,335,264,0,409,349,0,376,316,0,357,295,0,344,274,0,406,360,0,382,338,0,367,322,0,357,305,0,HOUSE
193,395,0,236,384,0,264,362,0,282,347,0,297,334,0,263,331,0,292,305,0,311,283,0,326,265,0,257,331,0,289,301,0,310,278,0,329,257,0,250,336,0,283,308,0,303,289,0,320,272,0,244,347,0,267,336,0,283,327,0,298,318,0,HOUSE
454,427,0,403,412,0,383,384,0,367,364,0,355,348,0,400,346,0,366,318,0,350,298,0,337,279,0,406,344,0,365,316,0,345,296,0,331,277,0,409,350,0,372,318,0,353,295,0,342,273,0,406,363,0,380,340,0,365,323,0,356,305,0,HOUSE
194,395,0,238,386,0,264,363,0,281,348,0,296,334,0,265,332,0,293,305,0,311,284,0,325,267,0,258,332,0,290,300,0,312,277,0,331,255,0,250,337,0,284,308,0,304,290,0,320,273,0,243,348,0,265,338,0,282,329,0,297,320,0,HOUSE
455,429,0,405,414,0,384,388,0,369,369,0,359,354,0,401,349,0,369,322,0,353,302,0,340,282,0,408,346,0,370,314,0,350,289,0,335,264,0,411,352,0,374,318,0,354,296,0,343,276,0,407,364,0,381,340,0,366,323,0,355,306,0,HOUSE
196,393,0,239,385,0,266,363,0,283,348,0,297,335,0,270,336,0,297,307,0,314,285,0,328,267,0,263,334,0,293,300,0,314,275,0,332,255,0,253,337,0,286,307,0,307,289,0,324,272,0,242,346,0,265,339,0,283,331,0,299,323,0,HOUSE
455,429,0,406,410,0,383,380,0,368,358,0,355,342,0,398,346,0,368,317,0,351,296,0,339,276,0,405,344,0,369,312,0,349,288,0,335,263,0,408,349,0,374,317,0,355,295,0,344,273,0,406,360,0,382,337,0,367,321,0,357,303,0,HOUSE
194,394,0,238,385,0,266,363,0,283,348,0,297,335,0,268,338,0,295,310,0,312,289,0,325,270,0,261,336,0,292,302,0,313,278,0,329,256,0,252,339,0,285,310,0,305,291,0,321,274,0,243,349,0,266,340,0,283,331,0,297,321,0,HOUSE
448,426,0,407,410,0,383,378,0,368,352,0,355,334,0,396,344,0,367,314,0,351,294,0,339,275,0,400,340,0,367,309,0,349,286,0,336,263,0,402,345,0,372,314,0,355,294,0,344,273,0,400,355,0,380,333,0,366,319,0,357,303,0,HOUSE
199,392,0,240,382,0,266,361,0,284,346,0,298,334,0,271,338,0,296,309,0,313,288,0,325,270,0,265,336,0,294,302,0,314,277,0,330,257,0,256,340,0,287,309,0,306,290,0,322,274,0,247,348,0,268,339,0,285,331,0,299,323,0,HOUSE
447,426,0,404,409,0,382,380,0,368,356,0,355,339,0,395,346,0,366,317,0,350,298,0,339,278,0,400,343,0,367,312,0,349,289,0,336,266,0,403,348,0,373,317,0,355,297,0,344,277,0,401,359,0,380,337,0,367,322,0,358,305,0,HOUSE
200,396,0,242,387,0,269,366,0,285,351,0,300,338,0,270,343,0,297,316,0,314,294,0,327,277,0,263,340,0,295,306,0,316,282,0,332,261,0,253,342,0,288,311,0,308,293,0,324,277,0,244,349,0,268,338,0,284,328,0,298,317,0,HOUSE
447,428,0,405,414,0,384,384,0,370,357,0,357,338,0,397,352,0,367,320,0,351,300,0,340,281,0,404,348,0,370,315,0,351,293,0,338,271,0,407,352,0,376,321,0,357,301,0,344,281,0,405,361,0,383,339,0,368,324,0,358,308,0,HOUSE
204,393,0,243,382,0,269,362,0,287,349,0,301,336,0,273,338,0,300,312,0,316,291,0,329,275,0,268,338,0,298,307,0,318,284,0,335,264,0,260,342,0,291,315,0,310,297,0,325,282,0,252,351,0,273,342,0,289,335,0,305,328,0,HOUSE
448,428,0,402,407,0,383,379,0,369,356,0,358,338,0,399,347,0,371,319,0,355,301,0,343,283,0,404,345,0,371,313,0,353,292,0,340,270,0,406,352,0,375,320,0,358,300,0,347,281,0,402,365,0,381,343,0,368,329,0,358,313,0,HOUSE
207,375,0,245,366,0,271,344,0,288,330,0,303,316,0,273,321,0,299,295,0,316,276,0,330,259,0,269,320,0,298,290,0,318,267,0,334,247,0,263,322,0,291,295,0,309,277,0,324,260,0,257,329,0,275,314,0,289,301,0,300,290,0,HOUSE
447,407,0,406,384,0,387,356,0,372,334,0,361,318,0,409,330,0,380,304,0,362,286,0,347,270,0,411,331,0,379,301,0,360,280,0,345,259,0,410,340,0,380,312,0,363,292,0,351,274,0,402,355,0,382,338,0,369,326,0,360,313,0,HOUSE
198,365,0,241,356,0,268,331,0,284,315,0,300,304,0,263,305,0,289,283,0,307,267,0,320,251,0,257,302,0,288,279,0,308,260,0,324,241,0,249,305,0,281,282,0,300,266,0,315,250,0,241,312,0,263,297,0,278,284,0,291,272,0,HOUSE
442,393,0,398,375,0,380,348,0,369,326,0,358,308,0,401,315,0,375,288,0,357,269,0,343,251,0,407,313,0,375,283,0,356,262,0,343,241,0,409,320,0,377,291,0,359,272,0,346,254,0,405,331,0,383,311,0,369,297,0,359,283,0,HOUSE
206,352,0,245,344,0,270,321,0,285,307,0,301,295,0,269,295,0,293,271,0,309,254,0,322,238,0,264,292,0,293,266,0,311,246,0,326,227,0,257,292,0,287,268,0,304,251,0,319,234,0,250,295,0,271,280,0,285,267,0,297,255,0,HOUSE
441,380,0,399,365,0,381,339,0,369,318,0,356,300,0,396,308,0,371,280,0,354,261,0,340,243,0,402,305,0,372,275,0,354,254,0,340,234,0,404,307,0,375,279,0,357,259,0,344,240,0,402,314,0,381,292,0,368,277,0,358,263,0,HOUSE
203,348,0,242,343,0,267,319,0,283,303,0,300,292,0,267,288,0,292,266,0,309,249,0,322,233,0,262,286,0,292,260,0,310,241,0,325,223,0,254,288,0,284,264,0,302,247,0,316,230,0,245,293,0,267,279,0,281,267,0,293,255,0,HOUSE
442,376,0,397,362,0,379,335,0,367,315,0,355,298,0,395,301,0,370,275,0,354,256,0,341,238,0,403,300,0,371,270,0,353,247,0,339,227,0,407,305,0,376,277,0,358,256,0,345,237,0,405,316,0,382,295,0,368,280,0,357,265,0,HOUSE
196,341,0,237,335,0,266,311,0,283,296,0,300,285,0,264,284,0,289,262,0,306,245,0,319,229,0,259,281,0,289,255,0,308,235,0,324,216,0,251,281,0,282,258,0,301,241,0,315,224,0,243,285,0,266,271,0,281,259,0,294,246,0,HOUSE
441,366,0,396,351,0,380,326,0,369,307,0,357,290,0,397,290,0,373,266,0,357,249,0,344,233,0,405,290,0,374,263,0,356,244,0,342,226,0,409,298,0,378,274,0,361,256,0,349,239,0,407,311,0,386,295,0,372,282,0,362,270,0,HOUSE
198,339,0,238,333,0,265,309,0,282,294,0,301,282,0,266,279,0,292,257,0,309,240,0,323,224,0,261,275,0,292,249,0,312,229,0,328,210,0,252,276,0,284,252,0,303,235,0,319,219,0,242,280,0,267,266,0,282,254,0,296,241,0,HOUSE
441,363,0,397,348,0,381,323,0,370,304,0,358,286,0,394,288,0,371,262,0,355,244,0,343,228,0,402,287,0,372,259,0,354,239,0,340,220,0,407,293,0,377,267,0,359,248,0,347,230,0,407,304,0,385,284,0,371,271,0,361,257,0,HOUSE
197,337,0,239,330,0,266,307,0,283,292,0,300,280,0,266,279,0,291,257,0,308,241,0,321,226,0,261,275,0,290,251,0,309,232,0,324,214,0,253,275,0,284,253,0,302,236,0,316,219,0,244,279,0,268,264,0,283,252,0,296,239,0,HOUSE
443,359,0,401,345,0,384,320,0,372,300,0,359,284,0,401,287,0,374,261,0,356,242,0,343,225,0,407,285,0,374,256,0,354,235,0,340,215,0,408,289,0,377,262,0,358,242,0,345,223,0,404,298,0,382,276,0,369,260,0,359,245,0,HOUSE
203,329,0,242,322,0,268,299,0,284,285,0,301,273,0,267,269,0,291,248,0,309,231,0,322,215,0,262,266,0,291,241,0,311,221,0,327,203,0,254,266,0,285,244,0,304,227,0,319,210,0,246,271,0,269,258,0,284,245,0,296,232,0,HOUSE
442,354,0,399,339,0,384,314,0,372,295,0,360,278,0,402,281,0,375,257,0,357,240,0,344,224,0,408,280,0,375,251,0,356,229,0,343,209,0,410,287,0,379,260,0,362,241,0,350,224,0,407,299,0,386,279,0,373,265,0,363,251,0,HOUSE
200,320,0,242,313,0,268,291,0,284,277,0,301,264,0,265,257,0,292,235,0,312,218,0,328,202,0,260,254,0,292,229,0,314,208,0,332,189,0,254,255,0,287,233,0,307,216,0,323,198,0,247,261,0,271,249,0,286,237,0,299,224,0,HOUSE
443,344,0,398,332,0,383,307,0,372,287,0,360,271,0,399,272,0,373,247,0,357,228,0,345,211,0,405,271,0,374,242,0,356,220,0,343,200,0,409,276,0,377,250,0,360,229,0,348,210,0,406,287,0,384,267,0,371,252,0,361,237,0,HOUSE
195,314,0,239,305,0,265,281,0,283,266,0,301,253,0,260,246,0,288,226,0,309,209,0,324,193,0,255,243,0,288,221,0,311,200,0,330,180,0,248,246,0,283,223,0,304,206,0,321,189,0,243,254,0,267,242,0,282,229,0,295,217,0,HOUSE
443,333,0,398,321,0,382,297,0,370,278,0,358,260,0,398,261,0,372,236,0,355,217,0,341,200,0,404,259,0,372,231,0,353,210,0,339,189,0,407,263,0,375,236,0,357,216,0,343,196,0,404,273,0,382,252,0,369,236,0,359,219,0,HOUSE
193,299,0,237,290,0,264,270,0,282,257,0,298,244,0,257,231,0,286,211,0,306,194,0,321,178,0,252,228,0,286,204,0,310,184,0,328,165,0,246,230,0,283,209,0,305,193,0,322,177,0,241,239,0,267,227,0,283,215,0,297,203,0,HOUSE
442,321,0,398,308,0,382,283,0,369,265,0,356,249,0,402,249,0,378,225,0,360,206,0,347,189,0,405,247,0,374,219,0,354,199,0,339,179,0,405,250,0,373,223,0,355,203,0,341,184,0,400,258,0,378,237,0,365,221,0,355,205,0,HOUSE
193,293,0,234,288,0,262,264,0,279,249,0,296,237,0,265,230,0,289,208,0,308,190,0,322,173,0,259,226,0,289,201,0,310,180,0,327,159,0,250,227,0,282,204,0,301,187,0,318,169,0,240,231,0,264,218,0,280,206,0,295,194,0,HOUSE
442,312,0,398,300,0,381,275,0,368,256,0,355,240,0,397,242,0,373,215,0,355,196,0,341,179,0,401,238,0,370,209,0,350,188,0,335,168,0,402,241,0,370,213,0,351,192,0,337,174,0,398,249,0,375,227,0,361,211,0,352,196,0,HOUSE
190,288,0,235,280,0,262,257,0,279,242,0,297,230,0,260,224,0,287,202,0,307,184,0,322,167,0,254,219,0,288,194,0,311,173,0,329,153,0,246,219,0,282,196,0,303,179,0,320,161,0,238,223,0,265,208,0,283,196,0,299,182,0,HOUSE
443,306,0,398,295,0,381,271,0,369,251,0,357,234,0,396,230,0,369,204,0,352,184,0,339,166,0,400,226,0,366,198,0,346,176,0,333,155,0,402,230,0,368,203,0,349,183,0,337,164,0,399,240,0,374,219,0,360,204,0,350,190,0,HOUSE
192,280,0,233,274,0,261,250,0,278,234,0,297,222,0,265,218,0,291,195,0,309,177,0,323,160,0,259,213,0,291,188,0,311,167,0,328,147,0,250,212,0,282,189,0,302,171,0,319,153,0,239,215,0,264,200,0,281,187,0,296,174,0,HOUSE
443,297,0,400,286,0,382,261,0,370,242,0,356,226,0,393,225,0,368,199,0,352,179,0,340,160,0,397,221,0,365,193,0,347,171,0,334,149,0,400,224,0,368,197,0,349,176,0,337,156,0,398,232,0,374,210,0,360,195,0,350,180,0,HOUSE
192,273,0,232,268,0,260,243,0,277,227,0,295,217,0,265,212,0,291,188,0,309,169,0,323,152,0,259,207,0,290,181,0,311,160,0,327,140,0,249,206,0,280,181,0,300,164,0,316,146,0,237,208,0,260,193,0,277,180,0,292,167,0,HOUSE
445,289,0,400,276,0,381,250,0,368,232,0,355,217,0,396,217,0,372,190,0,354,170,0,341,152,0,400,213,0,369,184,0,349,162,0,334,141,0,402,215,0,369,186,0,350,166,0,336,147,0,400,223,0,376,201,0,362,185,0,352,170,0,HOUSE
194,269,0,233,264,0,262,239,0,280,221,0,299,209,0,267,207,0,293,184,0,311,166,0,324,149,0,262,202,0,292,177,0,312,156,0,328,136,0,253,200,0,284,175,0,304,158,0,319,140,0,242,200,0,267,184,0,284,171,0,299,158,0,HOUSE
442,284,0,400,272,0,384,246,0,372,229,0,359,213,0,398,211,0,373,185,0,355,165,0,341,147,0,401,208,0,370,179,0,350,157,0,336,136,0,402,210,0,370,182,0,352,161,0,338,141,0,399,217,0,376,195,0,364,180,0,354,164,0,HOUSE
202,259,0,238,256,0,266,231,0,284,213,0,302,201,0,277,197,0,302,172,0,318,153,0,330,136,0,271,191,0,300,164,0,319,141,0,333,120,0,261,190,0,290,164,0,309,146,0,323,128,0,247,192,0,270,176,0,286,163,0,301,150,0,HOUSE
447,276,0,403,264,0,385,238,0,373,219,0,360,203,0,394,200,0,371,173,0,354,152,0,343,133,0,398,196,0,368,167,0,350,144,0,337,122,0,401,198,0,370,169,0,352,148,0,339,128,0,401,205,0,377,182,0,362,165,0,351,149,0,HOUSE
202,255,0,239,251,0,268,225,0,286,206,0,304,193,0,276,190,0,300,165,0,317,145,0,330,127,0,270,185,0,298,158,0,317,136,0,334,114,0,260,184,0,288,158,0,308,141,0,323,122,0,247,186,0,270,169,0,287,157,0,302,144,0,HOUSE
448,268,0,405,257,0,386,232,0,374,213,0,362,197,0,393,193,0,368,168,0,351,148,0,340,130,0,397,189,0,367,161,0,348,139,0,335,117,0,402,191,0,371,163,0,353,143,0,340,123,0,404,198,0,380,175,0,366,159,0,355,143,0,HOUSE
193,253,0,229,249,0,258,222,0,276,204,0,295,192,0,265,189,0,289,163,0,306,143,0,319,124,0,258,185,0,287,156,0,307,132,0,324,109,0,249,184,0,277,157,0,297,137,0,313,118,0,236,187,0,258,168,0,274,155,0,289,141,0,HOUSE
438,264,0,397,254,0,377,229,0,365,211,0,351,196,0,383,188,0,358,162,0,342,142,0,331,123,0,387,185,0,356,155,0,338,133,0,324,111,0,391,188,0,359,159,0,342,139,0,329,120,0,393,196,0,367,174,0,353,159,0,341,144,0,HOUSE
181,256,0,221,251,0,249,225,0,265,207,0,283,195,0,255,191,0,278,166,0,295,147,0,309,130,0,248,186,0,276,159,0,295,136,0,311,113,0,237,186,0,265,160,0,283,141,0,298,121,0,223,190,0,244,172,0,260,158,0,274,144,0,HOUSE
429,262,0,388,252,0,368,228,0,355,212,0,342,196,0,375,185,0,350,158,0,333,139,0,321,121,0,379,182,0,347,151,0,328,130,0,314,110,0,382,187,0,349,157,0,331,138,0,318,119,0,382,199,0,357,176,0,342,162,0,331,146,0,HOUSE
171,260,0,207,256,0,236,229,0,253,210,0,271,196,0,245,196,0,267,169,0,283,149,0,295,130,0,238,191,0,265,160,0,283,134,0,298,110,0,226,190,0,253,161,0,270,140,0,285,120,0,211,193,0,231,172,0,245,158,0,259,143,0,HOUSE
419,264,0,377,253,0,357,229,0,342,212,0,327,196,0,368,189,0,340,164,0,323,144,0,310,126,0,370,187,0,336,158,0,316,136,0,302,115,0,370,190,0,335,162,0,317,142,0,305,122,0,366,199,0,341,176,0,328,160,0,318,144,0,HOUSE
162,261,0,198,257,0,228,230,0,245,211,0,263,197,0,235,198,0,257,169,0,272,148,0,282,129,0,228,192,0,256,161,0,273,136,0,285,112,0,217,191,0,245,161,0,261,141,0,274,120,0,202,193,0,222,172,0,236,157,0,249,142,0,HOUSE
412,260,0,373,247,0,351,224,0,336,207,0,320,194,0,356,186,0,328,159,0,310,141,0,296,123,0,358,182,0,325,153,0,306,132,0,293,113,0,359,186,0,325,158,0,306,138,0,294,120,0,357,195,0,332,173,0,318,158,0,307,144,0,HOUSE
161,263,0,196,259,0,225,233,0,242,213,0,259,199,0,233,201,0,254,173,0,267,153,0,276,134,0,225,195,0,250,165,0,266,142,0,277,121,0,212,194,0,238,165,0,253,145,0,266,126,0,196,195,0,215,175,0,229,160,0,242,145,0,HOUSE
404,257,0,366,245,0,345,224,0,330,209,0,315,196,0,352,181,0,322,158,0,303,141,0,290,125,0,353,179,0,317,151,0,297,132,0,282,113,0,352,183,0,317,157,0,299,138,0,285,119,0,349,192,0,323,170,0,310,156,0,298,140,0,HOUSE
161,264,0,196,261,0,223,235,0,240,215,0,258,201,0,232,203,0,252,175,0,266,154,0,275,135,0,223,197,0,249,167,0,264,144,0,275,122,0,211,195,0,236,166,0,252,146,0,264,128,0,195,197,0,214,176,0,227,161,0,239,146,0,HOUSE
401,256,0,361,247,0,340,227,0,327,213,0,313,201,0,344,183,0,315,160,0,298,143,0,285,127,0,347,180,0,311,154,0,291,135,0,278,117,0,348,185,0,313,160,0,294,143,0,281,125,0,346,195,0,321,173,0,306,159,0,294,144,0,HOUSE
159,265,0,193,261,0,220,235,0,237,215,0,253,201,0,226,205,0,247,176,0,260,156,0,269,138,0,218,199,0,242,169,0,257,146,0,267,124,0,205,197,0,230,169,0,244,148,0,255,129,0,190,199,0,209,178,0,221,163,0,232,148,0,HOUSE
392,257,0,355,251,0,337,233,0,324,219,0,311,205,0,344,186,0,312,162,0,293,146,0,279,130,0,346,182,0,308,154,0,286,135,0,271,117,0,345,186,0,308,160,0,288,142,0,274,124,0,338,196,0,312,174,0,297,160,0,285,146,0,HOUSE
154,267,0,187,261,0,213,234,0,229,215,0,245,200,0,218,201,0,238,174,0,252,155,0,261,137,0,210,196,0,234,167,0,249,146,0,260,125,0,197,196,0,221,167,0,236,148,0,248,130,0,182,199,0,200,177,0,212,162,0,223,148,0,HOUSE
380,251,0,345,249,0,329,234,0,318,223,0,307,213,0,338,186,0,312,165,0,296,153,0,283,142,0,337,179,0,304,153,0,284,139,0,269,125,0,333,181,0,300,157,0,282,143,0,270,129,0,324,188,0,299,168,0,286,157,0,277,145,0,HOUSE
141,264,0,176,258,0,202,230,0,218,210,0,233,195,0,205,198,0,225,170,0,238,151,0,248,133,0,196,193,0,219,163,0,234,139,0,246,116,0,183,193,0,206,164,0,221,144,0,233,125,0,167,197,0,184,176,0,197,161,0,208,147,0,HOUSE
377,250,0,337,253,0,316,241,0,305,233,0,298,223,0,318,182,0,288,159,0,270,144,0,256,129,0,318,176,0,283,149,0,262,131,0,246,115,0,317,180,0,283,153,0,262,137,0,247,121,0,311,190,0,285,168,0,269,156,0,257,143,0,HOUSE
126,262,0,159,257,0,187,229,0,203,209,0,218,194,0,190,198,0,210,172,0,225,152,0,235,134,0,182,194,0,206,167,0,221,146,0,234,125,0,171,194,0,195,168,0,211,149,0,224,130,0,158,197,0,177,178,0,191,164,0,203,150,0,HOUSE
365,250,0,330,243,0,305,225,0,288,212,0,274,199,0,313,180,0,282,157,0,262,140,0,246,125,0,314,177,0,277,150,0,254,130,0,238,113,0,312,182,0,276,155,0,254,137,0,239,120,0,307,192,0,281,172,0,264,159,0,251,145,0,HOUSE
118,262,0,156,254,0,181,227,0,196,207,0,213,193,0,184,196,0,206,169,0,221,150,0,232,132,0,177,191,0,204,162,0,221,140,0,233,119,0,167,191,0,194,164,0,212,144,0,225,125,0,155,195,0,177,176,0,191,161,0,204,147,0,HOUSE
359,249,0,328,236,0,306,216,0,292,198,0,280,186,0,310,180,0,280,158,0,260,143,0,246,128,0,308,177,0,273,150,0,251,131,0,236,113,0,305,181,0,271,155,0,252,137,0,239,120,0,300,190,0,276,170,0,261,156,0,249,143,0,HOUSE
110,263,0,148,254,0,174,224,0,190,206,0,207,192,0,176,192,0,199,166,0,215,146,0,228,127,0,170,188,0,197,159,0,216,135,0,231,112,0,160,188,0,188,161,0,207,141,0,222,121,0,149,193,0,172,174,0,187,158,0,200,143,0,HOUSE
341,254,0,304,245,0,281,220,0,268,201,0,258,185,0,292,180,0,265,156,0,248,140,0,235,125,0,297,177,0,264,149,0,244,129,0,229,111,0,299,183,0,266,156,0,246,137,0,232,120,0,297,194,0,272,175,0,257,161,0,245,147,0,HOUSE
101,263,0,141,252,0,167,224,0,182,206,0,199,193,0,171,193,0,194,167,0,210,147,0,222,129,0,165,189,0,193,159,0,211,137,0,225,115,0,155,189,0,184,162,0,202,142,0,216,122,0,144,192,0,167,174,0,182,159,0,194,145,0,HOUSE
338,258,0,300,248,0,277,223,0,263,208,0,253,192,0,290,183,0,259,154,0,241,138,0,227,124,0,295,182,0,258,156,0,237,139,0,221,123,0,296,187,0,262,156,0,241,136,0,227,118,0,291,196,0,264,176,0,249,161,0,238,147,0,HOUSE
98,261,0,139,250,0,165,221,0,180,203,0,197,189,0,167,190,0,192,163,0,209,144,0,222,125,0,161,186,0,190,156,0,210,133,0,226,111,0,151,186,0,182,159,0,202,139,0,217,119,0,141,190,0,167,172,0,183,157,0,197,143,0,HOUSE
336,257,0,296,248,0,275,224,0,263,207,0,253,190,0,288,182,0,260,153,0,242,135,0,230,119,0,294,181,0,259,149,0,238,128,0,222,108,0,297,185,0,262,154,0,242,134,0,227,115,0,294,195,0,269,174,0,253,159,0,241,144,0,HOUSE
96,260,0,138,248,0,163,220,0,178,202,0,196,188,0,166,189,0,190,163,0,207,143,0,220,125,0,160,185,0,189,154,0,208,131,0,223,109,0,150,185,0,180,157,0,199,137,0,214,118,0,138,188,0,163,169,0,179,155,0,193,141,0,HOUSE
339,254,0,298,243,0,277,218,0,263,199,0,254,182,0,287,180,0,260,153,0,242,135,0,228,120,0,292,179,0,258,147,0,237,127,0,221,109,0,295,184,0,261,155,0,241,136,0,226,119,0,294,193,0,268,174,0,252,161,0,239,149,0,HOUSE
96,262,0,135,252,0,162,223,0,178,204,0,195,191,0,166,192,0,190,165,0,207,145,0,219,126,0,159,188,0,187,158,0,206,135,0,221,111,0,149,188,0,178,161,0,196,141,0,211,120,0,137,192,0,160,174,0,176,160,0,190,145,0,HOUSE
337,255,0,296,242,0,273,215,0,259,197,0,247,181,0,289,180,0,258,153,0,239,136,0,226,122,0,294,180,0,256,150,0,234,130,0,219,112,0,294,185,0,257,155,0,237,135,0,223,117,0,289,194,0,263,173,0,248,159,0,236,144,0,HOUSE
98,260,0,136,250,0,163,222,0,177,203,0,195,189,0,166,191,0,189,164,0,206,143,0,218,125,0,160,187,0,187,156,0,206,132,0,220,109,0,150,186,0,178,158,0,197,137,0,211,117,0,138,189,0,161,170,0,176,155,0,189,140,0,HOUSE
337,252,0,296,244,0,276,220,0,264,205,0,254,189,0,290,178,0,259,153,0,240,137,0,226,122,0,293,177,0,255,148,0,234,129,0,218,110,0,292,182,0,256,152,0,236,132,0,222,113,0,285,191,0,259,169,0,245,154,0,233,139,0,HOUSE
120,257,0,160,247,0,185,219,0,200,202,0,217,187,0,185,183,0,211,159,0,229,140,0,243,122,0,177,179,0,209,154,0,230,132,0,246,110,0,168,182,0,202,158,0,222,140,0,239,120,0,161,189,0,186,172,0,203,158,0,218,144,0,HOUSE
357,235,0,335,222,0,314,204,0,299,192,0,286,180,0,314,174,0,287,154,0,270,139,0,257,125,0,315,171,0,283,147,0,264,128,0,250,110,0,315,175,0,284,152,0,266,135,0,253,119,0,313,184,0,290,167,0,277,154,0,266,142,0,HOUSE
138,254,0,176,246,0,203,219,0,218,200,0,234,186,0,205,185,0,232,161,0,250,142,0,263,124,0,199,180,0,229,153,0,249,131,0,265,109,0,190,180,0,223,155,0,243,136,0,259,116,0,181,184,0,208,168,0,225,154,0,239,139,0,HOUSE
385,245,0,353,242,0,335,228,0,322,217,0,309,207,0,333,175,0,305,153,0,286,135,0,272,119,0,334,171,0,300,145,0,281,126,0,265,106,0,334,175,0,302,151,0,283,135,0,269,118,0,332,186,0,308,168,0,293,156,0,281,142,0,HOUSE
156,253,0,193,246,0,219,219,0,235,201,0,251,187,0,226,188,0,251,163,0,268,144,0,282,126,0,220,184,0,249,155,0,269,132,0,285,109,0,211,184,0,242,158,0,261,138,0,277,117,0,200,187,0,225,171,0,240,157,0,254,142,0,HOUSE
402,260,0,362,252,0,343,231,0,331,215,0,319,199,0,352,183,0,321,159,0,303,141,0,290,124,0,356,181,0,319,154,0,298,134,0,282,112,0,358,186,0,322,159,0,303,140,0,288,121,0,355,195,0,330,174,0,315,161,0,303,146,0,HOUSE
170,252,0,206,246,0,233,218,0,249,200,0,265,186,0,239,186,0,264,162,0,283,143,0,296,126,0,234,182,0,265,155,0,285,132,0,302,110,0,226,182,0,257,156,0,277,137,0,293,117,0,216,186,0,241,170,0,257,155,0,271,140,0,HOUSE
420,260,0,378,252,0,359,233,0,347,217,0,334,202,0,373,184,0,341,161,0,322,143,0,308,125,0,376,181,0,338,152,0,317,131,0,302,111,0,376,187,0,339,160,0,320,141,0,306,122,0,372,199,0,347,179,0,332,165,0,320,150,0,HOUSE
189,247,0,228,241,0,253,215,0,269,197,0,286,185,0,256,180,0,284,158,0,303,140,0,317,122,0,249,177,0,283,151,0,305,129,0,322,107,0,241,178,0,276,154,0,297,137,0,314,119,0,233,185,0,259,170,0,276,157,0,291,144,0,HOUSE
442,265,0,398,255,0,379,232,0,364,216,0,349,202,0,391,184,0,360,160,0,342,143,0,329,127,0,395,182,0,356,154,0,335,134,0,320,114,0,396,188,0,359,159,0,340,139,0,327,120,0,393,200,0,367,177,0,352,160,0,342,143,0,HOUSE
201,248,0,241,241,0,265,216,0,279,199,0,296,187,0,268,177,0,297,157,0,318,140,0,333,124,0,261,174,0,296,150,0,319,130,0,337,109,0,254,176,0,289,155,0,312,138,0,329,119,0,246,183,0,274,169,0,292,156,0,307,142,0,HOUSE
457,267,0,412,257,0,391,231,0,378,212,0,363,197,0,404,189,0,377,165,0,360,146,0,348,129,0,408,186,0,373,158,0,353,137,0,340,117,0,410,190,0,375,163,0,357,143,0,345,124,0,409,200,0,383,178,0,369,162,0,358,146,0,HOUSE
205,248,0,247,242,0,272,216,0,286,200,0,303,188,0,273,175,0,304,155,0,326,138,0,342,121,0,266,172,0,303,149,0,327,129,0,346,108,0,259,175,0,298,153,0,322,135,0,339,117,0,254,183,0,283,168,0,301,155,0,317,141,0,HOUSE
461,266,0,419,257,0,397,231,0,384,212,0,370,194,0,410,188,0,385,161,0,368,142,0,356,124,0,414,186,0,381,156,0,361,134,0,347,114,0,416,191,0,382,162,0,364,142,0,351,123,0,416,201,0,391,179,0,378,163,0,368,146,0,HOUSE
213,248,0,258,239,0,282,214,0,297,200,0,314,188,0,274,171,0,310,153,0,333,135,0,350,119,0,269,170,0,311,147,0,336,127,0,355,106,0,266,175,0,308,151,0,332,134,0,350,117,0,266,185,0,296,168,0,314,154,0,328,140,0,HOUSE
472,269,0,430,258,0,408,232,0,394,213,0,378,198,0,421,190,0,395,163,0,377,143,0,365,125,0,426,189,0,391,158,0,370,136,0,355,114,0,429,193,0,394,164,0,375,144,0,362,126,0,430,203,0,404,183,0,390,168,0,379,153,0,HOUSE
232,250,0,276,241,0,299,215,0,313,198,0,329,185,0,291,172,0,326,152,0,350,135,0,365,118,0,286,170,0,326,147,0,351,127,0,370,107,0,283,174,0,324,151,0,348,133,0,366,115,0,283,183,0,315,165,0,334,151,0,350,138,0,HOUSE
488,267,0,443,255,0,422,228,0,410,209,0,395,194,0,429,191,0,403,166,0,386,145,0,374,125,0,435,189,0,402,159,0,384,135,0,370,111,0,441,191,0,408,162,0,390,142,0,377,122,0,445,199,0,421,178,0,407,162,0,396,147,0,HOUSE
243,246,0,288,238,0,313,213,0,327,197,0,344,184,0,312,172,0,346,153,0,368,136,0,384,120,0,307,169,0,347,147,0,371,127,0,389,108,0,302,172,0,344,151,0,367,133,0,385,115,0,299,181,0,330,166,0,348,153,0,363,139,0,HOUSE
501,267,0,459,256,0,437,229,0,425,210,0,411,195,0,439,192,0,416,165,0,400,145,0,390,127,0,445,189,0,415,159,0,398,136,0,385,114,0,453,190,0,422,160,0,406,140,0,394,122,0,460,197,0,437,174,0,423,158,0,412,143,0,HOUSE
246,246,0,293,238,0,317,213,0,330,196,0,347,182,0,316,170,0,351,152,0,374,135,0,391,119,0,311,168,0,351,146,0,377,126,0,396,106,0,306,171,0,349,150,0,374,133,0,393,115,0,304,180,0,336,164,0,356,150,0,371,137,0,HOUSE
510,267,0,468,255,0,445,228,0,433,209,0,420,193,0,444,193,0,421,165,0,406,145,0,396,126,0,450,188,0,421,157,0,404,134,0,393,112,0,459,189,0,429,159,0,414,137,0,403,118,0,468,194,0,446,172,0,433,156,0,423,142,0,HOUSE
262,246,0,307,238,0,330,214,0,343,198,0,360,184,0,329,172,0,364,154,0,387,136,0,404,121,0,324,170,0,366,149,0,392,129,0,412,110,0,320,173,0,364,153,0,389,136,0,408,120,0,318,183,0,350,168,0,370,155,0,387,143,0,HOUSE
524,272,0,482,260,0,459,232,0,447,212,0,433,197,0,458,196,0,435,168,0,420,148,0,411,130,0,465,192,0,436,161,0,419,139,0,408,118,0,475,192,0,444,163,0,429,142,0,418,123,0,485,198,0,463,177,0,450,161,0,440,146,0,HOUSE
275,243,0,318,236,0,341,212,0,355,196,0,371,182,0,337,170,0,373,152,0,398,136,0,416,121,0,333,168,0,375,148,0,402,131,0,423,112,0,330,173,0,373,152,0,399,137,0,418,122,0,329,184,0,360,168,0,380,156,0,397,145,0,HOUSE
534,273,0,492,260,0,467,232,0,455,213,0,442,197,0,466,198,0,444,169,0,430,149,0,421,130,0,473,194,0,446,162,0,431,140,0,420,118,0,485,195,0,457,164,0,442,143,0,431,124,0,497,200,0,476,177,0,463,161,0,453,146,0,HOUSE
296,240,0,339,236,0,360,213,0,373,196,0,389,183,0,362,171,0,396,154,0,419,137,0,435,120,0,356,168,0,398,149,0,423,133,0,442,115,0,352,172,0,394,151,0,418,136,0,437,121,0,350,181,0,382,166,0,401,153,0,417,141,0,HOUSE
550,276,0,511,264,0,486,236,0,473,216,0,459,200,0,483,203,0,461,172,0,448,150,0,438,131,0,491,199,0,465,166,0,450,141,0,440,118,0,503,200,0,476,168,0,462,146,0,452,126,0,517,205,0,498,182,0,484,166,0,473,152,0,HOUSE
306,239,0,348,234,0,368,212,0,381,197,0,394,185,0,364,166,0,403,150,0,428,134,0,445,119,0,359,165,0,405,147,0,431,131,0,450,113,0,358,170,0,403,151,0,429,135,0,447,119,0,360,180,0,394,164,0,416,151,0,433,138,0,HOUSE
562,275,0,520,262,0,494,234,0,480,214,0,467,197,0,494,202,0,472,172,0,457,151,0,447,131,0,502,198,0,475,165,0,459,140,0,448,117,0,513,197,0,485,167,0,469,145,0,457,125,0,526,202,0,505,180,0,491,164,0,479,149,0,HOUSE
315,236,0,357,233,0,375,217,0,386,205,0,398,198,0,371,162,0,412,147,0,438,133,0,456,118,0,369,161,0,415,143,0,442,127,0,463,110,0,371,167,0,417,146,0,443,129,0,463,114,0,377,177,0,412,159,0,434,144,0,451,132,0,HOUSE
568,274,0,529,261,0,505,233,0,493,214,0,480,198,0,503,200,0,480,169,0,467,148,0,458,129,0,510,196,0,484,162,0,470,138,0,460,115,0,522,196,0,495,164,0,481,141,0,471,121,0,536,201,0,516,178,0,503,161,0,492,146,0,HOUSE
332,236,0,367,238,0,388,223,0,397,210,0,408,198,0,396,175,0,427,154,0,449,136,0,465,120,0,394,171,0,428,148,0,451,130,0,471,111,0,393,172,0,427,149,0,450,133,0,467,117,0,393,178,0,421,162,0,439,148,0,455,136,0,HOUSE
579,276,0,539,264,0,514,235,0,501,215,0,488,199,0,513,202,0,490,172,0,476,150,0,466,131,0,521,198,0,494,164,0,478,139,0,468,116,0,533,198,0,505,166,0,490,143,0,479,123,0,547,203,0,526,180,0,513,163,0,502,148,0,HOUSE
362,258,0,401,248,0,423,221,0,426,200,0,424,183,0,422,192,0,457,176,0,481,159,0,498,144,0,420,191,0,461,171,0,487,151,0,507,132,0,420,196,0,461,175,0,486,159,0,503,143,0,422,206,0,452,191,0,471,179,0,487,169,0,HOUSE
609,302,0,570,285,0,547,255,0,536,236,0,523,218,0,549,224,0,526,193,0,512,172,0,503,151,0,558,220,0,530,186,0,515,160,0,505,135,0,569,222,0,542,190,0,527,167,0,515,147,0,583,228,0,563,204,0,550,187,0,540,171,0,HOUSE
357,267,0,402,266,0,428,242,0,443,225,0,456,212,0,421,200,0,457,186,0,483,169,0,501,154,0,418,200,0,461,181,0,488,163,0,508,143,0,418,207,0,462,188,0,487,172,0,505,157,0,422,221,0,453,208,0,473,195,0,488,185,0,HOUSE
607,317,0,570,299,0,546,268,0,535,248,0,522,230,0,546,237,0,525,206,0,513,183,0,506,163,0,555,234,0,530,199,0,517,173,0,508,149,0,567,236,0,542,203,0,529,181,0,519,161,0,582,244,0,564,221,0,551,204,0,542,189,0,HOUSE
351,280,0,395,277,0,421,254,0,437,237,0,453,223,0,413,215,0,454,198,0,480,181,0,498,165,0,408,214,0,457,193,0,485,174,0,506,155,0,406,223,0,456,202,0,483,186,0,503,170,0,408,239,0,443,225,0,464,212,0,480,201,0,HOUSE
604,329,0,567,311,0,543,281,0,531,259,0,518,242,0,541,251,0,520,219,0,508,196,0,501,175,0,550,248,0,526,213,0,513,186,0,504,162,0,562,249,0,538,217,0,525,194,0,515,173,0,577,256,0,559,233,0,547,216,0,538,201,0,HOUSE
326,301,0,370,300,0,395,280,0,411,265,0,426,255,0,387,234,0,429,216,0,456,199,0,476,183,0,382,234,0,433,211,0,462,191,0,485,171,0,382,243,0,432,221,0,460,204,0,481,187,0,386,260,0,421,245,0,441,231,0,458,220,0,HOUSE
589,343,0,549,325,0,528,294,0,516,272,0,502,253,0,528,263,0,506,233,0,492,210,0,483,189,0,538,260,0,511,227,0,495,201,0,484,177,0,549,262,0,522,231,0,506,210,0,493,190,0,561,269,0,542,248,0,529,233,0,518,219,0,HOUSE
313,306,0,357,299,0,382,278,0,396,263,0,412,251,0,377,238,0,418,220,0,444,202,0,463,184,0,372,238,0,422,215,0,450,195,0,472,174,0,372,247,0,421,224,0,448,207,0,467,191,0,374,262,0,407,248,0,427,235,0,442,223,0,HOUSE
587,346,0,541,328,0,518,297,0,505,274,0,491,256,0,525,264,0,499,234,0,483,212,0,472,192,0,534,262,0,503,228,0,485,204,0,472,181,0,544,266,0,511,235,0,493,214,0,480,194,0,551,277,0,529,255,0,514,239,0,502,223,0,HOUSE
312,304,0,355,294,0,382,270,0,398,250,0,414,235,0,375,237,0,415,218,0,440,199,0,458,182,0,370,238,0,419,216,0,446,195,0,467,174,0,367,247,0,416,225,0,443,208,0,462,191,0,368,263,0,400,250,0,419,237,0,435,225,0,HOUSE
581,341,0,538,324,0,513,295,0,498,273,0,485,255,0,517,264,0,490,234,0,474,213,0,463,193,0,526,261,0,495,228,0,477,203,0,465,181,0,537,264,0,504,234,0,487,213,0,474,193,0,547,274,0,524,253,0,509,237,0,498,221,0,HOUSE
298,309,0,340,306,0,364,285,0,378,270,0,394,260,0,362,241,0,403,223,0,429,204,0,448,186,0,357,242,0,406,219,0,434,198,0,456,177,0,356,251,0,403,228,0,429,210,0,448,193,0,357,267,0,389,253,0,408,240,0,423,228,0,HOUSE
572,346,0,527,327,0,505,297,0,492,275,0,477,257,0,511,264,0,483,236,0,466,216,0,455,196,0,520,262,0,486,231,0,467,208,0,453,185,0,530,267,0,496,238,0,477,217,0,463,197,0,537,279,0,513,258,0,498,242,0,485,226,0,HOUSE
283,316,0,323,303,0,349,281,0,366,265,0,383,252,0,348,249,0,388,230,0,413,211,0,430,193,0,345,250,0,390,227,0,417,206,0,437,184,0,344,258,0,388,234,0,413,216,0,431,198,0,346,273,0,376,258,0,394,244,0,409,231,0,HOUSE
561,352,0,516,335,0,492,304,0,477,283,0,462,265,0,499,271,0,470,243,0,451,221,0,439,202,0,507,270,0,471,238,0,451,214,0,437,191,0,515,274,0,479,245,0,461,223,0,447,203,0,521,285,0,497,264,0,481,249,0,468,234,0,HOUSE
273,318,0,309,305,0,335,283,0,354,266,0,372,255,0,334,254,0,374,237,0,399,219,0,415,202,0,332,254,0,378,232,0,403,210,0,422,188,0,332,262,0,377,239,0,401,221,0,418,204,0,335,276,0,365,262,0,383,249,0,396,236,0,HOUSE
551,350,0,507,334,0,482,304,0,467,283,0,452,267,0,492,266,0,461,241,0,442,222,0,428,204,0,499,266,0,461,238,0,440,216,0,425,196,0,506,273,0,468,247,0,448,228,0,434,209,0,510,288,0,486,269,0,469,256,0,456,242,0,HOUSE
264,322,0,301,312,0,323,290,0,337,273,0,351,258,0,324,259,0,361,240,0,384,222,0,399,204,0,322,259,0,364,237,0,388,216,0,404,195,0,321,265,0,365,243,0,387,225,0,401,208,0,322,276,0,353,262,0,371,248,0,384,235,0,HOUSE
535,352,0,494,334,0,468,306,0,450,287,0,434,271,0,481,270,0,451,249,0,430,231,0,414,214,0,487,274,0,451,247,0,429,226,0,413,207,0,492,284,0,458,261,0,436,241,0,419,222,0,496,301,0,472,284,0,456,271,0,442,258,0,HOUSE
218,336,0,270,322,0,296,296,0,312,280,0,329,266,0,275,262,0,310,244,0,333,230,0,351,218,0,271,264,0,312,241,0,336,226,0,356,212,0,271,274,0,310,250,0,333,236,0,351,222,0,275,291,0,302,278,0,319,267,0,333,257,0,HOUSE
511,359,0,463,343,0,437,313,0,420,293,0,402,276,0,460,276,0,429,255,0,406,238,0,387,223,0,467,279,0,429,253,0,405,234,0,385,215,0,472,289,0,436,267,0,415,251,0,398,236,0,473,309,0,449,295,0,433,283,0,419,271,0,HOUSE
215,329,0,264,317,0,288,290,0,304,274,0,321,261,0,271,254,0,311,234,0,336,217,0,354,201,0,268,256,0,314,230,0,340,208,0,361,187,0,268,267,0,311,240,0,334,222,0,353,204,0,271,284,0,296,271,0,311,259,0,324,248,0,HOUSE
514,353,0,463,335,0,436,306,0,417,285,0,399,270,0,460,270,0,429,250,0,407,234,0,388,220,0,466,272,0,426,246,0,401,227,0,379,209,0,469,281,0,430,258,0,407,241,0,389,225,0,468,299,0,443,284,0,426,273,0,412,261,0,HOUSE
207,328,0,256,313,0,283,284,0,301,266,0,320,253,0,261,247,0,303,231,0,328,220,0,348,209,0,258,250,0,306,224,0,333,202,0,356,179,0,258,262,0,302,232,0,326,212,0,346,191,0,262,280,0,286,264,0,302,250,0,317,236,0,HOUSE
509,344,0,458,326,0,432,297,0,413,278,0,393,262,0,451,260,0,420,240,0,398,223,0,380,207,0,457,260,0,417,235,0,392,214,0,373,194,0,460,269,0,419,244,0,396,225,0,377,205,0,458,286,0,431,267,0,415,252,0,401,236,0,HOUSE
186,328,0,238,313,0,268,282,0,288,263,0,307,249,0,255,249,0,299,232,0,324,223,0,344,215,0,250,250,0,297,219,0,326,195,0,350,172,0,246,260,0,290,227,0,316,206,0,338,184,0,244,277,0,268,260,0,285,245,0,300,230,0,HOUSE
509,353,0,460,333,0,430,301,0,408,279,0,388,261,0,450,260,0,419,240,0,395,225,0,374,211,0,456,262,0,416,236,0,390,216,0,367,199,0,460,273,0,422,251,0,401,236,0,382,223,0,462,293,0,434,278,0,415,268,0,400,259,0,HOUSE
148,340,0,204,324,0,238,289,0,260,267,0,282,254,0,226,256,0,267,228,0,293,204,0,312,185,0,217,257,0,266,221,0,298,196,0,323,172,0,209,267,0,257,232,0,286,212,0,309,193,0,204,284,0,232,268,0,253,253,0,271,239,0,HOUSE
496,348,0,441,333,0,408,301,0,385,278,0,365,259,0,431,256,0,395,236,0,367,220,0,344,206,0,439,258,0,394,232,0,365,212,0,342,193,0,445,271,0,403,249,0,378,234,0,359,220,0,448,293,0,418,279,0,399,268,0,383,257,0,HOUSE
139,340,0,196,323,0,225,290,0,244,270,0,266,255,0,216,250,0,252,222,0,276,200,0,295,179,0,206,250,0,250,217,0,278,192,0,300,166,0,194,259,0,239,229,0,266,208,0,289,187,0,185,276,0,215,261,0,237,248,0,256,234,0,HOUSE
476,340,0,422,326,0,391,297,0,369,275,0,350,258,0,408,254,0,373,236,0,352,222,0,334,208,0,413,254,0,366,228,0,340,208,0,318,188,0,417,265,0,371,245,0,348,231,0,332,216,0,418,284,0,389,271,0,371,262,0,356,250,0,HOUSE
139,339,0,196,322,0,225,290,0,242,272,0,263,257,0,216,250,0,253,224,0,276,201,0,293,181,0,206,251,0,250,218,0,278,193,0,300,167,0,194,261,0,239,228,0,267,208,0,289,186,0,186,277,0,216,260,0,237,246,0,256,232,0,HOUSE
476,342,0,422,327,0,390,299,0,368,276,0,349,260,0,406,255,0,371,237,0,350,224,0,333,209,0,411,255,0,365,230,0,339,210,0,318,190,0,415,266,0,369,247,0,346,232,0,330,217,0,416,285,0,385,273,0,368,263,0,353,251,0,HOUSE
128,345,0,181,326,0,213,290,0,233,270,0,254,256,0,204,257,0,238,229,0,261,207,0,279,187,0,196,257,0,236,224,0,262,199,0,284,175,0,187,265,0,227,232,0,251,212,0,272,191,0,179,279,0,206,262,0,225,247,0,242,232,0,HOUSE
461,342,0,416,328,0,385,301,0,362,278,0,339,263,0,394,257,0,361,236,0,341,226,0,324,216,0,397,259,0,361,237,0,338,225,0,321,214,0,398,270,0,362,250,0,341,238,0,326,225,0,396,286,0,369,268,0,351,257,0,337,246,0,HOUSE
121,348,0,166,326,0,201,292,0,223,270,0,243,252,0,193,258,0,227,228,0,251,204,0,270,185,0,189,259,0,227,224,0,253,199,0,275,175,0,183,267,0,220,235,0,245,213,0,264,193,0,178,282,0,203,263,0,222,247,0,237,231,0,HOUSE
450,340,0,409,323,0,379,297,0,356,276,0,335,264,0,387,256,0,354,237,0,333,227,0,317,217,0,390,260,0,354,238,0,332,227,0,315,216,0,392,271,0,357,253,0,336,243,0,321,232,0,393,288,0,367,276,0,351,269,0,339,262,0,HOUSE
113,346,0,157,330,0,189,296,0,208,273,0,224,254,0,191,267,0,218,235,0,236,212,0,249,191,0,184,265,0,215,229,0,235,202,0,252,176,0,174,269,0,206,238,0,225,216,0,240,194,0,163,278,0,187,262,0,204,248,0,218,232,0,HOUSE
432,336,0,391,332,0,364,312,0,345,294,0,328,282,0,367,254,0,327,232,0,299,216,0,278,201,0,366,253,0,317,224,0,288,205,0,265,186,0,363,261,0,316,235,0,289,218,0,271,201,0,358,278,0,325,258,0,304,244,0,288,229,0,HOUSE
103,350,0,148,337,0,180,302,0,198,278,0,215,260,0,179,273,0,204,242,0,221,219,0,234,196,0,169,270,0,199,235,0,219,207,0,236,180,0,157,272,0,188,244,0,208,223,0,222,200,0,144,281,0,169,265,0,184,250,0,196,233,0,HOUSE
422,342,0,370,333,0,343,312,0,326,295,0,312,280,0,350,253,0,304,231,0,277,215,0,256,197,0,351,251,0,296,220,0,265,201,0,243,181,0,349,261,0,297,232,0,268,213,0,248,193,0,341,281,0,302,259,0,281,245,0,266,228,0,HOUSE
100,349,0,144,336,0,174,301,0,191,277,0,208,258,0,176,274,0,200,244,0,215,220,0,227,199,0,167,271,0,195,235,0,213,207,0,229,180,0,154,274,0,183,243,0,201,221,0,214,198,0,140,281,0,163,264,0,177,249,0,188,231,0,HOUSE
418,339,0,367,328,0,339,308,0,320,293,0,304,279,0,345,249,0,298,229,0,272,214,0,251,198,0,345,248,0,289,218,0,258,200,0,235,181,0,343,259,0,288,229,0,260,210,0,240,189,0,335,278,0,294,256,0,274,243,0,258,226,0,HOUSE
96,346,0,139,334,0,169,300,0,187,277,0,203,259,0,169,274,0,193,241,0,208,217,0,219,195,0,162,271,0,188,234,0,206,205,0,221,178,0,150,273,0,177,242,0,194,220,0,207,198,0,137,280,0,158,263,0,170,247,0,179,229,0,HOUSE
407,332,0,360,325,0,333,307,0,314,292,0,297,281,0,331,248,0,288,229,0,261,215,0,240,199,0,333,246,0,279,218,0,249,200,0,227,181,0,330,256,0,279,228,0,251,209,0,233,189,0,323,276,0,285,255,0,265,241,0,250,223,0,HOUSE
83,353,0,124,341,0,153,308,0,170,286,0,187,267,0,155,280,0,177,246,0,192,223,0,203,203,0,146,278,0,171,242,0,187,214,0,200,188,0,132,281,0,157,250,0,172,228,0,184,206,0,116,290,0,133,271,0,146,255,0,156,238,0,HOUSE
389,333,0,345,321,0,317,299,0,298,282,0,280,268,0,307,248,0,262,231,0,236,217,0,215,201,0,310,247,0,255,222,0,225,205,0,203,186,0,310,259,0,258,234,0,229,217,0,209,198,0,305,280,0,268,262,0,247,250,0,231,235,0,HOUSE
65,354,0,104,346,0,134,312,0,151,287,0,169,272,0,136,283,0,156,254,0,168,232,0,176,212,0,125,281,0,147,248,0,162,219,0,172,192,0,109,285,0,132,253,0,145,231,0,155,209,0,90,292,0,106,272,0,117,256,0,127,241,0,HOUSE
361,330,0,319,312,0,292,291,0,271,276,0,253,267,0,282,250,0,236,230,0,210,214,0,188,199,0,285,250,0,229,224,0,199,206,0,177,189,0,284,262,0,232,237,0,203,220,0,182,204,0,277,283,0,239,265,0,217,251,0,199,237,0,HOUSE
175,363,0,222,354,0,256,324,0,276,303,0,296,288,0,257,294,0,284,266,0,304,245,0,320,224,0,249,288,0,283,257,0,306,230,0,326,205,0,237,288,0,272,260,0,294,239,0,312,218,0,222,291,0,249,274,0,266,260,0,281,244,0,HOUSE
470,379,0,423,360,0,403,334,0,384,316,0,365,300,0,424,294,0,391,265,0,370,248,0,353,230,0,427,292,0,388,257,0,364,235,0,346,215,0,426,299,0,388,266,0,365,244,0,349,225,0,416,312,0,389,286,0,372,268,0,359,251,0,HOUSE
182,361,0,229,353,0,264,323,0,284,302,0,303,286,0,268,293,0,296,265,0,315,245,0,331,226,0,261,288,0,294,256,0,317,231,0,336,208,0,249,287,0,284,259,0,306,239,0,324,219,0,235,290,0,261,273,0,278,260,0,294,245,0,HOUSE
485,384,0,440,367,0,416,337,0,396,316,0,377,298,0,436,302,0,403,269,0,381,248,0,363,228,0,441,300,0,400,263,0,375,238,0,357,216,0,440,306,0,402,274,0,379,250,0,362,230,0,432,316,0,404,289,0,387,271,0,373,255,0,HOUSE
198,386,0,245,377,0,277,349,0,295,330,0,312,315,0,278,317,0,311,288,0,332,268,0,348,250,0,273,315,0,309,282,0,332,260,0,352,239,0,265,318,0,301,289,0,324,269,0,342,250,0,259,328,0,286,312,0,305,299,0,320,286,0,HOUSE
489,425,0,453,397,0,431,363,0,410,339,0,391,324,0,444,338,0,414,309,0,393,291,0,376,275,0,444,340,0,409,306,0,386,282,0,366,260,0,443,350,0,411,320,0,391,299,0,376,280,0,437,365,0,413,343,0,397,329,0,385,316,0,HOUSE
201,388,0,246,380,0,276,356,0,294,338,0,310,324,0,279,327,0,311,298,0,331,277,0,346,259,0,274,325,0,311,290,0,333,267,0,351,246,0,267,328,0,303,297,0,323,279,0,340,262,0,259,336,0,282,322,0,298,313,0,312,305,0,HOUSE
485,432,0,442,411,0,420,379,0,403,352,0,386,333,0,440,347,0,410,318,0,390,299,0,373,282,0,445,347,0,409,313,0,386,290,0,367,270,0,446,355,0,414,327,0,394,308,0,378,293,0,442,370,0,417,350,0,400,338,0,387,327,0,HOUSE
180,407,0,224,397,0,254,371,0,274,355,0,291,341,0,256,345,0,286,315,0,305,293,0,320,275,0,252,343,0,284,308,0,307,283,0,326,261,0,245,347,0,278,316,0,299,297,0,317,279,0,237,357,0,259,344,0,275,333,0,289,322,0,HOUSE
465,443,0,431,420,0,407,391,0,388,369,0,370,354,0,420,359,0,390,330,0,369,313,0,353,299,0,419,359,0,383,326,0,361,305,0,344,287,0,414,366,0,381,336,0,363,318,0,349,301,0,406,379,0,381,355,0,367,341,0,357,328,0,HOUSE
130,417,0,172,402,0,203,374,0,222,355,0,241,343,0,205,347,0,232,318,0,250,297,0,265,279,0,199,344,0,229,313,0,250,290,0,269,270,0,191,346,0,221,318,0,242,299,0,259,281,0,183,352,0,208,333,0,226,319,0,241,306,0,HOUSE
419,454,0,376,428,0,349,400,0,328,377,0,309,361,0,368,362,0,332,328,0,310,307,0,293,288,0,368,361,0,322,319,0,295,294,0,274,271,0,361,368,0,319,329,0,294,305,0,277,283,0,348,383,0,319,355,0,302,337,0,288,321,0,HOUSE
106,429,0,150,414,0,180,385,0,198,364,0,219,350,0,178,359,0,203,327,0,219,305,0,233,286,0,173,355,0,202,318,0,222,293,0,239,273,0,165,355,0,196,321,0,216,299,0,231,280,0,158,359,0,182,335,0,199,318,0,214,303,0,HOUSE
392,452,0,347,430,0,324,402,0,307,382,0,293,367,0,336,359,0,299,325,0,276,303,0,259,285,0,336,359,0,290,319,0,264,296,0,245,275,0,331,368,0,287,331,0,263,309,0,247,288,0,319,384,0,289,358,0,272,341,0,259,324,0,HOUSE
253,279,0,271,236,0,302,215,0,334,208,0,355,197,0,342,232,0,388,232,0,414,232,0,434,233,0,347,257,0,397,254,0,427,252,0,450,251,0,345,280,0,392,276,0,421,273,0,443,271,0,337,298,0,374,296,0,396,294,0,414,292,0,CALM
534,405,0,523,354,0,498,321,0,464,306,0,437,298,0,444,334,0,393,318,0,365,311,0,344,306,0,433,361,0,379,339,0,348,328,0,324,321,0,432,387,0,384,368,0,354,355,0,332,344,0,437,409,0,399,393,0,379,382,0,363,371,0,CALM
224,279,0,243,235,0,274,214,0,306,208,0,328,201,0,317,231,0,364,230,0,391,231,0,412,232,0,322,256,0,371,252,0,402,249,0,425,247,0,319,279,0,366,272,0,396,269,0,418,266,0,311,297,0,345,294,0,367,290,0,385,287,0,CALM
509,399,0,501,349,0,477,318,0,444,308,0,419,304,0,419,330,0,369,315,0,342,309,0,321,306,0,408,356,0,355,337,0,323,327,0,298,321,0,407,382,0,359,365,0,329,354,0,307,345,0,412,404,0,375,390,0,354,380,0,337,371,0,CALM
211,282,0,230,237,0,262,215,0,293,208,0,314,200,0,305,231,0,351,229,0,378,229,0,399,230,0,309,257,0,359,251,0,390,246,0,414,244,0,307,280,0,355,272,0,385,268,0,408,265,0,298,299,0,333,294,0,355,290,0,374,287,0,CALM
499,400,0,489,350,0,464,318,0,428,307,0,401,303,0,408,333,0,357,318,0,329,312,0,308,309,0,397,360,0,342,340,0,310,331,0,286,325,0,396,385,0,348,368,0,318,357,0,297,348,0,402,406,0,365,392,0,345,383,0,329,373,0,CALM
206,284,0,223,240,0,255,218,0,287,211,0,307,200,0,299,233,0,346,231,0,374,231,0,394,232,0,303,258,0,354,252,0,385,247,0,408,245,0,301,282,0,349,274,0,379,269,0,401,266,0,293,301,0,329,297,0,351,293,0,368,290,0,CALM
493,400,0,483,350,0,454,319,0,417,310,0,389,306,0,401,334,0,350,320,0,324,314,0,303,311,0,390,362,0,337,343,0,308,334,0,286,328,0,390,387,0,342,372,0,315,360,0,294,351,0,397,407,0,360,395,0,341,385,0,327,376,0,CALM
184,289,0,202,243,0,236,220,0,269,212,0,287,201,0,277,235,0,327,231,0,355,230,0,376,231,0,283,261,0,336,253,0,368,248,0,391,245,0,281,285,0,331,275,0,362,270,0,385,266,0,275,304,0,311,298,0,333,293,0,351,289,0,CALM
480,397,0,467,346,0,440,315,0,403,306,0,375,302,0,387,333,0,337,320,0,309,316,0,289,313,0,378,361,0,323,344,0,293,336,0,270,330,0,377,386,0,330,372,0,301,362,0,281,353,0,385,406,0,349,395,0,330,385,0,317,376,0,CALM
171,293,0,189,246,0,223,223,0,255,214,0,274,203,0,264,237,0,314,233,0,343,232,0,364,232,0,270,263,0,323,255,0,354,249,0,378,245,0,268,287,0,318,276,0,348,270,0,371,266,0,260,306,0,297,299,0,320,294,0,338,290,0,CALM
468,395,0,455,344,0,427,313,0,389,302,0,361,295,0,373,333,0,323,321,0,296,316,0,276,314,0,364,361,0,311,345,0,281,337,0,258,331,0,365,387,0,318,373,0,289,363,0,269,354,0,372,407,0,336,396,0,317,387,0,303,378,0,CALM
148,293,0,165,246,0,198,222,0,232,213,0,252,203,0,240,235,0,289,230,0,318,228,0,339,228,0,246,261,0,300,253,0,332,247,0,355,245,0,246,285,0,295,274,0,326,268,0,348,265,0,240,305,0,277,298,0,300,293,0,318,288,0,CALM
438,392,0,428,342,0,402,310,0,365,302,0,337,298,0,348,330,0,297,318,0,270,314,0,250,312,0,338,359,0,284,342,0,253,334,0,230,330,0,338,384,0,290,371,0,261,361,0,241,354,0,345,404,0,309,394,0,290,386,0,276,378,0,CALM
145,295,0,160,248,0,192,224,0,225,217,0,245,210,0,232,238,0,283,232,0,311,229,0,333,228,0,237,263,0,293,253,0,326,246,0,350,243,0,236,286,0,288,275,0,320,268,0,344,264,0,230,305,0,268,298,0,292,293,0,311,288,0,CALM
435,389,0,423,338,0,396,307,0,361,297,0,335,291,0,339,328,0,290,316,0,265,312,0,247,311,0,331,356,0,279,341,0,250,334,0,229,329,0,332,382,0,286,368,0,259,359,0,239,350,0,340,402,0,306,392,0,288,383,0,274,376,0,CALM
138,299,0,152,253,0,181,229,0,213,218,0,233,208,0,223,240,0,271,233,0,298,230,0,318,228,0,229,264,0,281,252,0,311,245,0,334,241,0,229,286,0,277,274,0,307,267,0,330,262,0,223,306,0,260,298,0,282,292,0,300,287,0,CALM
424,384,0,411,335,0,384,304,0,347,297,0,318,293,0,330,327,0,282,317,0,258,314,0,239,313,0,323,354,0,272,341,0,243,334,0,221,330,0,324,379,0,280,368,0,252,359,0,232,351,0,333,400,0,299,392,0,281,385,0,267,377,0,CALM
129,300,0,142,256,0,170,230,0,201,217,0,220,205,0,210,242,0,257,235,0,284,232,0,305,230,0,218,265,0,268,255,0,299,249,0,323,245,0,218,287,0,265,275,0,295,269,0,318,265,0,213,307,0,249,299,0,270,292,0,288,287,0,CALM
405,386,0,395,338,0,369,308,0,334,301,0,307,297,0,315,329,0,269,318,0,244,315,0,225,314,0,306,356,0,256,341,0,227,335,0,206,332,0,306,380,0,261,369,0,234,360,0,215,354,0,312,399,0,277,389,0,259,381,0,245,374,0,CALM
122,304,0,134,259,0,162,232,0,194,220,0,214,211,0,202,245,0,248,236,0,275,233,0,296,232,0,211,268,0,262,257,0,294,250,0,318,246,0,212,290,0,260,278,0,290,271,0,313,268,0,207,310,0,243,301,0,265,295,0,282,291,0,CALM
401,387,0,390,339,0,364,310,0,328,303,0,302,299,0,310,331,0,262,322,0,235,318,0,216,318,0,302,358,0,250,345,0,221,339,0,199,336,0,302,382,0,257,371,0,229,363,0,209,357,0,310,402,0,275,393,0,256,385,0,242,378,0,CALM
121,305,0,133,261,0,159,234,0,190,222,0,210,212,0,200,246,0,245,237,0,272,233,0,292,232,0,208,269,0,259,257,0,290,250,0,314,246,0,209,291,0,256,278,0,286,272,0,309,268,0,205,311,0,240,302,0,261,296,0,278,291,0,CALM
400,388,0,389,340,0,363,309,0,326,302,0,299,297,0,309,332,0,262,321,0,236,318,0,218,317,0,301,359,0,250,345,0,221,339,0,199,336,0,302,384,0,256,373,0,228,364,0,208,358,0,309,403,0,275,394,0,256,386,0,242,379,0,CALM
119,307,0,132,261,0,159,234,0,190,223,0,210,213,0,199,247,0,247,239,0,275,235,0,296,233,0,206,272,0,259,259,0,291,252,0,315,247,0,207,294,0,256,280,0,286,273,0,310,269,0,203,314,0,238,305,0,260,299,0,278,295,0,CALM
409,389,0,396,342,0,369,312,0,333,302,0,305,295,0,316,333,0,267,323,0,241,320,0,223,318,0,309,361,0,256,347,0,227,340,0,205,336,0,310,385,0,264,374,0,237,365,0,218,357,0,318,405,0,283,396,0,263,388,0,249,380,0,CALM
160,298,0,177,256,0,210,234,0,241,224,0,260,211,0,244,240,0,294,232,0,322,227,0,342,225,0,252,263,0,308,251,0,341,245,0,366,242,0,252,285,0,303,273,0,335,267,0,359,264,0,246,305,0,282,299,0,304,294,0,322,289,0,CALM
426,390,0,410,343,0,384,313,0,349,305,0,322,303,0,332,335,0,281,326,0,254,324,0,234,323,0,325,364,0,270,352,0,239,347,0,216,344,0,326,390,0,278,380,0,249,372,0,229,366,0,334,411,0,300,402,0,282,394,0,270,387,0,CALM
174,297,0,193,255,0,227,232,0,258,223,0,278,213,0,260,246,0,311,240,0,340,238,0,362,237,0,265,269,0,320,259,0,353,253,0,378,251,0,263,290,0,313,280,0,343,275,0,366,272,0,257,309,0,292,303,0,314,299,0,331,295,0,CALM
434,397,0,420,347,0,397,314,0,367,300,0,345,290,0,341,339,0,291,329,0,265,326,0,245,325,0,333,367,0,279,355,0,248,349,0,225,346,0,333,392,0,285,382,0,257,374,0,237,367,0,340,413,0,304,404,0,285,397,0,270,389,0,CALM
190,294,0,209,255,0,242,233,0,273,225,0,291,213,0,277,247,0,326,241,0,354,238,0,376,237,0,282,269,0,334,260,0,367,256,0,392,254,0,280,290,0,328,281,0,360,278,0,383,276,0,273,309,0,308,303,0,330,298,0,348,294,0,CALM
450,400,0,434,351,0,407,321,0,374,313,0,350,311,0,353,341,0,303,330,0,276,327,0,256,326,0,345,370,0,292,357,0,261,351,0,239,347,0,346,395,0,299,384,0,271,376,0,251,369,0,354,415,0,319,407,0,300,399,0,287,391,0,CALM
214,294,0,234,252,0,266,232,0,297,225,0,316,216,0,301,246,0,350,241,0,378,239,0,399,239,0,307,268,0,360,260,0,393,255,0,418,254,0,306,289,0,355,282,0,387,278,0,411,276,0,298,308,0,334,304,0,356,300,0,373,296,0,CALM
477,402,0,461,355,0,436,324,0,405,312,0,382,305,0,383,343,0,332,331,0,304,327,0,282,325,0,375,370,0,320,355,0,288,348,0,263,344,0,376,395,0,327,383,0,298,373,0,278,366,0,383,417,0,347,407,0,328,399,0,315,390,0,CALM
230,292,0,249,252,0,282,233,0,312,226,0,331,217,0,319,245,0,367,243,0,394,243,0,415,244,0,324,268,0,377,262,0,409,259,0,435,259,0,322,289,0,371,283,0,402,281,0,426,279,0,315,308,0,351,305,0,373,302,0,391,299,0,CALM
493,405,0,479,357,0,451,327,0,419,318,0,395,316,0,402,343,0,350,332,0,322,328,0,300,326,0,393,371,0,337,356,0,305,349,0,281,345,0,392,396,0,343,383,0,314,373,0,293,365,0,397,418,0,361,406,0,340,397,0,326,388,0,CALM
241,291,0,261,249,0,294,230,0,326,225,0,346,216,0,333,245,0,381,243,0,409,243,0,430,244,0,337,268,0,389,263,0,422,260,0,447,260,0,334,289,0,382,284,0,414,282,0,438,282,0,325,308,0,360,306,0,382,304,0,401,301,0,CALM
508,408,0,494,359,0,467,330,0,436,318,0,414,312,0,416,344,0,363,332,0,334,327,0,313,325,0,407,371,0,350,355,0,317,348,0,293,344,0,406,397,0,356,384,0,326,374,0,305,367,0,412,419,0,373,408,0,352,399,0,337,391,0,CALM
260,290,0,280,249,0,312,230,0,343,223,0,364,215,0,354,245,0,401,245,0,430,246,0,451,248,0,358,267,0,409,264,0,442,263,0,468,265,0,355,288,0,404,284,0,436,284,0,461,285,0,346,307,0,381,306,0,404,304,0,423,303,0,CALM
531,413,0,519,366,0,497,336,0,471,320,0,451,311,0,439,346,0,386,333,0,358,328,0,336,326,0,428,373,0,373,356,0,340,348,0,315,343,0,427,398,0,377,384,0,347,374,0,325,365,0,431,421,0,392,409,0,371,401,0,356,392,0,CALM
275,290,0,295,247,0,328,229,0,360,224,0,381,216,0,370,246,0,417,247,0,444,248,0,465,250,0,375,269,0,425,267,0,457,266,0,482,268,0,371,290,0,419,287,0,450,287,0,474,288,0,361,308,0,395,308,0,417,307,0,435,305,0,CALM
542,417,0,532,369,0,511,341,0,486,327,0,467,319,0,453,349,0,400,335,0,371,329,0,348,326,0,443,376,0,386,359,0,354,350,0,329,343,0,441,401,0,391,386,0,362,374,0,342,365,0,447,424,0,407,411,0,386,401,0,370,392,0,CALM
296,288,0,317,245,0,350,228,0,382,225,0,403,218,0,392,247,0,438,249,0,465,252,0,486,256,0,397,271,0,445,271,0,477,272,0,501,276,0,392,291,0,440,290,0,471,292,0,495,295,0,381,309,0,415,310,0,437,310,0,455,311,0,CALM
563,420,0,552,372,0,530,342,0,503,327,0,482,319,0,474,351,0,421,336,0,392,329,0,368,326,0,464,377,0,407,357,0,373,348,0,348,343,0,462,402,0,411,384,0,381,372,0,359,364,0,467,425,0,426,409,0,404,400,0,386,391,0,CALM
316,286,0,338,245,0,371,230,0,402,225,0,422,218,0,413,249,0,459,252,0,486,256,0,507,259,0,416,272,0,465,273,0,497,274,0,521,277,0,412,293,0,458,293,0,488,295,0,511,296,0,402,311,0,437,313,0,459,314,0,478,313,0,CALM
584,426,0,573,377,0,547,347,0,516,332,0,494,323,0,495,356,0,443,340,0,413,333,0,389,329,0,484,382,0,429,362,0,398,352,0,374,344,0,481,408,0,432,390,0,403,377,0,383,367,0,486,431,0,448,415,0,428,405,0,414,395,0,CALM
334,296,0,353,251,0,388,234,0,423,230,0,446,223,0,432,252,0,479,252,0,505,254,0,525,256,0,437,278,0,487,275,0,516,273,0,539,272,0,435,300,0,482,296,0,510,293,0,532,292,0,427,318,0,464,315,0,486,312,0,504,308,0,CALM
604,428,0,591,383,0,570,351,0,542,335,0,516,327,0,520,363,0,467,348,0,437,341,0,412,338,0,511,390,0,455,370,0,419,361,0,392,354,0,508,416,0,458,398,0,427,386,0,404,376,0,511,439,0,472,424,0,450,414,0,432,403,0,CALM
359,299,0,380,256,0,414,240,0,444,237,0,465,232,0,456,261,0,504,266,0,530,271,0,549,276,0,459,287,0,509,290,0,538,292,0,559,296,0,455,311,0,502,311,0,530,312,0,550,313,0,447,330,0,484,330,0,507,330,0,525,330,0,CALM
632,443,0,620,398,0,597,365,0,567,350,0,543,343,0,553,378,0,502,359,0,474,350,0,451,344,0,544,406,0,489,382,0,455,370,0,430,362,0,542,433,0,493,413,0,463,398,0,442,386,0,545,457,0,507,441,0,485,429,0,467,418,0,CALM
351,302,0,374,258,0,409,242,0,442,238,0,463,231,0,453,263,0,501,267,0,526,270,0,544,274,0,456,290,0,506,290,0,534,290,0,554,291,0,450,313,0,498,311,0,525,310,0,545,309,0,441,332,0,478,331,0,501,330,0,520,330,0,CALM
626,442,0,613,396,0,587,363,0,554,351,0,528,347,0,550,377,0,495,360,0,464,351,0,440,346,0,541,407,0,482,383,0,447,371,0,422,363,0,538,435,0,486,415,0,455,400,0,433,387,0,541,459,0,501,443,0,478,430,0,461,417,0,CALM
330,298,0,352,253,0,390,238,0,425,237,0,446,229,0,434,258,0,480,263,0,509,269,0,530,273,0,438,285,0,487,287,0,517,289,0,541,293,0,435,308,0,482,307,0,512,309,0,535,312,0,427,326,0,464,326,0,488,326,0,507,325,0,CALM
612,437,0,598,391,0,568,357,0,531,347,0,501,343,0,530,370,0,475,354,0,442,346,0,416,343,0,521,399,0,463,376,0,427,364,0,400,357,0,519,426,0,468,405,0,436,392,0,414,381,0,521,452,0,482,434,0,459,422,0,440,410,0,CALM
320,299,0,342,254,0,379,238,0,414,237,0,436,230,0,424,257,0,470,263,0,499,267,0,519,271,0,428,283,0,476,285,0,507,286,0,530,288,0,425,307,0,471,305,0,500,305,0,523,306,0,416,326,0,453,325,0,476,325,0,495,323,0,CALM
605,433,0,589,386,0,561,355,0,526,345,0,499,340,0,519,368,0,466,354,0,436,347,0,412,343,0,511,398,0,455,376,0,420,364,0,395,356,0,509,425,0,457,405,0,426,391,0,405,379,0,512,448,0,471,430,0,446,416,0,426,403,0,CALM
306,298,0,330,254,0,366,238,0,400,235,0,423,229,0,407,256,0,454,260,0,481,263,0,501,266,0,411,282,0,461,281,0,491,280,0,514,280,0,408,304,0,455,301,0,484,300,0,506,300,0,399,324,0,436,322,0,459,320,0,478,318,0,CALM
586,427,0,573,378,0,545,347,0,509,339,0,482,337,0,503,364,0,449,350,0,421,343,0,401,338,0,494,394,0,437,373,0,404,362,0,379,354,0,493,420,0,442,403,0,412,390,0,391,378,0,497,443,0,456,427,0,435,416,0,419,405,0,CALM
290,295,0,315,252,0,351,236,0,384,233,0,406,227,0,388,252,0,437,255,0,465,257,0,486,259,0,392,277,0,444,277,0,475,275,0,499,275,0,389,301,0,438,298,0,468,297,0,490,296,0,382,320,0,420,318,0,444,316,0,464,314,0,CALM
574,425,0,559,376,0,529,347,0,492,339,0,464,337,0,485,360,0,430,346,0,401,339,0,378,336,0,477,390,0,419,368,0,386,358,0,361,351,0,476,417,0,425,398,0,394,385,0,372,374,0,481,440,0,439,423,0,417,411,0,400,400,0,CALM
265,292,0,289,249,0,323,233,0,356,231,0,377,226,0,362,248,0,410,252,0,438,254,0,459,256,0,366,273,0,418,272,0,449,270,0,472,270,0,363,297,0,412,293,0,442,291,0,465,291,0,355,317,0,394,315,0,418,312,0,437,310,0,CALM
557,419,0,537,367,0,504,341,0,467,335,0,442,335,0,463,354,0,407,342,0,379,337,0,358,334,0,454,383,0,395,364,0,364,355,0,342,349,0,453,411,0,401,394,0,372,382,0,353,372,0,458,435,0,418,420,0,398,410,0,384,400,0,CALM
253,289,0,280,250,0,317,235,0,351,233,0,376,230,0,346,249,0,396,252,0,424,255,0,445,258,0,350,272,0,405,273,0,437,273,0,460,275,0,347,294,0,399,292,0,430,291,0,454,291,0,340,313,0,380,310,0,405,308,0,427,306,0,CALM
491,401,0,472,353,0,442,326,0,404,320,0,376,317,0,396,349,0,340,340,0,310,337,0,287,336,0,389,377,0,331,363,0,297,358,0,270,355,0,390,402,0,341,391,0,310,384,0,288,377,0,397,423,0,359,412,0,338,404,0,321,396,0,CALM
239,306,0,262,264,0,297,247,0,333,242,0,358,236,0,332,259,0,384,260,0,412,261,0,434,263,0,337,282,0,392,281,0,424,280,0,447,281,0,336,304,0,388,300,0,420,298,0,444,298,0,330,324,0,370,320,0,395,318,0,416,315,0,CALM
480,411,0,463,363,0,432,338,0,394,333,0,367,329,0,385,359,0,332,351,0,303,348,0,281,348,0,378,386,0,323,375,0,292,369,0,268,366,0,380,411,0,332,402,0,304,394,0,285,386,0,388,431,0,353,422,0,334,413,0,320,404,0,CALM
259,323,0,279,284,0,311,268,0,344,264,0,366,260,0,346,280,0,393,281,0,418,282,0,438,284,0,351,302,0,400,300,0,430,299,0,451,300,0,349,322,0,397,317,0,425,316,0,447,315,0,343,340,0,380,336,0,402,333,0,421,330,0,CALM
488,422,0,470,377,0,442,352,0,408,347,0,382,345,0,401,375,0,351,368,0,324,364,0,303,362,0,395,401,0,342,389,0,313,383,0,290,379,0,396,424,0,351,415,0,324,406,0,305,399,0,402,442,0,370,432,0,355,423,0,346,414,0,CALM
259,324,0,279,284,0,312,267,0,344,264,0,366,259,0,346,280,0,393,281,0,418,282,0,437,284,0,350,302,0,400,299,0,429,298,0,451,299,0,348,322,0,396,317,0,424,315,0,446,314,0,342,340,0,378,336,0,401,332,0,419,329,0,CALM
486,422,0,469,377,0,441,353,0,408,348,0,384,345,0,400,375,0,350,367,0,324,363,0,303,362,0,393,401,0,341,388,0,311,383,0,287,379,0,395,424,0,350,414,0,323,406,0,304,400,0,401,442,0,370,431,0,355,422,0,345,414,0,CALM
256,321,0,278,282,0,311,266,0,343,262,0,365,257,0,345,279,0,392,280,0,418,281,0,438,284,0,349,300,0,399,298,0,429,298,0,451,299,0,347,320,0,395,316,0,423,314,0,445,313,0,340,339,0,377,335,0,400,332,0,419,329,0,CALM
488,421,0,470,376,0,443,352,0,412,345,0,389,341,0,399,372,0,349,364,0,323,360,0,302,357,0,394,399,0,340,388,0,310,383,0,287,379,0,395,422,0,350,413,0,323,405,0,304,399,0,402,440,0,371,430,0,357,422,0,348,414,0,CALM
256,324,0,276,285,0,309,267,0,341,263,0,363,258,0,343,281,0,390,281,0,416,282,0,436,283,0,348,302,0,398,300,0,429,298,0,452,299,0,346,323,0,394,318,0,424,317,0,447,316,0,339,341,0,376,337,0,399,334,0,419,330,0,CALM
487,425,0,470,380,0,442,355,0,407,349,0,382,347,0,399,375,0,350,366,0,323,363,0,302,362,0,393,401,0,340,390,0,310,384,0,286,381,0,394,424,0,348,414,0,320,407,0,301,400,0,400,442,0,367,431,0,349,422,0,336,413,0,CALM
253,315,0,275,276,0,308,260,0,339,256,0,361,251,0,342,272,0,389,273,0,415,274,0,435,275,0,346,293,0,396,291,0,425,289,0,446,289,0,344,314,0,392,309,0,420,306,0,441,305,0,338,333,0,375,328,0,398,324,0,417,321,0,CALM
487,417,0,471,371,0,445,345,0,415,335,0,394,329,0,398,367,0,347,359,0,319,355,0,297,354,0,391,394,0,337,382,0,304,377,0,280,375,0,393,418,0,346,409,0,319,401,0,299,396,0,400,437,0,367,428,0,350,420,0,338,413,0,CALM
248,319,0,270,278,0,303,261,0,336,257,0,358,251,0,339,273,0,387,273,0,414,274,0,434,276,0,343,295,0,394,291,0,425,289,0,448,289,0,341,316,0,390,310,0,420,307,0,442,306,0,334,335,0,371,330,0,394,326,0,413,323,0,CALM
483,421,0,466,375,0,438,349,0,402,344,0,375,341,0,394,372,0,342,364,0,314,361,0,293,360,0,388,399,0,332,387,0,300,382,0,275,380,0,389,423,0,343,414,0,315,406,0,294,400,0,396,442,0,365,431,0,349,423,0,338,415,0,CALM
234,324,0,255,282,0,289,264,0,322,260,0,343,255,0,323,277,0,371,276,0,399,277,0,419,278,0,327,300,0,379,296,0,410,294,0,433,294,0,326,322,0,374,316,0,405,313,0,428,313,0,320,340,0,357,336,0,381,332,0,400,329,0,CALM
469,427,0,453,382,0,423,354,0,386,348,0,358,345,0,377,378,0,325,370,0,297,368,0,275,368,0,371,406,0,317,393,0,287,388,0,263,385,0,371,429,0,326,419,0,298,412,0,278,406,0,378,448,0,345,436,0,327,428,0,314,419,0,CALM
206,324,0,226,282,0,260,262,0,293,258,0,316,252,0,296,274,0,346,275,0,375,276,0,397,278,0,301,297,0,354,294,0,386,292,0,411,291,0,300,319,0,349,314,0,380,311,0,404,310,0,293,340,0,331,335,0,355,331,0,375,327,0,CALM
444,427,0,430,381,0,400,355,0,363,349,0,334,346,0,353,379,0,301,371,0,273,369,0,251,369,0,347,407,0,292,395,0,260,390,0,237,387,0,349,431,0,301,421,0,272,413,0,251,407,0,356,448,0,321,436,0,301,427,0,286,419,0,CALM
194,323,0,215,280,0,248,259,0,283,255,0,306,250,0,284,274,0,337,273,0,367,273,0,390,274,0,289,298,0,345,293,0,379,289,0,405,288,0,288,320,0,340,313,0,373,310,0,398,309,0,282,340,0,322,333,0,346,329,0,367,325,0,CALM
441,428,0,425,381,0,393,354,0,355,348,0,326,345,0,346,379,0,294,371,0,266,369,0,244,370,0,340,407,0,284,395,0,253,390,0,229,386,0,341,431,0,294,423,0,265,415,0,245,408,0,349,449,0,315,438,0,298,429,0,285,420,0,CALM
181,324,0,199,277,0,233,255,0,270,249,0,294,243,0,272,269,0,326,266,0,356,265,0,379,264,0,279,294,0,335,287,0,368,283,0,394,281,0,279,317,0,331,308,0,363,304,0,388,302,0,274,337,0,314,329,0,338,324,0,358,319,0,CALM
434,421,0,415,374,0,384,348,0,344,345,0,314,342,0,337,376,0,282,371,0,252,371,0,229,373,0,331,406,0,274,397,0,242,393,0,217,392,0,334,430,0,285,424,0,255,417,0,234,412,0,342,448,0,308,440,0,290,432,0,277,424,0,CALM
191,325,0,213,281,0,250,262,0,284,259,0,308,260,0,282,271,0,334,268,0,364,267,0,386,268,0,288,292,0,343,286,0,376,283,0,402,282,0,287,315,0,339,306,0,371,303,0,395,301,0,281,336,0,322,329,0,347,324,0,367,319,0,CALM
448,419,0,430,371,0,399,344,0,363,341,0,335,341,0,350,372,0,297,365,0,269,364,0,248,365,0,344,400,0,286,390,0,255,385,0,231,383,0,347,424,0,298,416,0,269,408,0,250,403,0,356,442,0,320,430,0,303,420,0,293,412,0,CALM
212,308,0,235,267,0,274,249,0,310,246,0,336,245,0,305,258,0,357,257,0,387,257,0,409,258,0,310,280,0,366,278,0,401,278,0,427,279,0,309,303,0,362,297,0,396,296,0,421,296,0,302,324,0,344,318,0,370,314,0,390,310,0,CALM
471,409,0,454,361,0,419,335,0,381,333,0,353,330,0,370,360,0,316,354,0,286,350,0,263,349,0,364,389,0,307,378,0,274,373,0,249,370,0,367,414,0,316,405,0,286,398,0,264,391,0,375,433,0,337,423,0,317,416,0,302,409,0,CALM
210,308,0,236,267,0,276,248,0,314,246,0,339,246,0,303,257,0,360,257,0,392,259,0,415,261,0,307,280,0,368,277,0,404,275,0,432,275,0,306,304,0,364,297,0,399,295,0,425,294,0,300,328,0,345,322,0,372,317,0,395,312,0,CALM
474,426,0,458,377,0,423,349,0,383,345,0,353,340,0,372,372,0,316,362,0,285,358,0,261,357,0,366,403,0,305,389,0,270,383,0,243,381,0,367,429,0,315,418,0,284,409,0,262,404,0,375,449,0,339,435,0,320,425,0,307,416,0,CALM
196,298,0,222,252,0,264,231,0,304,228,0,331,232,0,295,237,0,356,236,0,390,237,0,416,240,0,300,262,0,366,257,0,405,255,0,434,255,0,299,290,0,362,282,0,399,279,0,427,278,0,294,317,0,343,309,0,373,304,0,398,299,0,CALM
485,422,0,465,368,0,431,336,0,389,329,0,356,327,0,376,363,0,315,352,0,281,350,0,254,351,0,369,396,0,304,380,0,267,373,0,240,370,0,371,425,0,313,412,0,281,402,0,258,394,0,379,446,0,336,431,0,314,419,0,298,409,0,CALM
195,307,0,225,258,0,268,235,0,309,232,0,336,235,0,301,249,0,363,247,0,397,248,0,423,251,0,306,275,0,373,269,0,413,266,0,442,266,0,304,302,0,368,293,0,406,291,0,433,290,0,297,327,0,345,319,0,374,313,0,397,308,0,CALM
498,435,0,478,382,0,439,350,0,395,341,0,361,333,0,380,377,0,318,364,0,283,362,0,256,363,0,373,410,0,307,391,0,269,384,0,240,380,0,375,439,0,316,424,0,282,414,0,257,405,0,384,461,0,340,447,0,315,436,0,295,426,0,CALM
202,321,0,232,271,0,276,247,0,320,244,0,351,240,0,316,263,0,380,261,0,416,261,0,444,263,0,319,292,0,391,284,0,433,281,0,465,280,0,316,321,0,383,311,0,423,307,0,452,305,0,307,348,0,360,339,0,390,333,0,414,327,0,CALM
511,458,0,496,404,0,459,371,0,412,361,0,375,354,0,395,401,0,330,383,0,293,378,0,263,378,0,387,435,0,317,413,0,276,405,0,244,400,0,388,462,0,326,447,0,291,436,0,264,427,0,396,482,0,345,473,0,316,466,0,294,456,0,CALM
201,280,0,229,229,0,274,203,0,318,197,0,349,195,0,313,217,0,376,215,0,411,215,0,437,215,0,316,245,0,386,238,0,426,234,0,456,232,0,313,273,0,378,264,0,416,260,0,443,257,0,304,301,0,356,295,0,382,290,0,400,284,0,CALM
519,412,0,497,351,0,459,317,0,412,309,0,377,303,0,399,345,0,332,333,0,296,330,0,269,331,0,392,381,0,318,364,0,278,357,0,247,354,0,393,412,0,329,399,0,294,388,0,269,380,0,402,436,0,355,421,0,331,410,0,315,399,0,CALM
197,260,0,226,211,0,272,191,0,316,188,0,347,187,0,309,205,0,373,204,0,409,204,0,436,205,0,313,231,0,382,225,0,422,220,0,452,217,0,311,257,0,376,247,0,414,242,0,441,238,0,302,281,0,352,275,0,380,270,0,402,264,0,CALM
510,390,0,488,331,0,452,295,0,407,289,0,373,284,0,395,327,0,328,317,0,292,314,0,264,313,0,387,363,0,315,346,0,275,339,0,244,335,0,388,393,0,323,378,0,287,369,0,261,361,0,395,417,0,345,403,0,318,393,0,296,383,0,CALM
201,249,0,231,201,0,276,179,0,318,175,0,347,173,0,308,188,0,371,185,0,405,186,0,430,187,0,313,214,0,382,209,0,421,207,0,451,207,0,312,241,0,376,234,0,414,231,0,442,228,0,305,268,0,356,264,0,385,260,0,408,254,0,CALM
512,375,0,490,316,0,455,280,0,410,274,0,375,271,0,399,310,0,332,302,0,295,301,0,267,301,0,392,347,0,320,334,0,279,328,0,248,325,0,394,379,0,331,367,0,293,358,0,267,350,0,403,404,0,355,391,0,329,381,0,310,372,0,CALM
198,285,0,224,232,0,267,206,0,309,201,0,339,201,0,304,222,0,365,218,0,398,217,0,424,217,0,311,249,0,373,239,0,410,233,0,436,231,0,311,275,0,368,262,0,403,255,0,428,250,0,304,299,0,349,289,0,376,280,0,395,272,0,CALM
507,397,0,482,340,0,445,308,0,402,300,0,369,294,0,391,340,0,328,332,0,292,330,0,264,332,0,385,376,0,317,363,0,277,359,0,247,358,0,388,406,0,330,397,0,298,388,0,276,382,0,397,430,0,354,421,0,332,412,0,317,403,0,CALM
191,299,0,215,246,0,255,220,0,298,213,0,329,213,0,298,235,0,360,233,0,395,232,0,421,233,0,304,264,0,372,256,0,412,252,0,443,250,0,302,291,0,364,280,0,404,275,0,432,272,0,293,315,0,342,306,0,369,300,0,389,293,0,CALM
495,406,0,473,351,0,435,322,0,390,317,0,356,312,0,381,351,0,317,343,0,283,342,0,256,344,0,375,385,0,304,373,0,264,369,0,233,368,0,377,414,0,317,406,0,282,399,0,257,394,0,387,436,0,344,424,0,323,414,0,309,405,0,CALM
188,308,0,213,258,0,254,233,0,296,228,0,327,227,0,293,249,0,355,247,0,388,248,0,414,250,0,298,277,0,366,271,0,407,268,0,438,267,0,295,303,0,359,295,0,399,292,0,428,291,0,286,326,0,336,319,0,363,313,0,384,307,0,CALM
486,419,0,462,364,0,425,335,0,381,330,0,349,323,0,372,365,0,310,355,0,276,352,0,250,352,0,366,399,0,299,384,0,261,378,0,233,376,0,370,427,0,311,417,0,277,409,0,252,403,0,381,449,0,337,437,0,314,427,0,296,418,0,CALM
186,304,0,212,258,0,252,235,0,292,231,0,322,230,0,284,248,0,343,246,0,376,247,0,401,250,0,288,274,0,354,269,0,393,268,0,423,269,0,287,298,0,348,292,0,386,292,0,415,292,0,280,320,0,327,315,0,356,311,0,380,306,0,CALM
464,406,0,440,353,0,406,324,0,365,316,0,333,311,0,356,355,0,297,349,0,265,348,0,242,350,0,350,388,0,287,376,0,254,371,0,229,369,0,352,415,0,299,405,0,271,395,0,252,388,0,361,435,0,321,423,0,303,412,0,290,402,0,CALM
157,311,0,181,268,0,218,243,0,256,236,0,283,236,0,245,254,0,302,249,0,334,249,0,358,250,0,249,277,0,310,269,0,348,266,0,376,264,0,247,302,0,305,293,0,342,291,0,370,289,0,242,324,0,286,318,0,313,314,0,335,310,0,CALM
418,401,0,396,351,0,361,325,0,320,323,0,291,319,0,310,356,0,257,352,0,228,350,0,207,352,0,305,386,0,248,378,0,219,374,0,195,373,0,310,412,0,262,405,0,233,399,0,214,393,0,321,431,0,288,422,0,270,412,0,260,404,0,CALM
127,309,0,151,265,0,191,241,0,229,234,0,255,230,0,212,250,0,268,244,0,298,243,0,321,243,0,217,274,0,280,264,0,317,259,0,345,256,0,217,298,0,275,287,0,311,282,0,338,279,0,212,322,0,257,314,0,283,310,0,304,305,0,CALM
385,397,0,365,346,0,331,322,0,293,321,0,265,320,0,279,352,0,226,348,0,198,348,0,177,350,0,274,382,0,217,375,0,188,372,0,165,371,0,278,408,0,230,402,0,202,396,0,183,391,0,289,426,0,254,417,0,236,409,0,223,400,0,CALM
109,317,0,132,272,0,170,247,0,209,239,0,237,235,0,193,256,0,251,249,0,283,248,0,308,248,0,198,281,0,262,270,0,300,266,0,329,263,0,198,306,0,255,295,0,292,291,0,319,287,0,193,330,0,235,325,0,261,322,0,281,319,0,CALM
370,409,0,351,356,0,315,331,0,276,330,0,247,327,0,264,361,0,211,355,0,182,355,0,162,356,0,258,393,0,199,383,0,170,380,0,146,379,0,260,418,0,211,411,0,183,404,0,164,398,0,271,437,0,236,427,0,216,418,0,204,409,0,CALM
100,320,0,123,274,0,160,247,0,199,238,0,227,234,0,186,257,0,244,251,0,277,250,0,302,250,0,190,283,0,254,272,0,293,267,0,321,264,0,190,308,0,249,295,0,285,290,0,312,287,0,185,332,0,230,324,0,256,320,0,277,316,0,CALM
364,411,0,343,359,0,307,333,0,268,332,0,241,332,0,258,365,0,204,359,0,175,357,0,154,358,0,250,396,0,192,387,0,163,382,0,140,380,0,253,421,0,207,414,0,181,405,0,165,397,0,262,440,0,233,428,0,219,416,0,212,406,0,CALM
97,321,0,119,275,0,157,251,0,195,241,0,223,235,0,179,258,0,237,251,0,268,249,0,292,250,0,184,283,0,248,272,0,286,267,0,314,265,0,184,309,0,243,297,0,278,291,0,304,288,0,180,333,0,223,326,0,248,321,0,269,317,0,CALM
361,412,0,338,360,0,300,334,0,260,334,0,232,332,0,250,367,0,196,360,0,169,358,0,149,358,0,244,398,0,185,389,0,156,385,0,133,383,0,247,424,0,200,417,0,173,410,0,155,404,0,259,442,0,229,430,0,214,418,0,207,408,0,CALM
111,317,0,130,272,0,166,246,0,204,237,0,231,234,0,193,256,0,252,247,0,284,245,0,309,246,0,198,282,0,262,270,0,301,264,0,330,261,0,198,307,0,256,295,0,292,289,0,319,285,0,192,331,0,235,323,0,259,317,0,278,311,0,CALM
379,407,0,358,357,0,321,328,0,279,327,0,249,325,0,270,360,0,216,353,0,185,352,0,162,353,0,263,391,0,204,382,0,171,379,0,147,378,0,264,417,0,211,409,0,181,402,0,159,396,0,273,436,0,231,427,0,210,419,0,195,411,0,CALM
178,312,0,197,262,0,235,236,0,276,228,0,306,225,0,275,251,0,334,247,0,367,246,0,393,246,0,280,277,0,345,269,0,385,264,0,415,262,0,279,302,0,338,291,0,377,286,0,406,283,0,272,325,0,318,316,0,343,309,0,361,301,0,CALM
468,403,0,443,352,0,405,324,0,362,321,0,329,318,0,352,358,0,294,352,0,262,352,0,237,354,0,349,392,0,285,382,0,248,379,0,221,378,0,356,419,0,300,411,0,269,405,0,247,399,0,368,438,0,328,426,0,308,416,0,294,406,0,CALM
204,309,0,225,257,0,265,233,0,306,227,0,336,226,0,307,249,0,367,247,0,401,246,0,428,247,0,314,276,0,376,268,0,415,264,0,444,262,0,313,301,0,370,289,0,407,284,0,433,281,0,305,323,0,350,314,0,375,307,0,392,299,0,CALM
498,407,0,474,357,0,438,328,0,395,323,0,361,319,0,386,359,0,326,353,0,293,352,0,266,353,0,381,391,0,317,381,0,281,377,0,253,375,0,385,418,0,328,410,0,296,403,0,273,397,0,394,437,0,351,425,0,330,415,0,315,406,0,CALM
235,303,0,259,253,0,300,231,0,339,227,0,368,225,0,339,248,0,399,249,0,432,250,0,458,253,0,345,275,0,408,272,0,447,270,0,475,269,0,343,301,0,402,293,0,439,289,0,466,286,0,336,322,0,383,315,0,409,309,0,429,302,0,CALM
529,409,0,505,358,0,469,329,0,427,323,0,395,320,0,420,358,0,359,350,0,325,348,0,298,349,0,415,391,0,348,378,0,309,373,0,282,370,0,418,418,0,358,409,0,324,401,0,299,394,0,426,439,0,382,426,0,359,415,0,341,404,0,CALM
541,424,0,523,374,0,488,346,0,446,341,0,416,335,0,440,370,0,380,360,0,347,356,0,321,355,0,433,401,0,370,387,0,333,379,0,305,376,0,435,428,0,381,417,0,348,408,0,324,401,0,443,448,0,402,436,0,381,426,0,366,417,0,CALM
244,311,0,259,266,0,289,236,0,320,219,0,342,203,0,340,256,0,393,252,0,423,251,0,445,251,0,347,283,0,403,274,0,436,269,0,459,267,0,345,309,0,398,299,0,429,294,0,451,290,0,339,334,0,381,327,0,406,322,0,425,318,0,CALM
543,424,0,522,372,0,486,342,0,447,335,0,417,332,0,442,368,0,382,358,0,347,355,0,320,354,0,435,401,0,371,385,0,333,378,0,305,375,0,436,428,0,380,416,0,347,407,0,322,400,0,442,449,0,401,436,0,379,426,0,362,418,0,CALM
242,313,0,259,267,0,289,236,0,320,218,0,343,203,0,339,257,0,394,253,0,423,252,0,445,252,0,345,285,0,403,275,0,437,270,0,462,268,0,343,311,0,397,300,0,429,294,0,452,291,0,337,334,0,380,326,0,406,321,0,427,317,0,CALM
558,426,0,540,374,0,506,344,0,466,335,0,434,330,0,458,370,0,399,359,0,365,355,0,339,355,0,451,402,0,388,386,0,351,379,0,324,375,0,451,429,0,395,417,0,361,407,0,337,399,0,457,450,0,413,438,0,390,429,0,372,420,0,CALM
259,311,0,275,265,0,305,236,0,337,219,0,357,204,0,356,258,0,408,253,0,438,252,0,460,253,0,362,284,0,418,275,0,452,269,0,477,267,0,361,309,0,412,299,0,445,293,0,469,289,0,354,332,0,394,325,0,420,320,0,441,315,0,CALM
588,425,0,570,375,0,538,345,0,498,339,0,467,337,0,492,369,0,434,357,0,402,351,0,378,349,0,485,400,0,423,383,0,386,375,0,359,371,0,487,428,0,430,414,0,395,404,0,370,397,0,495,450,0,450,439,0,425,430,0,406,421,0,CALM
267,310,0,287,265,0,318,238,0,349,224,0,369,212,0,366,260,0,419,260,0,448,259,0,468,260,0,371,288,0,427,281,0,459,277,0,481,275,0,369,314,0,422,304,0,454,299,0,476,295,0,363,336,0,404,330,0,430,325,0,450,321,0,CALM
528,423,0,507,371,0,473,342,0,433,338,0,405,340,0,424,371,0,365,355,0,331,348,0,306,346,0,417,402,0,355,381,0,318,371,0,292,366,0,419,428,0,366,412,0,332,401,0,308,392,0,429,448,0,395,433,0,377,421,0,363,410,0,CALM
290,304,0,308,260,0,340,237,0,372,228,0,393,218,0,384,256,0,439,254,0,468,254,0,489,255,0,390,283,0,449,277,0,481,274,0,503,274,0,390,308,0,444,299,0,475,295,0,499,293,0,384,328,0,426,322,0,451,319,0,473,316,0,CALM
520,424,0,503,372,0,474,342,0,447,327,0,429,318,0,416,370,0,356,353,0,323,347,0,297,344,0,409,400,0,346,379,0,310,370,0,283,366,0,412,426,0,356,410,0,322,399,0,298,391,0,420,444,0,379,429,0,357,418,0,340,407,0,CALM
291,302,0,310,257,0,341,235,0,373,227,0,395,216,0,386,256,0,440,254,0,468,254,0,489,256,0,392,283,0,448,277,0,480,276,0,503,276,0,390,307,0,443,300,0,474,297,0,497,295,0,383,327,0,425,323,0,451,320,0,473,318,0,CALM
518,423,0,497,370,0,463,339,0,428,328,0,403,324,0,412,368,0,351,352,0,317,345,0,291,342,0,405,398,0,340,377,0,303,367,0,276,361,0,407,424,0,349,408,0,314,397,0,290,388,0,414,444,0,370,430,0,345,420,0,325,409,0,CALM
289,300,0,309,255,0,339,233,0,371,224,0,393,214,0,386,253,0,438,253,0,466,254,0,486,254,0,391,280,0,446,276,0,476,273,0,497,272,0,389,304,0,442,297,0,472,294,0,494,291,0,383,325,0,425,319,0,451,317,0,472,315,0,CALM
504,423,0,484,370,0,450,339,0,412,330,0,386,329,0,399,368,0,342,352,0,310,346,0,285,344,0,390,399,0,327,378,0,289,369,0,261,366,0,391,425,0,336,410,0,304,399,0,281,391,0,399,444,0,358,432,0,335,423,0,318,414,0,CALM
292,295,0,312,251,0,342,231,0,373,223,0,394,213,0,388,250,0,440,249,0,467,250,0,488,251,0,392,274,0,447,270,0,478,268,0,499,268,0,390,297,0,442,292,0,473,289,0,495,287,0,382,319,0,425,315,0,451,312,0,473,309,0,CALM
499,419,0,478,365,0,443,336,0,405,327,0,378,325,0,392,366,0,334,352,0,303,347,0,279,345,0,386,397,0,322,378,0,285,370,0,256,366,0,388,423,0,333,409,0,298,399,0,274,391,0,397,442,0,354,429,0,329,419,0,311,410,0,CALM
290,296,0,310,254,0,340,235,0,370,227,0,390,215,0,386,249,0,437,247,0,464,247,0,484,248,0,392,272,0,445,268,0,475,266,0,496,266,0,389,296,0,440,290,0,471,287,0,493,284,0,381,318,0,423,314,0,447,312,0,468,308,0,CALM
491,421,0,471,367,0,438,337,0,403,326,0,380,319,0,384,370,0,327,353,0,296,348,0,273,346,0,377,400,0,314,380,0,279,371,0,252,367,0,380,426,0,325,411,0,292,401,0,269,394,0,389,444,0,347,433,0,324,424,0,306,416,0,CALM
283,298,0,302,256,0,332,237,0,363,230,0,383,221,0,379,249,0,430,246,0,456,246,0,476,247,0,384,273,0,438,267,0,468,265,0,489,266,0,382,296,0,433,290,0,463,287,0,485,285,0,374,319,0,416,314,0,441,310,0,462,306,0,CALM
484,417,0,463,366,0,428,336,0,391,325,0,366,323,0,376,368,0,319,354,0,289,349,0,265,348,0,369,400,0,307,380,0,270,371,0,243,368,0,372,425,0,316,410,0,282,398,0,257,390,0,379,443,0,335,429,0,310,419,0,291,410,0,CALM
273,299,0,293,257,0,324,237,0,354,229,0,375,218,0,370,249,0,421,246,0,448,246,0,468,248,0,375,273,0,430,267,0,460,265,0,481,266,0,372,296,0,425,289,0,456,286,0,478,283,0,364,319,0,407,314,0,432,310,0,453,306,0,CALM
490,281,0,467,240,0,435,225,0,407,221,0,388,227,0,391,233,0,345,231,0,318,228,0,296,227,0,386,254,0,335,247,0,304,243,0,280,240,0,389,277,0,343,271,0,314,265,0,293,259,0,397,303,0,359,296,0,339,290,0,322,282,0,CALM
230,400,0,252,353,0,288,327,0,327,321,0,353,320,0,334,351,0,389,345,0,421,344,0,444,344,0,338,380,0,396,369,0,431,363,0,458,361,0,335,407,0,388,397,0,422,393,0,446,390,0,325,430,0,366,427,0,391,424,0,412,421,0,CALM
472,291,0,452,246,0,422,225,0,391,225,0,371,232,0,381,238,0,331,233,0,304,231,0,283,230,0,374,264,0,320,256,0,289,251,0,268,247,0,374,289,0,328,282,0,302,274,0,283,267,0,381,313,0,346,302,0,328,293,0,315,285,0,CALM
218,404,0,241,356,0,277,332,0,318,327,0,348,326,0,318,354,0,375,347,0,406,346,0,430,347,0,323,384,0,382,372,0,417,366,0,444,364,0,321,411,0,374,401,0,406,397,0,430,395,0,313,434,0,354,430,0,378,427,0,399,425,0,CALM
455,292,0,438,247,0,407,227,0,376,227,0,355,233,0,362,241,0,310,236,0,283,234,0,262,233,0,355,268,0,299,261,0,270,255,0,249,251,0,355,295,0,310,286,0,286,277,0,271,269,0,363,317,0,337,303,0,328,292,0,325,283,0,CALM
201,407,0,224,359,0,261,334,0,302,329,0,332,328,0,301,357,0,359,350,0,390,349,0,415,350,0,306,386,0,366,374,0,402,369,0,430,366,0,303,413,0,358,404,0,391,400,0,416,398,0,296,436,0,337,433,0,362,430,0,383,428,0,CALM
440,292,0,420,247,0,388,225,0,357,225,0,336,231,0,345,241,0,296,239,0,268,239,0,246,239,0,339,267,0,286,261,0,254,257,0,232,252,0,340,292,0,293,285,0,265,278,0,246,269,0,346,316,0,311,307,0,291,299,0,275,291,0,CALM
185,412,0,208,363,0,244,336,0,286,329,0,315,330,0,285,359,0,342,351,0,374,348,0,398,348,0,291,389,0,351,376,0,386,369,0,413,366,0,288,416,0,342,405,0,374,401,0,399,398,0,280,439,0,320,436,0,344,433,0,365,430,0,CALM
425,291,0,406,248,0,376,228,0,344,227,0,322,233,0,332,242,0,281,240,0,254,239,0,233,238,0,326,269,0,271,265,0,243,261,0,222,257,0,327,295,0,282,290,0,257,281,0,241,274,0,335,319,0,311,308,0,305,299,0,304,293,0,CALM
174,414,0,197,365,0,233,339,0,273,332,0,302,331,0,272,361,0,331,353,0,363,351,0,388,351,0,277,391,0,339,377,0,375,370,0,402,367,0,275,418,0,330,407,0,364,402,0,389,399,0,267,442,0,309,438,0,335,434,0,357,432,0,CALM
409,292,0,392,249,0,363,227,0,330,225,0,307,231,0,316,243,0,268,242,0,241,242,0,220,243,0,309,269,0,258,265,0,228,262,0,205,259,0,310,294,0,265,288,0,237,281,0,216,274,0,316,318,0,282,309,0,262,303,0,245,296,0,CALM
161,416,0,182,368,0,218,342,0,258,334,0,286,332,0,255,361,0,314,353,0,346,351,0,371,351,0,261,391,0,323,377,0,359,370,0,386,367,0,260,419,0,315,406,0,348,401,0,373,398,0,252,442,0,293,437,0,318,434,0,339,431,0,CALM
398,290,0,381,248,0,352,226,0,321,226,0,300,234,0,305,244,0,258,244,0,231,244,0,210,244,0,299,270,0,247,267,0,217,264,0,196,260,0,301,295,0,255,290,0,227,283,0,207,276,0,308,318,0,273,311,0,252,305,0,235,298,0,CALM
153,422,0,172,372,0,207,345,0,248,335,0,277,332,0,247,364,0,305,354,0,337,351,0,362,351,0,253,394,0,314,378,0,350,370,0,378,366,0,252,421,0,307,407,0,340,402,0,365,398,0,245,445,0,286,440,0,310,437,0,331,434,0,CALM
393,293,0,376,249,0,347,226,0,315,224,0,294,230,0,298,245,0,250,246,0,223,246,0,203,247,0,293,273,0,241,270,0,212,268,0,190,265,0,294,298,0,249,293,0,222,287,0,203,281,0,300,320,0,267,311,0,248,305,0,232,299,0,CALM
148,426,0,167,377,0,202,350,0,242,340,0,271,336,0,241,368,0,299,357,0,331,353,0,355,351,0,248,397,0,308,380,0,344,371,0,371,366,0,247,424,0,301,410,0,334,404,0,358,401,0,241,448,0,281,441,0,305,437,0,326,434,0,CALM
365,296,0,349,253,0,320,228,0,289,226,0,269,231,0,271,249,0,224,249,0,197,249,0,177,250,0,265,276,0,214,272,0,185,270,0,165,267,0,267,301,0,223,294,0,195,287,0,176,280,0,274,323,0,243,312,0,225,305,0,211,298,0,CALM
118,430,0,138,380,0,175,352,0,217,342,0,247,337,0,211,372,0,271,361,0,304,358,0,329,357,0,218,402,0,279,386,0,315,377,0,342,372,0,217,430,0,272,415,0,305,407,0,330,402,0,211,453,0,250,447,0,275,442,0,297,437,0,CALM
350,299,0,336,256,0,307,233,0,274,232,0,252,238,0,257,253,0,211,252,0,184,252,0,164,252,0,252,280,0,202,277,0,173,274,0,151,271,0,253,305,0,210,300,0,183,293,0,164,286,0,261,326,0,232,317,0,214,309,0,201,301,0,CALM
109,431,0,127,382,0,162,356,0,203,348,0,231,343,0,198,375,0,256,365,0,289,360,0,314,358,0,204,405,0,264,388,0,299,379,0,326,374,0,203,432,0,256,417,0,288,410,0,311,405,0,197,455,0,236,448,0,261,445,0,281,442,0,CALM
347,298,0,333,255,0,303,232,0,271,231,0,249,235,0,254,252,0,207,252,0,180,252,0,160,253,0,248,279,0,198,277,0,169,275,0,148,272,0,250,305,0,207,301,0,180,293,0,162,286,0,258,327,0,231,318,0,216,309,0,205,301,0,CALM
105,433,0,124,383,0,158,357,0,199,347,0,228,343,0,195,375,0,254,365,0,287,361,0,312,359,0,201,405,0,261,388,0,297,379,0,324,373,0,200,433,0,254,417,0,285,411,0,308,406,0,194,456,0,234,449,0,258,445,0,279,442,0,CALM
345,299,0,332,256,0,302,233,0,268,233,0,247,238,0,254,254,0,206,252,0,179,252,0,160,251,0,247,281,0,196,277,0,167,273,0,147,269,0,249,306,0,205,301,0,178,293,0,160,286,0,258,329,0,231,321,0,218,312,0,209,304,0,CALM
104,433,0,123,384,0,158,358,0,199,349,0,227,344,0,193,376,0,252,365,0,285,361,0,310,359,0,200,406,0,260,389,0,296,380,0,322,374,0,199,433,0,252,418,0,284,411,0,307,406,0,194,456,0,233,449,0,257,445,0,278,442,0,CALM
409,275,0,393,230,0,363,207,0,330,207,0,307,212,0,316,221,0,266,219,0,237,217,0,216,216,0,310,248,0,256,242,0,225,237,0,203,233,0,311,273,0,265,268,0,238,260,0,220,253,0,318,296,0,290,291,0,278,284,0,272,279,0,CALM
160,386,0,183,335,0,218,313,0,254,310,0,279,307,0,253,334,0,309,330,0,340,328,0,364,329,0,257,364,0,316,355,0,352,350,0,379,347,0,256,391,0,306,383,0,339,380,0,362,377,0,250,412,0,287,411,0,311,409,0,330,408,0,CALM
410,276,0,393,231,0,363,208,0,330,206,0,309,211,0,318,222,0,268,219,0,239,217,0,217,215,0,312,249,0,258,242,0,227,237,0,204,231,0,312,274,0,265,268,0,237,259,0,218,250,0,317,296,0,285,288,0,267,280,0,254,273,0,CALM
161,388,0,183,340,0,218,317,0,254,311,0,279,304,0,253,334,0,309,329,0,340,328,0,363,329,0,258,364,0,316,354,0,350,348,0,377,346,0,257,391,0,309,382,0,340,379,0,363,377,0,251,413,0,289,410,0,312,408,0,331,406,0,CALM
413,276,0,394,231,0,364,208,0,332,206,0,310,209,0,321,223,0,271,219,0,242,216,0,219,214,0,315,249,0,261,242,0,229,236,0,206,230,0,315,274,0,268,267,0,239,259,0,219,250,0,321,296,0,287,288,0,267,280,0,253,272,0,CALM
160,389,0,182,340,0,218,316,0,255,311,0,282,304,0,253,336,0,310,331,0,342,330,0,367,330,0,258,366,0,317,355,0,353,349,0,381,346,0,256,392,0,309,383,0,341,380,0,365,377,0,250,414,0,289,411,0,313,409,0,333,407,0,CALM
392,276,0,375,231,0,342,210,0,308,209,0,285,210,0,295,223,0,248,219,0,221,218,0,200,217,0,289,249,0,237,242,0,207,238,0,185,234,0,290,274,0,243,267,0,217,260,0,199,253,0,298,297,0,263,290,0,245,283,0,233,275,0,CALM
141,391,0,165,341,0,201,317,0,239,313,0,265,312,0,232,337,0,287,331,0,319,329,0,343,329,0,237,368,0,293,357,0,328,352,0,355,350,0,237,395,0,286,386,0,317,382,0,340,379,0,231,418,0,267,413,0,290,409,0,307,406,0,CALM
369,276,0,355,232,0,327,208,0,297,206,0,277,208,0,275,224,0,226,219,0,198,218,0,177,217,0,269,251,0,215,243,0,184,238,0,162,234,0,270,276,0,224,268,0,196,261,0,177,254,0,278,298,0,245,290,0,225,283,0,211,276,0,CALM
120,392,0,142,343,0,176,317,0,212,311,0,239,309,0,210,337,0,264,331,0,296,330,0,321,331,0,215,367,0,270,358,0,306,353,0,333,351,0,215,393,0,263,386,0,295,383,0,319,381,0,210,416,0,246,413,0,269,411,0,287,408,0,CALM
347,277,0,332,232,0,305,208,0,277,203,0,260,202,0,251,227,0,202,223,0,175,221,0,155,220,0,245,253,0,191,248,0,161,243,0,139,239,0,247,279,0,202,273,0,176,266,0,160,260,0,255,301,0,225,294,0,213,285,0,207,278,0,CALM
97,396,0,118,346,0,155,322,0,192,318,0,218,315,0,187,341,0,241,334,0,273,332,0,298,333,0,193,371,0,248,360,0,284,355,0,311,352,0,192,397,0,241,388,0,273,384,0,297,381,0,186,420,0,223,417,0,246,414,0,265,410,0,CALM
335,279,0,323,233,0,296,209,0,270,204,0,254,198,0,239,229,0,190,224,0,163,223,0,143,222,0,232,256,0,179,249,0,149,244,0,128,240,0,234,280,0,188,274,0,162,266,0,145,259,0,243,302,0,212,295,0,196,287,0,186,281,0,CALM
83,399,0,103,348,0,140,322,0,179,316,0,206,312,0,172,343,0,228,336,0,261,334,0,286,334,0,179,373,0,236,362,0,271,357,0,298,353,0,178,400,0,228,391,0,260,387,0,283,383,0,174,422,0,212,419,0,235,416,0,254,412,0,CALM
324,280,0,310,235,0,287,207,0,268,190,0,258,178,0,227,230,0,180,227,0,153,226,0,134,225,0,222,256,0,172,252,0,144,248,0,124,244,0,224,281,0,181,276,0,156,270,0,140,263,0,232,304,0,205,299,0,190,292,0,180,286,0,CALM
71,403,0,89,352,0,123,327,0,161,320,0,189,317,0,161,346,0,217,338,0,249,336,0,274,336,0,169,376,0,226,365,0,262,359,0,289,355,0,169,404,0,220,395,0,252,390,0,275,387,0,165,426,0,204,423,0,228,419,0,247,415,0,CALM
319,281,0,304,234,0,277,211,0,249,207,0,232,205,0,222,233,0,174,229,0,147,227,0,127,226,0,217,260,0,165,256,0,137,252,0,117,249,0,220,286,0,176,282,0,153,275,0,139,269,0,230,307,0,201,300,0,189,291,0,184,284,0,CALM
70,407,0,88,356,0,124,330,0,162,323,0,189,321,0,158,349,0,215,342,0,247,340,0,272,339,0,165,379,0,223,367,0,258,361,0,285,357,0,165,406,0,216,397,0,248,392,0,271,388,0,161,429,0,199,425,0,223,421,0,242,418,0,CALM
324,277,0,308,233,0,281,207,0,254,195,0,236,187,0,228,229,0,179,226,0,151,225,0,130,225,0,224,255,0,171,251,0,142,248,0,121,245,0,226,280,0,180,275,0,152,268,0,133,262,0,234,303,0,202,297,0,183,291,0,169,285,0,CALM
72,406,0,91,354,0,128,329,0,166,321,0,192,314,0,166,346,0,221,338,0,253,336,0,278,335,0,171,376,0,228,364,0,264,357,0,292,354,0,169,404,0,219,394,0,251,388,0,276,384,0,163,427,0,201,422,0,226,417,0,246,413,0,CALM
335,277,0,320,234,0,291,210,0,263,204,0,245,202,0,237,229,0,186,227,0,158,225,0,138,223,0,232,256,0,177,253,0,147,249,0,126,245,0,234,282,0,187,279,0,159,273,0,141,266,0,243,305,0,214,301,0,204,294,0,199,287,0,CALM
81,407,0,101,356,0,137,331,0,176,323,0,202,315,0,173,347,0,228,340,0,261,337,0,287,336,0,179,377,0,236,364,0,272,357,0,300,353,0,179,404,0,229,394,0,260,388,0,284,384,0,174,427,0,213,422,0,237,418,0,256,414,0,CALM
351,277,0,333,233,0,307,208,0,283,195,0,269,188,0,252,229,0,201,225,0,173,223,0,152,222,0,247,255,0,192,250,0,162,245,0,141,241,0,249,280,0,201,275,0,174,267,0,157,260,0,258,303,0,227,295,0,213,288,0,206,282,0,CALM
96,402,0,115,352,0,152,327,0,190,320,0,216,311,0,188,345,0,244,337,0,278,334,0,304,333,0,193,374,0,252,361,0,288,354,0,318,350,0,193,401,0,244,391,0,277,385,0,302,380,0,188,424,0,226,419,0,251,415,0,272,412,0,CALM
368,278,0,352,233,0,324,209,0,296,204,0,279,204,0,270,227,0,219,225,0,190,223,0,168,221,0,265,254,0,212,249,0,181,245,0,160,240,0,266,280,0,220,276,0,193,269,0,176,261,0,273,303,0,243,296,0,227,290,0,217,284,0,CALM
113,400,0,135,349,0,172,324,0,209,318,0,234,312,0,205,343,0,261,336,0,295,334,0,320,334,0,211,373,0,269,361,0,306,354,0,334,350,0,210,400,0,261,390,0,293,384,0,317,380,0,205,423,0,243,419,0,267,415,0,286,411,0,CALM
380,278,0,363,233,0,335,207,0,306,200,0,286,200,0,284,227,0,233,224,0,204,222,0,183,220,0,278,254,0,224,249,0,194,244,0,172,240,0,278,279,0,232,274,0,205,266,0,186,259,0,284,302,0,252,293,0,235,286,0,222,280,0,CALM
127,395,0,148,345,0,184,321,0,221,315,0,247,307,0,218,341,0,274,335,0,306,334,0,331,335,0,222,371,0,280,360,0,316,355,0,344,352,0,220,398,0,271,389,0,304,384,0,328,381,0,214,422,0,253,418,0,277,414,0,297,410,0,CALM
396,277,0,379,232,0,348,207,0,317,203,0,295,205,0,300,223,0,248,220,0,219,218,0,196,217,0,294,250,0,238,243,0,206,237,0,184,232,0,295,275,0,245,268,0,215,258,0,195,249,0,301,299,0,264,290,0,242,283,0,226,276,0,CALM
138,390,0,160,340,0,196,317,0,232,312,0,259,305,0,232,337,0,288,332,0,321,331,0,347,332,0,237,367,0,293,357,0,330,352,0,360,350,0,234,394,0,284,386,0,317,383,0,342,380,0,227,417,0,265,415,0,290,412,0,310,410,0,CALM
424,279,0,408,232,0,375,207,0,339,205,0,313,208,0,330,222,0,277,217,0,247,214,0,224,213,0,323,249,0,267,241,0,235,235,0,211,230,0,323,275,0,274,267,0,246,258,0,227,250,0,328,298,0,295,289,0,278,281,0,266,275,0,CALM
165,383,0,188,334,0,224,311,0,260,307,0,287,300,0,260,332,0,317,328,0,349,329,0,375,330,0,264,362,0,323,354,0,360,350,0,389,348,0,260,390,0,311,382,0,345,378,0,371,375,0,253,413,0,291,410,0,316,408,0,337,405,0,CALM
433,281,0,415,235,0,384,211,0,350,209,0,327,214,0,342,224,0,289,219,0,259,216,0,234,214,0,334,250,0,278,241,0,244,235,0,219,229,0,333,275,0,283,265,0,252,256,0,229,247,0,337,298,0,299,287,0,276,279,0,259,271,0,CALM
169,383,0,193,335,0,229,312,0,266,309,0,294,305,0,266,333,0,323,331,0,356,331,0,382,333,0,269,363,0,328,355,0,366,352,0,395,351,0,265,390,0,318,384,0,352,381,0,377,380,0,257,413,0,297,412,0,323,410,0,344,409,0,CALM
450,280,0,432,235,0,400,211,0,368,210,0,346,217,0,355,223,0,305,218,0,276,215,0,253,213,0,348,249,0,294,240,0,261,234,0,237,228,0,348,274,0,299,265,0,270,256,0,248,248,0,352,298,0,315,288,0,293,281,0,276,274,0,CALM
184,380,0,207,331,0,242,309,0,279,305,0,306,300,0,283,330,0,339,328,0,372,329,0,397,332,0,287,361,0,345,353,0,381,350,0,410,350,0,284,388,0,335,382,0,369,380,0,394,379,0,275,411,0,315,410,0,340,408,0,360,406,0,CALM
473,286,0,458,240,0,431,213,0,401,205,0,380,209,0,384,226,0,332,220,0,301,217,0,277,216,0,377,251,0,321,241,0,287,236,0,262,231,0,375,276,0,325,267,0,296,259,0,274,251,0,378,300,0,340,289,0,318,282,0,301,275,0,CALM
210,378,0,234,331,0,268,309,0,303,306,0,329,301,0,311,331,0,366,330,0,398,331,0,423,334,0,315,361,0,372,355,0,409,353,0,436,354,0,310,388,0,362,382,0,395,382,0,420,383,0,301,411,0,339,409,0,363,409,0,383,408,0,CALM
492,291,0,478,245,0,451,217,0,422,209,0,400,212,0,405,230,0,353,222,0,323,218,0,300,217,0,398,255,0,343,244,0,309,237,0,285,233,0,396,280,0,347,269,0,319,260,0,299,253,0,400,303,0,362,290,0,341,282,0,325,274,0,CALM
233,375,0,256,329,0,291,309,0,326,307,0,352,304,0,335,332,0,389,333,0,421,335,0,446,338,0,338,362,0,394,357,0,430,356,0,458,357,0,333,389,0,383,386,0,416,385,0,442,386,0,324,412,0,361,413,0,385,413,0,405,412,0,CALM
507,294,0,493,248,0,465,221,0,434,215,0,410,215,0,422,231,0,371,223,0,341,218,0,319,216,0,415,257,0,361,246,0,329,239,0,307,233,0,413,282,0,366,272,0,337,263,0,317,255,0,416,306,0,380,295,0,360,288,0,343,282,0,CALM
246,375,0,272,329,0,308,308,0,347,307,0,375,305,0,353,333,0,407,333,0,437,336,0,461,340,0,356,362,0,411,359,0,446,358,0,472,359,0,350,388,0,400,386,0,431,387,0,456,388,0,338,410,0,375,412,0,398,411,0,418,411,0,CALM
524,297,0,509,250,0,482,223,0,450,215,0,427,213,0,442,232,0,390,222,0,361,217,0,339,213,0,433,257,0,378,244,0,346,236,0,324,229,0,431,282,0,382,271,0,354,261,0,334,252,0,434,305,0,398,294,0,377,287,0,360,280,0,CALM
263,371,0,290,326,0,328,307,0,364,307,0,390,305,0,371,330,0,425,334,0,456,338,0,481,343,0,371,359,0,427,359,0,463,360,0,491,363,0,364,386,0,414,386,0,447,388,0,473,391,0,351,408,0,389,410,0,414,411,0,435,412,0,CALM
547,299,0,531,254,0,502,228,0,469,222,0,444,221,0,465,234,0,415,225,0,385,220,0,362,217,0,456,259,0,403,246,0,371,238,0,348,231,0,453,284,0,405,272,0,377,262,0,357,253,0,454,307,0,418,294,0,396,285,0,378,277,0,CALM
285,370,0,312,324,0,351,304,0,388,304,0,415,304,0,396,330,0,449,334,0,479,340,0,502,345,0,398,360,0,454,360,0,489,362,0,516,365,0,391,386,0,441,387,0,473,390,0,498,392,0,379,408,0,418,411,0,442,412,0,462,412,0,CALM
559,305,0,544,259,0,516,232,0,482,224,0,457,222,0,479,240,0,427,229,0,398,224,0,374,220,0,470,265,0,416,250,0,384,241,0,360,234,0,467,290,0,419,276,0,390,265,0,369,255,0,469,313,0,432,299,0,410,290,0,392,280,0,CALM
298,375,0,326,329,0,365,309,0,403,310,0,429,309,0,410,335,0,464,341,0,494,346,0,516,351,0,411,365,0,468,366,0,503,368,0,529,370,0,405,391,0,456,393,0,487,395,0,510,396,0,393,412,0,431,416,0,454,417,0,473,416,0,CALM
565,308,0,548,261,0,518,235,0,485,229,0,461,228,0,484,242,0,434,231,0,405,226,0,381,222,0,475,266,0,421,252,0,389,243,0,366,235,0,470,290,0,423,276,0,394,265,0,373,256,0,471,312,0,436,298,0,414,289,0,396,281,0,CALM
303,374,0,332,328,0,370,311,0,407,310,0,433,310,0,414,336,0,467,341,0,496,345,0,518,350,0,415,365,0,472,365,0,505,367,0,530,370,0,408,391,0,460,391,0,490,394,0,513,396,0,396,412,0,435,415,0,459,416,0,478,416,0,CALM
546,307,0,533,260,0,506,234,0,473,227,0,449,227,0,466,242,0,418,233,0,391,228,0,369,226,0,457,267,0,406,253,0,376,245,0,354,238,0,455,290,0,409,278,0,382,268,0,362,259,0,458,311,0,422,298,0,401,290,0,384,281,0,CALM
296,374,0,323,328,0,360,308,0,395,307,0,420,307,0,402,332,0,452,337,0,481,341,0,502,347,0,404,362,0,458,362,0,491,364,0,516,366,0,399,388,0,448,388,0,478,391,0,501,393,0,388,410,0,425,412,0,449,413,0,468,413,0,CALM
528,309,0,515,263,0,489,236,0,458,229,0,435,230,0,449,247,0,401,238,0,374,235,0,352,233,0,439,272,0,389,258,0,359,251,0,338,244,0,437,295,0,391,282,0,365,272,0,346,264,0,439,317,0,403,303,0,382,294,0,366,285,0,CALM
282,381,0,307,335,0,343,313,0,378,310,0,403,311,0,383,338,0,433,340,0,461,343,0,483,347,0,386,367,0,438,365,0,470,365,0,495,367,0,382,392,0,429,391,0,458,392,0,481,394,0,372,413,0,408,414,0,430,414,0,448,414,0,CALM
511,306,0,498,262,0,470,237,0,438,231,0,417,234,0,428,248,0,383,240,0,357,237,0,337,235,0,421,271,0,372,260,0,344,254,0,325,248,0,419,294,0,376,283,0,350,274,0,332,266,0,423,315,0,389,305,0,370,297,0,355,288,0,CALM
270,381,0,295,337,0,330,316,0,364,314,0,388,313,0,369,340,0,419,340,0,447,343,0,468,347,0,372,368,0,425,364,0,457,364,0,481,367,0,368,392,0,416,390,0,446,391,0,467,392,0,359,414,0,395,415,0,417,414,0,435,413,0,CALM
503,306,0,492,261,0,466,235,0,435,228,0,412,229,0,422,247,0,375,240,0,348,236,0,327,234,0,415,271,0,365,260,0,336,253,0,315,247,0,414,294,0,369,283,0,341,273,0,321,264,0,418,315,0,382,304,0,361,296,0,344,287,0,CALM
263,379,0,289,333,0,323,310,0,357,307,0,383,306,0,358,335,0,409,336,0,439,340,0,461,343,0,362,365,0,415,362,0,449,361,0,475,361,0,359,392,0,407,389,0,437,388,0,460,388,0,351,413,0,387,413,0,409,412,0,428,411,0,CALM
486,305,0,473,261,0,448,237,0,416,231,0,394,231,0,404,248,0,359,242,0,333,239,0,313,237,0,397,272,0,349,262,0,321,256,0,300,250,0,396,294,0,354,285,0,328,276,0,310,268,0,399,314,0,368,303,0,349,296,0,334,288,0,CALM
251,377,0,274,333,0,306,314,0,339,312,0,363,311,0,343,335,0,392,336,0,420,339,0,441,342,0,347,363,0,398,360,0,430,359,0,454,360,0,344,388,0,390,386,0,419,386,0,441,387,0,336,409,0,372,410,0,395,410,0,413,410,0,CALM
460,297,0,445,255,0,419,233,0,393,230,0,374,233,0,380,243,0,335,238,0,310,236,0,290,235,0,372,265,0,324,256,0,296,251,0,276,248,0,371,287,0,328,277,0,302,270,0,284,264,0,375,308,0,342,299,0,322,294,0,306,288,0,CALM
231,374,0,255,331,0,287,310,0,320,309,0,344,309,0,318,332,0,367,330,0,395,332,0,416,334,0,321,360,0,372,355,0,404,353,0,428,352,0,319,385,0,365,381,0,394,379,0,416,378,0,312,404,0,348,404,0,371,402,0,389,401,0,CALM
445,295,0,430,255,0,405,236,0,378,233,0,360,233,0,367,246,0,325,241,0,300,239,0,281,237,0,360,267,0,314,259,0,287,255,0,267,250,0,359,287,0,319,280,0,294,273,0,276,266,0,363,306,0,331,300,0,313,294,0,297,288,0,CALM
226,374,0,248,333,0,278,314,0,308,311,0,330,309,0,310,331,0,357,330,0,384,331,0,404,332,0,313,357,0,363,351,0,395,348,0,419,346,0,310,381,0,355,377,0,384,375,0,405,373,0,304,402,0,338,402,0,360,401,0,378,399,0,CALM
443,298,0,428,259,0,403,239,0,376,236,0,359,236,0,366,250,0,324,245,0,300,243,0,281,241,0,360,272,0,314,264,0,287,259,0,267,255,0,360,292,0,320,285,0,296,278,0,278,271,0,365,311,0,336,303,0,318,297,0,304,291,0,CALM
226,377,0,247,337,0,278,319,0,309,315,0,331,313,0,310,335,0,357,332,0,383,333,0,403,334,0,314,360,0,363,354,0,393,351,0,416,350,0,311,383,0,355,378,0,383,376,0,404,375,0,305,403,0,338,402,0,359,401,0,376,399,0,CALM
441,297,0,426,258,0,402,238,0,378,232,0,362,232,0,366,249,0,323,244,0,298,242,0,279,240,0,360,269,0,313,261,0,285,256,0,264,252,0,359,289,0,317,280,0,291,274,0,272,267,0,362,308,0,330,301,0,310,296,0,293,290,0,CALM
222,374,0,245,335,0,275,317,0,306,314,0,329,313,0,304,332,0,353,330,0,381,331,0,402,333,0,308,358,0,358,352,0,388,349,0,412,348,0,305,381,0,350,377,0,379,375,0,401,373,0,299,401,0,333,401,0,355,399,0,374,397,0,CALM
432,307,0,417,269,0,394,248,0,369,246,0,353,252,0,357,261,0,316,258,0,292,256,0,274,255,0,351,282,0,307,275,0,279,271,0,259,267,0,350,302,0,311,295,0,286,288,0,267,281,0,353,321,0,323,314,0,304,309,0,289,303,0,CALM
221,388,0,241,348,0,271,330,0,300,327,0,320,325,0,300,345,0,345,342,0,371,343,0,390,344,0,303,369,0,350,363,0,379,359,0,402,358,0,302,393,0,344,386,0,371,383,0,391,381,0,297,413,0,329,412,0,349,410,0,364,407,0,CALM
436,325,0,422,286,0,397,266,0,371,264,0,354,267,0,360,277,0,318,273,0,294,271,0,276,269,0,355,299,0,310,292,0,284,287,0,265,283,0,354,319,0,317,313,0,294,306,0,280,300,0,359,337,0,333,330,0,318,323,0,308,317,0,CALM
224,401,0,244,362,0,274,345,0,303,342,0,324,339,0,301,361,0,347,360,0,373,361,0,393,362,0,304,385,0,353,380,0,382,377,0,405,376,0,302,408,0,346,404,0,373,403,0,393,402,0,297,427,0,330,427,0,350,427,0,367,426,0,CALM
436,317,0,421,280,0,395,260,0,368,258,0,350,261,0,360,274,0,320,270,0,296,268,0,278,266,0,355,295,0,311,288,0,284,283,0,264,278,0,355,315,0,316,308,0,291,301,0,273,294,0,359,333,0,331,325,0,314,318,0,300,313,0,CALM
226,396,0,247,358,0,276,340,0,304,337,0,325,336,0,305,355,0,350,354,0,376,354,0,396,355,0,309,379,0,356,374,0,385,371,0,408,370,0,307,401,0,348,397,0,375,395,0,396,394,0,300,421,0,332,421,0,353,419,0,370,417,0,CALM
439,320,0,425,284,0,401,264,0,376,261,0,359,265,0,365,275,0,326,271,0,302,269,0,283,268,0,360,296,0,316,289,0,289,284,0,268,280,0,360,316,0,322,309,0,297,302,0,279,296,0,364,334,0,339,326,0,325,320,0,314,315,0,CALM
230,398,0,250,361,0,279,344,0,309,341,0,330,340,0,308,359,0,354,357,0,379,357,0,399,358,0,312,383,0,359,377,0,388,374,0,409,373,0,310,405,0,352,400,0,378,398,0,397,397,0,304,424,0,337,423,0,357,422,0,373,420,0,CALM
440,296,0,424,264,0,400,246,0,380,242,0,365,243,0,365,253,0,328,248,0,306,247,0,289,247,0,358,272,0,320,266,0,298,263,0,280,261,0,356,291,0,322,286,0,302,283,0,287,281,0,359,310,0,332,307,0,314,305,0,301,304,0,CALM
233,374,0,254,337,0,282,318,0,306,313,0,323,314,0,312,332,0,353,330,0,378,331,0,397,333,0,316,355,0,358,349,0,386,346,0,409,345,0,315,378,0,352,373,0,377,371,0,395,369,0,310,398,0,338,397,0,356,395,0,370,393,0,CALM
441,278,0,425,240,0,402,219,0,377,213,0,359,213,0,367,232,0,326,227,0,303,225,0,284,224,0,362,252,0,317,244,0,291,239,0,272,235,0,361,272,0,321,265,0,296,257,0,279,249,0,365,291,0,334,285,0,314,279,0,298,274,0,CALM
227,351,0,251,314,0,282,300,0,311,297,0,332,296,0,308,311,0,355,310,0,382,312,0,402,314,0,310,335,0,361,331,0,392,329,0,415,328,0,308,358,0,353,354,0,381,352,0,401,350,0,301,380,0,335,380,0,357,378,0,376,376,0,CALM
448,258,0,429,222,0,403,203,0,377,203,0,359,206,0,373,213,0,332,208,0,308,205,0,289,203,0,367,232,0,321,226,0,294,221,0,274,217,0,366,252,0,324,246,0,299,240,0,281,233,0,370,272,0,336,268,0,315,264,0,298,259,0,CALM
227,333,0,251,296,0,283,281,0,312,279,0,334,276,0,310,294,0,359,292,0,386,294,0,407,296,0,312,317,0,365,312,0,397,310,0,422,310,0,309,340,0,355,336,0,383,335,0,405,334,0,300,362,0,336,361,0,358,360,0,377,358,0,CALM
450,272,0,434,234,0,408,214,0,382,211,0,363,213,0,376,223,0,334,218,0,310,215,0,290,213,0,368,243,0,323,236,0,295,231,0,274,226,0,367,264,0,326,256,0,300,248,0,281,240,0,369,283,0,337,278,0,317,272,0,301,266,0,CALM
229,347,0,251,308,0,281,290,0,309,287,0,329,287,0,310,306,0,358,305,0,385,306,0,406,308,0,313,330,0,364,325,0,395,322,0,418,321,0,311,353,0,356,349,0,385,347,0,406,345,0,305,373,0,340,374,0,361,373,0,378,373,0,CALM
447,286,0,432,248,0,407,228,0,380,224,0,360,224,0,374,237,0,332,230,0,307,228,0,288,226,0,367,258,0,320,249,0,292,243,0,271,238,0,366,278,0,323,270,0,298,262,0,280,256,0,369,297,0,338,290,0,319,285,0,304,279,0,CALM
228,358,0,251,319,0,282,302,0,311,299,0,332,298,0,310,319,0,358,318,0,385,320,0,405,322,0,313,344,0,364,339,0,394,337,0,417,336,0,311,367,0,356,363,0,385,361,0,406,360,0,304,387,0,338,388,0,359,387,0,376,386,0,CALM
456,306,0,444,268,0,421,246,0,397,239,0,380,237,0,384,253,0,342,246,0,317,242,0,298,240,0,377,273,0,331,263,0,303,257,0,282,251,0,375,293,0,334,283,0,309,275,0,290,268,0,378,313,0,346,304,0,327,297,0,311,291,0,CALM
235,367,0,259,329,0,289,314,0,316,313,0,336,312,0,319,332,0,366,334,0,392,337,0,412,340,0,321,357,0,370,355,0,401,355,0,424,356,0,316,380,0,360,379,0,388,380,0,409,380,0,307,400,0,340,402,0,361,403,0,378,402,0,CALM
475,309,0,461,271,0,438,248,0,415,239,0,400,235,0,399,257,0,358,249,0,334,245,0,315,242,0,393,277,0,348,266,0,321,260,0,300,256,0,391,297,0,352,288,0,327,281,0,310,275,0,394,316,0,363,308,0,343,303,0,328,298,0,CALM
249,371,0,273,332,0,304,316,0,333,315,0,354,314,0,337,335,0,383,338,0,409,341,0,428,344,0,339,361,0,387,359,0,416,360,0,438,361,0,334,384,0,377,383,0,405,383,0,426,383,0,325,404,0,357,406,0,378,406,0,395,406,0,CALM
509,313,0,495,273,0,470,251,0,443,247,0,424,247,0,434,261,0,391,254,0,366,250,0,347,248,0,427,282,0,382,272,0,356,266,0,337,260,0,426,303,0,386,295,0,361,287,0,344,281,0,429,322,0,397,314,0,377,309,0,361,303,0,CALM
283,366,0,309,329,0,340,314,0,365,315,0,382,318,0,375,335,0,422,340,0,449,345,0,468,350,0,376,361,0,428,362,0,459,363,0,483,366,0,370,385,0,416,387,0,446,388,0,467,389,0,359,405,0,393,409,0,415,410,0,434,411,0,CALM
542,323,0,527,285,0,501,262,0,473,256,0,452,256,0,466,268,0,423,258,0,398,253,0,378,250,0,460,288,0,414,277,0,387,270,0,367,265,0,458,309,0,417,300,0,392,292,0,374,285,0,461,329,0,429,321,0,408,315,0,392,308,0,CALM
311,368,0,338,331,0,373,319,0,402,324,0,422,330,0,407,342,0,455,349,0,481,355,0,500,361,0,407,368,0,459,371,0,491,375,0,515,378,0,399,392,0,446,396,0,475,399,0,497,402,0,387,411,0,421,416,0,443,419,0,461,420,0,CALM
566,333,0,551,291,0,524,268,0,495,261,0,474,259,0,491,274,0,446,263,0,420,258,0,400,255,0,483,295,0,437,281,0,409,273,0,390,268,0,481,315,0,439,303,0,414,295,0,396,288,0,483,335,0,449,323,0,429,316,0,413,308,0,CALM
333,370,0,361,333,0,393,322,0,423,326,0,443,330,0,432,347,0,478,357,0,504,363,0,523,370,0,432,373,0,481,379,0,511,383,0,535,387,0,424,396,0,468,403,0,497,408,0,518,412,0,411,415,0,446,422,0,467,425,0,485,428,0,CALM
581,335,0,564,293,0,536,273,0,507,269,0,487,270,0,505,276,0,459,267,0,433,262,0,412,259,0,496,297,0,448,284,0,419,276,0,398,269,0,494,319,0,449,307,0,422,298,0,403,289,0,496,341,0,460,330,0,438,322,0,420,314,0,CALM
350,373,0,379,336,0,412,325,0,443,330,0,465,333,0,447,352,0,495,362,0,520,368,0,538,375,0,446,379,0,498,385,0,528,389,0,551,393,0,437,402,0,484,409,0,512,414,0,533,417,0,423,421,0,458,429,0,479,434,0,497,436,0,CALM
582,336,0,566,293,0,536,271,0,503,266,0,480,262,0,505,277,0,459,267,0,432,262,0,412,258,0,497,299,0,447,285,0,418,277,0,396,270,0,494,321,0,449,309,0,423,300,0,404,292,0,496,342,0,461,331,0,439,323,0,423,315,0,CALM
346,379,0,375,340,0,411,327,0,443,331,0,465,333,0,448,355,0,495,361,0,519,367,0,537,373,0,447,382,0,498,386,0,526,389,0,547,393,0,439,406,0,486,410,0,513,414,0,534,417,0,426,425,0,462,431,0,484,434,0,501,436,0,CALM
574,333,0,558,289,0,530,266,0,498,261,0,476,260,0,496,274,0,450,265,0,425,260,0,405,256,0,487,297,0,439,283,0,410,275,0,390,269,0,485,319,0,441,306,0,414,297,0,396,289,0,487,339,0,452,329,0,431,321,0,414,313,0,CALM
340,381,0,369,342,0,404,327,0,436,330,0,459,332,0,441,352,0,488,360,0,514,366,0,533,372,0,441,379,0,491,383,0,520,387,0,542,392,0,433,403,0,480,407,0,508,411,0,529,414,0,420,423,0,456,428,0,478,431,0,496,433,0,CALM
533,330,0,520,286,0,493,263,0,462,258,0,440,261,0,457,270,0,410,262,0,384,257,0,364,254,0,447,294,0,398,281,0,370,274,0,350,267,0,444,316,0,400,304,0,374,294,0,357,284,0,445,337,0,413,326,0,393,317,0,377,309,0,CALM
299,386,0,326,345,0,360,327,0,392,327,0,414,331,0,396,354,0,444,359,0,472,364,0,492,369,0,397,382,0,448,383,0,479,385,0,503,388,0,391,406,0,437,408,0,467,410,0,489,413,0,380,426,0,415,431,0,437,432,0,455,433,0,CALM
511,322,0,496,279,0,469,257,0,441,255,0,421,257,0,429,264,0,384,258,0,357,255,0,335,253,0,421,287,0,373,278,0,344,271,0,323,266,0,419,310,0,376,300,0,349,292,0,329,283,0,422,331,0,388,321,0,367,314,0,350,307,0,CALM
273,386,0,301,343,0,334,323,0,364,322,0,385,322,0,364,349,0,414,353,0,442,358,0,463,363,0,366,378,0,418,379,0,451,381,0,475,384,0,362,404,0,410,405,0,440,407,0,462,410,0,353,425,0,388,429,0,410,429,0,428,430,0,CALM
473,315,0,455,271,0,425,252,0,396,252,0,378,258,0,387,259,0,342,256,0,315,254,0,295,254,0,379,283,0,330,276,0,301,271,0,280,266,0,378,306,0,334,299,0,307,291,0,288,284,0,382,328,0,348,320,0,328,314,0,312,307,0,CALM
230,388,0,256,347,0,289,327,0,321,324,0,345,325,0,324,351,0,373,352,0,402,354,0,424,358,0,326,379,0,378,377,0,412,377,0,437,378,0,321,404,0,369,404,0,399,405,0,422,406,0,311,425,0,346,428,0,369,428,0,387,428,0,CALM
444,302,0,428,258,0,398,238,0,369,237,0,350,243,0,356,248,0,309,243,0,282,242,0,260,241,0,349,271,0,298,264,0,268,260,0,247,256,0,348,295,0,303,287,0,276,281,0,257,274,0,352,316,0,319,309,0,298,304,0,282,298,0,CALM
198,380,0,225,337,0,257,314,0,288,310,0,312,310,0,289,337,0,341,341,0,372,345,0,395,349,0,291,366,0,346,367,0,381,366,0,407,367,0,287,393,0,337,393,0,368,393,0,391,393,0,279,414,0,315,417,0,338,417,0,356,417,0,CALM
414,281,0,398,238,0,369,215,0,342,214,0,324,222,0,323,228,0,275,225,0,247,223,0,226,222,0,317,253,0,268,248,0,239,244,0,217,239,0,317,277,0,273,271,0,246,264,0,227,257,0,321,299,0,288,291,0,268,285,0,251,278,0,CALM
159,369,0,184,325,0,221,302,0,255,297,0,280,297,0,253,322,0,307,324,0,340,327,0,364,330,0,256,351,0,312,348,0,348,347,0,376,347,0,253,378,0,303,376,0,335,376,0,359,375,0,246,401,0,282,402,0,305,402,0,324,401,0,CALM
392,271,0,376,226,0,349,205,0,322,202,0,304,204,0,296,221,0,249,219,0,222,217,0,200,216,0,290,246,0,240,243,0,211,238,0,188,233,0,291,271,0,248,268,0,220,260,0,199,253,0,299,292,0,267,290,0,247,286,0,232,281,0,CALM
125,372,0,152,323,0,193,303,0,231,301,0,257,300,0,226,321,0,283,320,0,316,321,0,341,324,0,230,351,0,289,346,0,326,343,0,355,341,0,228,378,0,280,374,0,313,372,0,337,370,0,220,401,0,260,402,0,285,401,0,305,399,0,CALM
374,252,0,357,208,0,330,187,0,309,179,0,297,174,0,274,209,0,227,209,0,200,209,0,179,208,0,270,233,0,220,232,0,191,228,0,170,225,0,272,257,0,229,255,0,202,251,0,185,246,0,280,279,0,249,276,0,231,272,0,219,267,0,CALM
109,364,0,135,314,0,175,292,0,212,287,0,238,284,0,205,309,0,265,306,0,298,306,0,325,308,0,210,340,0,272,332,0,310,329,0,339,327,0,209,368,0,262,363,0,296,361,0,321,358,0,202,391,0,243,391,0,268,390,0,288,388,0,CALM
344,250,0,327,206,0,294,185,0,263,179,0,244,174,0,241,203,0,194,202,0,168,203,0,149,203,0,235,229,0,183,226,0,155,223,0,135,220,0,237,255,0,193,250,0,165,243,0,147,237,0,246,277,0,215,272,0,197,266,0,184,260,0,CALM
69,364,0,96,314,0,137,290,0,176,285,0,203,281,0,169,306,0,228,305,0,262,305,0,290,306,0,173,337,0,234,332,0,273,329,0,303,327,0,169,365,0,223,361,0,257,359,0,283,357,0,161,390,0,202,390,0,228,388,0,251,386,0,CALM
319,241,0,293,200,0,259,189,0,227,189,0,208,195,0,218,203,0,168,203,0,142,203,0,123,204,0,213,225,0,159,225,0,130,223,0,108,220,0,216,248,0,171,248,0,144,243,0,126,238,0,225,271,0,194,271,0,181,266,0,174,261,0,CALM
51,367,0,72,315,0,110,288,0,150,282,0,178,275,0,144,305,0,205,301,0,240,300,0,266,301,0,149,336,0,213,327,0,252,323,0,281,321,0,146,365,0,201,358,0,236,355,0,262,352,0,138,390,0,179,388,0,205,385,0,228,382,0,CALM
341,235,0,321,193,0,288,175,0,257,170,0,240,169,0,236,199,0,187,201,0,161,199,0,142,199,0,231,222,0,179,222,0,151,219,0,130,215,0,235,246,0,190,246,0,164,240,0,147,234,0,244,268,0,217,269,0,213,264,0,217,259,0,CALM
73,365,0,95,313,0,137,290,0,179,282,0,205,270,0,173,307,0,233,301,0,266,298,0,293,297,0,177,337,0,239,327,0,277,321,0,307,318,0,173,365,0,228,357,0,263,353,0,289,349,0,166,388,0,207,387,0,234,384,0,257,380,0,CALM
444,261,0,424,218,0,390,199,0,355,196,0,333,192,0,351,210,0,302,205,0,275,203,0,253,201,0,346,235,0,293,227,0,262,222,0,239,219,0,349,259,0,304,254,0,280,247,0,264,241,0,357,282,0,324,277,0,306,271,0,293,263,0,CALM
217,371,0,245,326,0,280,308,0,317,308,0,344,307,0,315,329,0,373,322,0,404,320,0,428,318,0,317,359,0,377,351,0,413,346,0,439,344,0,311,387,0,364,381,0,398,380,0,422,379,0,299,410,0,340,410,0,365,409,0,387,408,0,CALM
482,263,0,461,220,0,428,201,0,395,199,0,374,199,0,389,209,0,338,204,0,310,201,0,289,199,0,383,233,0,326,224,0,295,219,0,272,215,0,384,257,0,336,250,0,311,243,0,294,237,0,392,280,0,354,275,0,334,269,0,320,262,0,CALM
248,363,0,276,318,0,312,301,0,349,302,0,376,302,0,353,323,0,410,320,0,441,319,0,465,320,0,355,353,0,414,348,0,449,346,0,476,345,0,348,381,0,401,378,0,433,378,0,458,379,0,336,404,0,377,407,0,402,407,0,423,407,0,CALM
118,358,0,123,310,0,139,271,0,161,245,0,185,241,0,193,294,0,237,266,0,260,253,0,275,245,0,206,324,0,261,308,0,289,297,0,306,288,0,209,350,0,257,348,0,281,337,0,295,325,0,206,372,0,239,375,0,256,371,0,265,364,0,EXCITED
536,394,0,530,348,0,517,305,0,502,273,0,492,250,0,473,324,0,435,282,0,419,262,0,415,253,0,454,354,0,390,329,0,384,312,0,399,307,0,445,382,0,387,368,0,385,350,0,399,340,0,444,405,0,399,407,0,390,392,0,395,379,0,EXCITED
127,348,0,134,300,0,155,263,0,179,239,0,201,240,0,207,286,0,252,259,0,277,246,0,293,238,0,219,316,0,275,301,0,301,292,0,313,285,0,221,343,0,272,342,0,295,333,0,305,322,0,215,365,0,251,369,0,268,365,0,276,359,0,EXCITED
535,376,0,529,329,0,513,290,0,493,260,0,472,243,0,461,312,0,428,270,0,414,251,0,411,242,0,444,342,0,389,318,0,377,300,0,383,291,0,439,370,0,388,360,0,381,343,0,390,331,0,444,392,0,406,398,0,396,388,0,399,377,0,EXCITED
122,349,0,134,301,0,156,263,0,180,240,0,199,236,0,210,285,0,257,257,0,281,246,0,296,239,0,220,315,0,278,301,0,304,293,0,316,286,0,221,342,0,272,342,0,295,333,0,304,322,0,214,365,0,251,370,0,268,366,0,275,360,0,EXCITED
529,380,0,520,331,0,503,289,0,482,256,0,463,232,0,457,312,0,426,280,0,406,263,0,397,254,0,440,342,0,383,320,0,369,302,0,372,293,0,434,370,0,381,362,0,371,347,0,375,335,0,438,393,0,398,399,0,388,389,0,390,377,0,EXCITED
117,350,0,129,301,0,156,266,0,181,244,0,199,236,0,205,285,0,254,256,0,278,245,0,293,239,0,215,317,0,275,301,0,300,292,0,313,286,0,216,344,0,270,342,0,293,332,0,302,321,0,209,366,0,246,371,0,262,368,0,270,361,0,EXCITED
522,383,0,516,337,0,499,297,0,479,268,0,462,249,0,458,317,0,428,285,0,406,268,0,393,258,0,440,345,0,384,325,0,365,308,0,364,301,0,433,372,0,379,364,0,370,351,0,378,342,0,434,394,0,395,401,0,385,392,0,388,382,0,EXCITED
101,358,0,121,313,0,154,291,0,182,282,0,202,280,0,185,291,0,228,264,0,251,252,0,264,244,0,196,319,0,254,305,0,275,296,0,285,288,0,197,347,0,251,347,0,271,336,0,279,323,0,189,369,0,225,371,0,238,366,0,241,359,0,EXCITED
499,384,0,495,337,0,477,299,0,451,276,0,425,268,0,431,314,0,396,285,0,376,269,0,367,262,0,414,342,0,359,324,0,343,311,0,343,307,0,406,370,0,355,363,0,349,354,0,356,349,0,406,395,0,368,396,0,363,390,0,369,384,0,EXCITED
92,358,0,108,314,0,138,288,0,165,276,0,183,273,0,169,292,0,214,265,0,239,255,0,254,249,0,180,320,0,236,306,0,260,298,0,273,291,0,181,348,0,232,347,0,257,338,0,271,327,0,175,371,0,212,374,0,230,370,0,240,363,0,EXCITED
488,382,0,485,335,0,465,297,0,438,276,0,412,269,0,416,311,0,373,279,0,354,268,0,352,267,0,400,341,0,340,323,0,329,312,0,338,310,0,393,369,0,341,364,0,336,354,0,345,350,0,395,395,0,357,398,0,351,392,0,357,385,0,EXCITED
73,362,0,82,312,0,107,276,0,130,256,0,148,247,0,154,294,0,200,268,0,226,257,0,243,250,0,166,325,0,221,311,0,248,301,0,265,293,0,168,352,0,217,353,0,244,344,0,260,334,0,161,374,0,193,375,0,206,370,0,213,363,0,EXCITED
478,383,0,473,334,0,454,297,0,427,276,0,399,269,0,400,312,0,355,280,0,336,269,0,334,267,0,385,342,0,324,324,0,313,309,0,323,303,0,381,372,0,328,367,0,321,356,0,329,350,0,385,398,0,346,401,0,339,395,0,345,389,0,EXCITED
56,367,0,62,316,0,84,279,0,108,258,0,126,250,0,135,299,0,181,271,0,205,261,0,220,255,0,148,330,0,203,314,0,230,304,0,246,296,0,151,357,0,200,356,0,227,346,0,243,335,0,144,377,0,179,378,0,195,373,0,204,367,0,EXCITED
456,380,0,450,331,0,431,292,0,406,267,0,383,255,0,378,311,0,336,279,0,319,269,0,317,267,0,365,341,0,307,325,0,298,319,0,305,319,0,361,371,0,312,367,0,302,365,0,303,364,0,364,396,0,330,400,0,320,399,0,320,397,0,EXCITED
38,366,0,48,315,0,74,280,0,105,263,0,127,261,0,118,299,0,165,270,0,189,262,0,203,257,0,130,330,0,187,312,0,213,302,0,227,294,0,133,358,0,184,355,0,210,344,0,224,332,0,128,380,0,165,382,0,182,377,0,191,369,0,EXCITED
441,381,0,434,330,0,415,292,0,389,270,0,366,258,0,356,310,0,316,279,0,305,271,0,308,273,0,343,341,0,285,324,0,283,317,0,297,316,0,340,371,0,290,368,0,286,364,0,293,362,0,345,397,0,309,403,0,302,400,0,305,396,0,EXCITED
23,372,0,35,323,0,60,288,0,88,269,0,109,270,0,98,304,0,144,275,0,168,267,0,182,264,0,109,334,0,165,316,0,192,308,0,208,302,0,111,361,0,161,357,0,188,347,0,204,336,0,107,385,0,145,383,0,166,379,0,178,372,0,EXCITED
427,379,0,417,329,0,395,293,0,369,271,0,349,259,0,336,312,0,291,282,0,282,275,0,290,278,0,324,344,0,262,329,0,261,321,0,275,319,0,322,375,0,270,371,0,268,365,0,277,361,0,329,400,0,290,405,0,288,400,0,297,395,0,EXCITED
22,371,0,34,322,0,58,286,0,85,267,0,106,265,0,98,306,0,141,276,0,166,266,0,181,260,0,109,335,0,164,316,0,193,307,0,210,301,0,112,362,0,162,357,0,189,348,0,206,338,0,108,385,0,145,384,0,165,380,0,177,374,0,EXCITED
431,381,0,419,333,0,396,295,0,371,270,0,353,253,0,340,313,0,302,288,0,288,280,0,284,277,0,327,343,0,272,331,0,263,328,0,268,329,0,325,372,0,278,372,0,268,372,0,269,371,0,331,398,0,295,405,0,288,404,0,291,402,0,EXCITED
12,371,0,25,325,0,47,290,0,72,269,0,93,262,0,85,308,0,129,279,0,153,270,0,169,265,0,95,335,0,149,317,0,178,307,0,195,300,0,98,362,0,146,358,0,174,348,0,192,338,0,94,386,0,132,388,0,152,383,0,166,376,0,EXCITED
414,381,0,404,330,0,381,291,0,355,268,0,335,255,0,322,313,0,283,289,0,269,280,0,266,277,0,310,344,0,256,331,0,245,325,0,246,323,0,309,374,0,265,373,0,253,371,0,251,371,0,317,398,0,284,403,0,275,403,0,273,402,0,EXCITED
7,369,0,16,324,0,33,288,0,49,266,0,67,257,0,75,304,0,115,277,0,139,268,0,155,262,0,86,333,0,139,316,0,167,307,0,184,299,0,88,360,0,136,357,0,163,347,0,180,335,0,84,384,0,121,385,0,141,380,0,152,371,0,EXCITED
404,383,0,393,332,0,371,292,0,344,269,0,321,259,0,313,314,0,274,290,0,258,280,0,254,275,0,300,344,0,246,330,0,231,324,0,229,323,0,298,374,0,249,374,0,240,370,0,241,367,0,304,400,0,266,406,0,261,403,0,265,398,0,EXCITED
8,368,0,22,331,0,41,299,0,62,278,0,83,274,0,65,309,0,104,283,0,129,274,0,148,268,0,73,336,0,125,319,0,155,312,0,174,306,0,75,364,0,122,362,0,149,352,0,165,341,0,72,390,0,107,390,0,125,384,0,136,375,0,EXCITED
395,381,0,387,328,0,362,290,0,333,268,0,313,254,0,295,313,0,245,285,0,235,279,0,241,280,0,284,346,0,219,332,0,220,327,0,234,326,0,284,377,0,231,375,0,234,369,0,246,365,0,294,404,0,254,408,0,255,402,0,266,396,0,EXCITED
7,369,0,27,332,0,52,311,0,79,301,0,103,299,0,61,308,0,99,282,0,126,273,0,146,269,0,66,336,0,119,320,0,150,313,0,169,307,0,67,365,0,117,361,0,144,349,0,158,337,0,66,391,0,101,391,0,120,384,0,131,373,0,EXCITED
395,383,0,385,329,0,361,290,0,332,264,0,312,248,0,293,313,0,246,288,0,234,282,0,238,284,0,280,345,0,216,331,0,213,329,0,224,330,0,279,375,0,227,374,0,225,371,0,233,368,0,289,402,0,248,408,0,245,406,0,253,401,0,EXCITED
12,367,0,23,327,0,45,293,0,69,273,0,92,270,0,78,307,0,117,283,0,142,272,0,161,265,0,87,336,0,135,321,0,165,312,0,186,305,0,88,364,0,132,361,0,159,351,0,176,338,0,83,390,0,116,393,0,135,388,0,147,379,0,EXCITED
411,379,0,401,325,0,377,287,0,350,264,0,333,245,0,314,309,0,267,285,0,254,280,0,261,282,0,301,341,0,241,328,0,235,323,0,247,324,0,300,371,0,248,371,0,246,366,0,256,363,0,308,399,0,269,403,0,266,399,0,274,395,0,EXCITED
28,368,0,41,323,0,67,289,0,95,270,0,116,268,0,104,302,0,149,273,0,175,263,0,193,256,0,114,331,0,167,314,0,198,305,0,218,297,0,116,359,0,162,356,0,190,348,0,209,337,0,111,385,0,147,389,0,168,386,0,184,379,0,EXCITED
435,374,0,426,323,0,403,286,0,377,263,0,357,247,0,343,307,0,298,280,0,287,273,0,292,274,0,332,337,0,275,324,0,267,316,0,276,313,0,331,367,0,283,366,0,274,361,0,278,358,0,340,393,0,305,399,0,294,397,0,293,395,0,EXCITED
47,368,0,56,318,0,82,281,0,112,262,0,136,262,0,124,298,0,172,271,0,196,262,0,209,257,0,136,329,0,193,312,0,220,302,0,233,293,0,139,358,0,190,354,0,217,344,0,231,332,0,134,382,0,171,384,0,190,379,0,199,372,0,EXCITED
455,371,0,444,322,0,423,285,0,398,261,0,376,247,0,369,305,0,326,279,0,309,271,0,306,269,0,357,334,0,298,322,0,287,313,0,294,310,0,354,364,0,301,363,0,293,356,0,300,352,0,359,389,0,321,393,0,316,389,0,322,384,0,EXCITED
56,365,0,64,314,0,92,278,0,123,261,0,145,261,0,139,294,0,187,268,0,213,258,0,229,251,0,150,325,0,207,310,0,233,302,0,247,294,0,151,355,0,201,352,0,228,343,0,243,332,0,144,379,0,183,386,0,204,384,0,217,378,0,EXCITED
470,376,0,460,328,0,438,289,0,414,261,0,394,244,0,380,308,0,339,279,0,323,270,0,324,269,0,367,338,0,310,323,0,297,311,0,306,309,0,365,367,0,312,365,0,304,356,0,313,350,0,370,393,0,332,396,0,326,389,0,333,383,0,EXCITED
69,364,0,82,313,0,113,279,0,145,261,0,168,257,0,152,293,0,203,267,0,228,256,0,242,248,0,163,325,0,224,310,0,250,302,0,263,294,0,165,353,0,221,351,0,244,341,0,253,329,0,160,376,0,198,383,0,217,380,0,228,374,0,EXCITED
485,377,0,476,328,0,456,290,0,433,263,0,411,247,0,398,308,0,354,280,0,336,268,0,336,264,0,384,339,0,323,322,0,311,309,0,321,303,0,380,368,0,326,363,0,318,350,0,328,340,0,386,394,0,346,395,0,339,387,0,347,378,0,EXCITED
88,356,0,100,304,0,130,269,0,162,249,0,187,251,0,173,288,0,227,264,0,251,254,0,263,248,0,182,321,0,246,308,0,271,299,0,282,291,0,182,350,0,239,351,0,262,340,0,271,327,0,174,372,0,212,379,0,229,376,0,236,369,0,EXCITED
501,383,0,491,332,0,470,294,0,446,268,0,425,252,0,415,314,0,368,285,0,352,273,0,353,268,0,402,345,0,339,326,0,327,312,0,334,304,0,398,374,0,343,366,0,336,352,0,345,343,0,404,399,0,361,399,0,354,389,0,360,380,0,EXCITED
99,357,0,112,308,0,141,275,0,170,259,0,191,259,0,184,294,0,232,271,0,255,261,0,269,254,0,193,324,0,252,311,0,278,301,0,290,292,0,193,352,0,246,352,0,271,344,0,283,332,0,184,374,0,221,385,0,241,385,0,252,380,0,EXCITED
510,391,0,500,341,0,478,306,0,455,280,0,434,264,0,429,321,0,385,294,0,366,281,0,365,276,0,414,350,0,353,331,0,339,315,0,345,307,0,410,377,0,355,370,0,345,356,0,351,344,0,414,402,0,372,402,0,363,393,0,369,383,0,EXCITED
110,348,0,122,299,0,151,266,0,181,251,0,202,256,0,196,287,0,246,266,0,268,257,0,279,253,0,204,317,0,265,305,0,289,297,0,299,290,0,204,345,0,257,345,0,280,337,0,289,327,0,195,367,0,234,373,0,251,371,0,259,366,0,EXCITED
509,386,0,502,338,0,482,306,0,454,285,0,428,278,0,437,318,0,392,290,0,371,279,0,365,277,0,422,346,0,365,324,0,347,311,0,348,306,0,417,373,0,363,364,0,353,351,0,360,341,0,420,396,0,378,398,0,370,390,0,374,381,0,EXCITED
131,347,0,143,301,0,171,269,0,202,255,0,224,262,0,217,290,0,268,268,0,285,260,0,290,258,0,224,319,0,284,306,0,305,297,0,309,291,0,223,346,0,276,345,0,296,336,0,302,325,0,214,367,0,252,377,0,269,375,0,276,370,0,EXCITED
517,381,0,507,335,0,486,306,0,459,287,0,434,281,0,447,317,0,401,291,0,381,280,0,375,277,0,435,343,0,379,322,0,361,309,0,361,304,0,430,369,0,376,361,0,366,348,0,372,339,0,432,394,0,389,397,0,380,388,0,383,378,0,EXCITED
138,350,0,149,305,0,176,272,0,206,257,0,224,267,0,223,293,0,273,274,0,292,267,0,297,266,0,230,322,0,288,310,0,309,302,0,313,294,0,229,349,0,281,348,0,303,339,0,309,328,0,220,369,0,258,377,0,274,374,0,278,367,0,EXCITED
516,384,0,510,339,0,490,309,0,463,292,0,439,284,0,450,320,0,405,296,0,384,288,0,379,286,0,437,346,0,381,328,0,364,317,0,366,313,0,431,371,0,380,364,0,370,353,0,375,344,0,433,394,0,395,398,0,387,391,0,392,384,0,EXCITED
146,352,0,159,311,0,182,278,0,210,263,0,227,273,0,229,300,0,277,279,0,295,273,0,302,271,0,236,328,0,291,316,0,312,308,0,318,302,0,235,354,0,285,352,0,305,343,0,310,333,0,227,374,0,260,386,0,278,384,0,287,379,0,EXCITED
513,388,0,507,344,0,489,314,0,464,296,0,440,288,0,449,325,0,406,302,0,386,293,0,380,290,0,436,351,0,382,332,0,368,320,0,370,316,0,431,375,0,381,368,0,371,355,0,378,347,0,432,398,0,392,401,0,383,393,0,387,384,0,EXCITED
147,357,0,157,316,0,181,282,0,207,266,0,221,274,0,227,303,0,266,280,0,287,270,0,299,262,0,236,330,0,287,318,0,309,311,0,319,306,0,237,355,0,283,354,0,303,347,0,312,338,0,230,376,0,263,386,0,278,384,0,286,379,0,EXCITED
511,389,0,505,348,0,486,317,0,460,298,0,437,292,0,448,333,0,416,305,0,398,291,0,389,284,0,434,358,0,384,338,0,366,323,0,362,316,0,428,382,0,381,376,0,375,364,0,383,356,0,431,403,0,396,405,0,391,397,0,397,389,0,EXCITED
151,368,0,163,328,0,187,297,0,213,281,0,232,288,0,234,320,0,280,301,0,300,296,0,308,295,0,241,347,0,294,337,0,318,331,0,326,325,0,239,372,0,287,372,0,307,364,0,312,355,0,230,392,0,261,403,0,277,401,0,284,396,0,EXCITED
516,401,0,508,359,0,489,328,0,466,308,0,442,303,0,447,343,0,415,315,0,397,302,0,388,295,0,434,369,0,385,354,0,371,341,0,373,336,0,430,393,0,384,391,0,378,379,0,384,369,0,434,415,0,401,421,0,396,414,0,401,404,0,EXCITED
148,365,0,162,324,0,186,293,0,215,279,0,234,287,0,233,318,0,279,299,0,296,293,0,302,292,0,239,346,0,294,337,0,318,331,0,327,326,0,237,370,0,284,371,0,304,364,0,310,353,0,227,390,0,261,399,0,277,397,0,285,390,0,EXCITED
510,406,0,504,363,0,486,332,0,462,312,0,437,304,0,445,346,0,410,320,0,390,307,0,383,302,0,434,372,0,383,356,0,367,343,0,369,337,0,430,397,0,382,394,0,372,380,0,378,369,0,433,420,0,396,425,0,387,416,0,392,405,0,EXCITED
148,393,0,160,351,0,186,317,0,212,300,0,230,307,0,230,344,0,272,326,0,291,318,0,303,315,0,237,372,0,289,367,0,316,361,0,332,358,0,237,397,0,282,397,0,298,388,0,304,380,0,230,417,0,264,424,0,279,419,0,286,414,0,EXCITED
510,432,0,502,388,0,481,354,0,458,328,0,437,313,0,439,372,0,400,344,0,380,330,0,374,324,0,427,400,0,375,386,0,362,371,0,365,362,0,425,425,0,378,423,0,366,408,0,368,395,0,429,445,0,395,453,0,387,447,0,388,437,0,EXCITED
148,394,0,161,352,0,187,319,0,217,307,0,236,317,0,230,344,0,280,325,0,296,322,0,296,324,0,237,374,0,294,365,0,319,360,0,329,356,0,236,400,0,284,399,0,303,390,0,308,380,0,228,422,0,265,428,0,280,421,0,284,412,0,EXCITED
509,438,0,502,395,0,480,361,0,457,336,0,436,324,0,436,379,0,399,351,0,380,340,0,373,337,0,425,406,0,374,393,0,359,380,0,360,372,0,424,431,0,376,429,0,366,416,0,368,403,0,429,451,0,393,458,0,384,452,0,386,443,0,EXCITED
145,395,0,161,352,0,189,320,0,217,307,0,236,311,0,231,347,0,278,328,0,297,323,0,302,322,0,237,376,0,292,367,0,315,360,0,323,354,0,235,401,0,283,400,0,302,392,0,308,381,0,226,422,0,261,431,0,277,426,0,283,419,0,EXCITED
511,441,0,501,398,0,479,363,0,455,338,0,434,326,0,436,381,0,399,352,0,381,339,0,375,334,0,425,407,0,374,394,0,362,382,0,364,375,0,423,432,0,375,430,0,366,417,0,369,406,0,427,453,0,391,459,0,384,452,0,386,443,0,EXCITED
150,396,0,164,355,0,191,323,0,218,310,0,235,316,0,233,349,0,278,330,0,296,325,0,304,323,0,239,377,0,293,368,0,316,363,0,328,358,0,238,402,0,284,402,0,306,397,0,317,389,0,230,421,0,264,430,0,281,428,0,291,423,0,EXCITED
503,448,0,497,404,0,478,369,0,455,345,0,433,331,0,431,385,0,394,358,0,372,346,0,362,341,0,420,412,0,369,399,0,353,386,0,349,378,0,418,438,0,370,436,0,354,424,0,351,412,0,422,461,0,385,467,0,373,461,0,370,451,0,EXCITED
153,369,0,165,325,0,192,290,0,223,275,0,243,277,0,239,316,0,285,297,0,304,292,0,313,290,0,248,345,0,302,336,0,326,330,0,340,327,0,247,371,0,292,371,0,311,365,0,318,358,0,238,392,0,272,399,0,286,396,0,292,392,0,EXCITED
508,425,0,501,381,0,483,346,0,462,321,0,442,305,0,437,362,0,400,331,0,381,319,0,377,315,0,424,388,0,369,373,0,357,358,0,365,352,0,420,414,0,370,409,0,362,393,0,369,382,0,423,438,0,384,439,0,377,429,0,383,418,0,EXCITED
151,366,0,164,321,0,192,286,0,223,269,0,245,268,0,242,313,0,288,295,0,304,290,0,308,289,0,249,342,0,304,334,0,328,329,0,341,326,0,248,368,0,293,368,0,314,363,0,325,357,0,239,390,0,274,397,0,290,395,0,299,392,0,EXCITED
521,426,0,512,381,0,495,345,0,479,316,0,463,297,0,448,358,0,410,328,0,392,314,0,388,309,0,433,383,0,379,364,0,364,349,0,371,343,0,427,409,0,377,402,0,367,387,0,376,376,0,428,432,0,389,436,0,381,427,0,387,415,0,EXCITED
147,354,0,162,310,0,190,278,0,219,266,0,239,271,0,241,301,0,288,285,0,308,280,0,317,278,0,248,331,0,303,323,0,327,319,0,339,317,0,246,358,0,294,358,0,313,353,0,321,348,0,236,382,0,274,388,0,289,386,0,297,382,0,EXCITED
524,412,0,514,366,0,495,332,0,475,306,0,456,290,0,446,346,0,408,313,0,390,302,0,388,301,0,432,373,0,377,356,0,363,342,0,368,335,0,428,400,0,377,394,0,369,380,0,377,370,0,431,424,0,391,428,0,383,418,0,390,407,0,EXCITED
142,350,0,154,303,0,183,269,0,213,253,0,235,255,0,234,292,0,282,273,0,300,267,0,307,265,0,242,322,0,298,311,0,319,303,0,328,298,0,241,349,0,291,348,0,309,338,0,314,329,0,232,372,0,269,379,0,284,374,0,289,366,0,EXCITED
519,402,0,513,355,0,498,320,0,479,295,0,457,283,0,444,333,0,405,300,0,389,289,0,388,287,0,430,361,0,373,341,0,363,325,0,371,318,0,426,388,0,374,380,0,370,366,0,381,355,0,429,412,0,388,417,0,383,406,0,391,395,0,EXCITED
141,347,0,153,300,0,181,267,0,211,252,0,232,255,0,233,287,0,280,265,0,298,257,0,304,254,0,243,318,0,299,306,0,319,298,0,325,294,0,242,345,0,294,344,0,313,335,0,318,326,0,233,367,0,272,374,0,290,371,0,299,365,0,EXCITED
519,398,0,513,351,0,496,316,0,474,291,0,450,280,0,443,329,0,402,296,0,383,284,0,381,281,0,429,358,0,371,339,0,361,326,0,370,320,0,425,386,0,372,378,0,366,363,0,377,353,0,429,411,0,386,415,0,380,404,0,388,392,0,EXCITED
143,333,0,157,288,0,185,257,0,216,244,0,238,242,0,236,276,0,281,255,0,301,247,0,309,242,0,245,306,0,300,297,0,321,292,0,327,288,0,243,334,0,292,336,0,312,329,0,318,319,0,233,357,0,270,367,0,288,364,0,296,356,0,EXCITED
518,380,0,513,333,0,497,297,0,472,274,0,448,269,0,444,315,0,405,286,0,387,275,0,382,272,0,430,342,0,372,325,0,363,314,0,372,309,0,425,371,0,371,366,0,363,352,0,372,341,0,427,396,0,386,405,0,378,396,0,383,383,0,EXCITED
149,315,0,164,268,0,192,237,0,224,225,0,247,225,0,238,258,0,295,240,0,310,238,0,307,242,0,247,290,0,310,277,0,328,273,0,328,271,0,246,319,0,301,320,0,316,313,0,315,305,0,235,342,0,278,351,0,295,346,0,299,337,0,EXCITED
521,361,0,513,312,0,494,274,0,470,250,0,447,231,0,441,294,0,397,268,0,379,256,0,375,251,0,429,324,0,369,308,0,358,294,0,366,288,0,426,354,0,372,349,0,370,337,0,383,329,0,432,380,0,391,385,0,387,376,0,395,367,0,EXCITED
138,310,0,158,263,0,189,238,0,221,230,0,244,231,0,234,255,0,288,235,0,304,238,0,304,243,0,243,288,0,307,275,0,324,274,0,325,275,0,240,316,0,297,319,0,316,314,0,320,306,0,228,340,0,273,349,0,292,344,0,301,336,0,EXCITED
522,356,0,511,308,0,490,275,0,466,248,0,447,228,0,436,290,0,396,262,0,379,249,0,377,245,0,423,319,0,366,302,0,354,290,0,357,286,0,421,348,0,368,345,0,368,333,0,381,325,0,428,374,0,387,382,0,382,373,0,389,363,0,EXCITED
134,306,0,153,260,0,186,228,0,220,212,0,246,204,0,226,249,0,281,230,0,294,232,0,293,239,0,234,281,0,299,269,0,315,267,0,317,268,0,233,310,0,292,313,0,301,303,0,297,294,0,223,334,0,268,344,0,281,338,0,283,330,0,EXCITED
519,357,0,507,307,0,481,272,0,453,246,0,432,226,0,425,286,0,384,261,0,370,253,0,370,252,0,413,316,0,357,301,0,342,293,0,341,292,0,412,346,0,360,344,0,355,336,0,362,330,0,419,373,0,381,381,0,372,378,0,374,373,0,EXCITED
88,300,0,111,251,0,145,221,0,180,207,0,206,202,0,182,240,0,241,221,0,261,224,0,264,229,0,189,274,0,256,261,0,277,259,0,281,259,0,187,304,0,248,307,0,267,299,0,271,289,0,177,330,0,223,342,0,245,338,0,255,329,0,EXCITED
491,350,0,479,298,0,456,258,0,432,232,0,411,215,0,392,277,0,347,251,0,332,242,0,336,241,0,380,310,0,314,296,0,304,284,0,315,279,0,380,342,0,322,340,0,317,331,0,326,325,0,390,371,0,346,379,0,339,373,0,344,367,0,EXCITED
61,306,0,83,255,0,119,227,0,157,212,0,186,204,0,158,242,0,218,224,0,238,226,0,241,232,0,165,277,0,233,264,0,254,263,0,257,265,0,162,308,0,225,311,0,242,305,0,243,298,0,151,335,0,200,346,0,220,341,0,228,333,0,EXCITED
468,350,0,454,294,0,428,255,0,401,229,0,378,211,0,367,275,0,317,251,0,306,246,0,312,249,0,355,309,0,289,296,0,285,287,0,300,284,0,356,343,0,298,342,0,300,333,0,315,327,0,366,372,0,323,381,0,321,375,0,332,367,0,EXCITED
31,312,0,52,261,0,89,230,0,130,217,0,159,211,0,130,250,0,190,226,0,210,224,0,214,227,0,137,283,0,205,270,0,225,269,0,231,271,0,135,314,0,196,316,0,212,310,0,216,304,0,124,339,0,169,347,0,188,343,0,196,337,0,EXCITED
443,352,0,430,298,0,403,261,0,376,236,0,358,222,0,340,280,0,296,253,0,281,248,0,282,250,0,328,313,0,267,301,0,258,296,0,266,295,0,328,346,0,275,348,0,268,343,0,274,336,0,339,375,0,299,386,0,293,384,0,300,379,0,EXCITED
15,312,0,38,265,0,73,235,0,113,221,0,143,212,0,108,253,0,171,228,0,193,229,0,196,234,0,115,286,0,187,269,0,207,270,0,212,274,0,113,316,0,175,316,0,195,314,0,202,312,0,104,342,0,150,349,0,170,345,0,180,340,0,EXCITED
422,351,0,409,295,0,381,257,0,353,233,0,337,212,0,318,280,0,273,252,0,255,239,0,250,231,0,305,315,0,242,302,0,235,292,0,245,285,0,305,347,0,250,347,0,248,338,0,258,328,0,316,374,0,277,382,0,275,374,0,284,364,0,EXCITED
13,318,0,32,272,0,65,240,0,101,230,0,125,234,0,103,257,0,162,234,0,183,233,0,189,235,0,108,289,0,175,272,0,200,269,0,209,268,0,106,319,0,163,319,0,187,312,0,196,302,0,96,347,0,141,356,0,165,352,0,178,343,0,EXCITED
421,349,0,410,293,0,384,258,0,359,233,0,344,214,0,314,277,0,267,248,0,248,239,0,242,235,0,302,311,0,237,301,0,229,298,0,238,297,0,304,343,0,247,347,0,241,342,0,248,335,0,316,371,0,274,383,0,272,379,0,281,371,0,EXCITED
35,328,0,54,278,0,87,244,0,125,230,0,152,227,0,125,260,0,183,237,0,206,233,0,213,235,0,135,294,0,203,278,0,225,273,0,231,272,0,137,325,0,198,321,0,217,313,0,221,306,0,131,352,0,179,355,0,199,348,0,208,340,0,EXCITED
451,345,0,438,290,0,410,254,0,382,230,0,364,216,0,343,277,0,294,248,0,277,239,0,277,236,0,333,311,0,268,302,0,258,292,0,268,286,0,336,343,0,280,346,0,270,338,0,275,329,0,349,371,0,307,382,0,298,377,0,302,368,0,EXCITED
73,323,0,92,270,0,128,237,0,165,217,0,192,203,0,169,254,0,228,232,0,244,230,0,243,233,0,178,288,0,247,272,0,262,268,0,262,269,0,177,320,0,239,319,0,245,311,0,239,305,0,168,348,0,215,354,0,230,349,0,234,343,0,EXCITED
487,342,0,472,290,0,445,254,0,421,229,0,405,212,0,382,273,0,334,248,0,316,238,0,316,235,0,372,306,0,310,295,0,296,285,0,301,280,0,375,338,0,317,340,0,308,331,0,316,323,0,386,367,0,343,380,0,332,377,0,333,372,0,EXCITED
84,322,0,104,273,0,138,245,0,173,236,0,198,239,0,179,254,0,239,232,0,255,232,0,254,238,0,189,287,0,260,273,0,271,271,0,265,274,0,189,319,0,253,321,0,258,315,0,252,310,0,179,347,0,227,353,0,238,348,0,239,342,0,EXCITED
497,343,0,483,292,0,457,258,0,431,235,0,411,221,0,394,273,0,349,248,0,330,239,0,325,237,0,383,305,0,321,294,0,305,286,0,306,282,0,384,337,0,326,339,0,317,329,0,324,320,0,395,366,0,350,376,0,340,369,0,342,360,0,EXCITED
110,314,0,130,265,0,160,232,0,193,223,0,215,231,0,211,251,0,266,234,0,279,229,0,275,231,0,219,286,0,285,275,0,302,267,0,300,264,0,216,317,0,274,320,0,288,310,0,286,299,0,204,343,0,251,352,0,266,346,0,269,336,0,EXCITED
519,340,0,502,289,0,473,258,0,446,239,0,424,228,0,424,273,0,379,250,0,357,241,0,352,239,0,413,304,0,349,294,0,330,283,0,332,279,0,413,335,0,351,334,0,342,322,0,351,312,0,422,364,0,375,374,0,363,366,0,366,355,0,EXCITED
141,303,0,159,254,0,189,221,0,226,208,0,253,209,0,244,245,0,301,227,0,314,226,0,309,231,0,253,280,0,320,267,0,331,260,0,326,260,0,251,310,0,309,312,0,316,301,0,309,292,0,237,336,0,284,345,0,292,335,0,285,326,0,EXCITED
550,342,0,531,290,0,501,259,0,471,238,0,448,226,0,458,274,0,414,249,0,397,238,0,395,235,0,445,305,0,385,290,0,369,277,0,372,271,0,444,336,0,385,333,0,372,319,0,375,306,0,451,363,0,405,373,0,391,365,0,392,353,0,EXCITED
176,299,0,196,247,0,228,213,0,265,200,0,294,193,0,282,242,0,331,226,0,343,223,0,343,224,0,291,277,0,352,266,0,367,260,0,367,256,0,287,307,0,341,310,0,355,301,0,355,292,0,274,331,0,318,344,0,334,338,0,339,330,0,EXCITED
589,348,0,567,295,0,533,265,0,502,243,0,481,230,0,498,277,0,451,251,0,428,239,0,419,234,0,487,309,0,426,294,0,405,282,0,402,277,0,484,340,0,425,335,0,407,323,0,406,313,0,490,368,0,448,377,0,433,370,0,430,358,0,EXCITED
210,298,0,231,246,0,263,214,0,299,205,0,324,206,0,323,242,0,378,236,0,377,231,0,363,231,0,329,278,0,392,272,0,384,264,0,367,261,0,324,308,0,379,313,0,377,302,0,366,295,0,308,333,0,353,345,0,354,336,0,344,327,0,EXCITED
615,356,0,591,306,0,559,277,0,531,260,0,511,249,0,535,284,0,485,261,0,465,252,0,461,250,0,525,316,0,463,302,0,446,293,0,448,291,0,520,349,0,463,342,0,445,330,0,445,319,0,523,377,0,477,384,0,461,375,0,458,362,0,EXCITED
224,296,0,244,245,0,275,216,0,308,214,0,328,225,0,336,244,0,391,237,0,391,230,0,378,229,0,342,280,0,404,274,0,399,265,0,383,262,0,337,310,0,392,315,0,394,305,0,385,297,0,320,333,0,365,344,0,368,337,0,359,329,0,EXCITED
623,365,0,602,315,0,571,287,0,543,272,0,521,265,0,551,292,0,503,268,0,483,258,0,477,254,0,539,324,0,480,306,0,463,296,0,465,293,0,533,355,0,475,345,0,457,332,0,457,321,0,534,383,0,485,389,0,471,378,0,473,363,0,EXCITED
235,294,0,255,246,0,286,216,0,321,213,0,343,221,0,347,244,0,403,234,0,403,233,0,392,236,0,353,279,0,415,275,0,417,273,0,410,273,0,347,308,0,398,315,0,408,311,0,410,307,0,331,332,0,373,345,0,383,342,0,384,338,0,EXCITED
625,365,0,609,318,0,579,290,0,549,274,0,529,264,0,559,295,0,512,272,0,493,262,0,488,258,0,548,327,0,488,311,0,472,301,0,475,299,0,543,359,0,484,351,0,467,339,0,467,329,0,544,387,0,498,393,0,480,383,0,477,369,0,EXCITED
221,293,0,243,244,0,276,216,0,310,216,0,330,227,0,334,244,0,388,234,0,395,228,0,391,227,0,341,279,0,404,274,0,403,266,0,393,263,0,334,308,0,386,314,0,389,302,0,382,292,0,317,331,0,359,344,0,364,336,0,356,327,0,EXCITED
618,365,0,598,316,0,565,289,0,536,273,0,514,263,0,546,292,0,498,265,0,477,254,0,469,250,0,534,325,0,474,307,0,458,295,0,461,290,0,529,357,0,470,347,0,457,333,0,461,323,0,531,386,0,483,390,0,470,379,0,471,366,0,EXCITED
208,299,0,228,252,0,258,223,0,291,220,0,311,232,0,317,248,0,368,233,0,378,230,0,376,231,0,324,283,0,387,276,0,397,269,0,394,267,0,319,312,0,370,317,0,379,306,0,377,297,0,304,336,0,347,348,0,357,341,0,356,332,0,EXCITED
602,367,0,587,318,0,558,287,0,531,265,0,511,249,0,527,293,0,481,266,0,460,252,0,453,246,0,516,325,0,454,307,0,439,296,0,444,292,0,512,357,0,452,351,0,443,338,0,450,329,0,514,387,0,467,390,0,457,380,0,461,369,0,EXCITED
187,303,0,209,253,0,241,224,0,275,221,0,296,234,0,295,249,0,351,231,0,360,228,0,356,232,0,302,284,0,366,274,0,377,266,0,373,263,0,298,313,0,352,317,0,362,304,0,358,295,0,283,337,0,328,347,0,339,339,0,337,329,0,EXCITED
584,368,0,573,320,0,548,287,0,521,268,0,498,253,0,503,295,0,453,268,0,433,255,0,431,250,0,490,327,0,426,309,0,412,296,0,419,290,0,488,359,0,430,352,0,423,339,0,434,330,0,494,389,0,446,391,0,437,380,0,443,369,0,EXCITED
165,301,0,186,255,0,217,227,0,251,222,0,273,232,0,266,247,0,322,233,0,334,232,0,331,235,0,275,281,0,342,271,0,352,266,0,348,265,0,273,311,0,329,312,0,335,302,0,329,294,0,260,335,0,308,344,0,316,335,0,312,326,0,EXCITED
563,365,0,549,314,0,524,285,0,497,267,0,475,255,0,485,293,0,439,266,0,420,254,0,415,250,0,471,324,0,409,303,0,393,291,0,394,286,0,465,355,0,407,345,0,397,330,0,403,319,0,469,383,0,422,384,0,411,373,0,414,361,0,EXCITED
135,334,0,150,287,0,176,255,0,207,245,0,227,255,0,229,271,0,282,251,0,296,251,0,295,254,0,239,304,0,301,291,0,319,286,0,321,284,0,238,334,0,292,332,0,305,322,0,304,312,0,227,359,0,271,365,0,281,356,0,278,345,0,EXCITED
523,382,0,515,332,0,491,297,0,465,272,0,444,252,0,440,309,0,394,281,0,377,269,0,374,264,0,427,339,0,368,322,0,357,309,0,362,305,0,424,369,0,370,364,0,366,352,0,377,344,0,428,397,0,385,400,0,380,390,0,387,381,0,EXCITED
131,342,0,146,294,0,173,262,0,202,254,0,222,266,0,225,275,0,275,258,0,288,254,0,288,255,0,236,307,0,297,292,0,310,285,0,308,282,0,235,337,0,287,335,0,298,322,0,295,311,0,224,363,0,267,369,0,276,360,0,273,350,0,EXCITED
516,385,0,508,336,0,484,302,0,458,278,0,437,262,0,430,313,0,385,287,0,365,271,0,359,262,0,418,343,0,359,328,0,347,315,0,351,309,0,416,373,0,362,368,0,358,358,0,368,351,0,422,399,0,380,401,0,376,393,0,383,385,0,EXCITED
124,350,0,138,302,0,164,269,0,194,259,0,214,271,0,213,284,0,265,264,0,277,263,0,276,267,0,225,314,0,286,300,0,299,295,0,298,295,0,226,343,0,278,338,0,282,329,0,275,323,0,217,368,0,261,368,0,267,361,0,263,356,0,EXCITED
498,391,0,489,341,0,467,305,0,443,280,0,425,261,0,416,322,0,369,297,0,353,289,0,352,288,0,402,351,0,343,336,0,333,327,0,340,324,0,398,381,0,346,372,0,343,363,0,354,359,0,402,406,0,361,405,0,357,397,0,364,392,0,EXCITED
139,348,0,153,303,0,177,272,0,203,266,0,220,278,0,223,288,0,270,269,0,284,263,0,284,262,0,234,317,0,293,303,0,304,297,0,303,297,0,234,345,0,285,343,0,295,333,0,293,326,0,224,369,0,263,375,0,271,368,0,267,361,0,EXCITED
492,392,0,485,346,0,463,312,0,442,288,0,429,269,0,414,322,0,372,298,0,353,287,0,345,281,0,402,349,0,346,335,0,336,327,0,340,323,0,399,376,0,350,373,0,344,367,0,349,362,0,403,402,0,365,406,0,359,404,0,362,400,0,EXCITED
135,346,0,150,302,0,177,274,0,204,266,0,223,269,0,220,284,0,271,261,0,286,260,0,288,264,0,231,312,0,291,297,0,304,297,0,305,300,0,232,339,0,285,336,0,296,332,0,297,328,0,222,363,0,266,367,0,277,362,0,279,358,0,EXCITED
492,387,0,485,341,0,466,309,0,446,285,0,430,268,0,416,319,0,374,293,0,353,279,0,343,272,0,405,345,0,351,332,0,339,321,0,341,316,0,401,373,0,351,369,0,350,360,0,361,355,0,405,399,0,367,401,0,364,394,0,371,388,0,EXCITED
151,347,0,165,305,0,191,279,0,218,271,0,237,276,0,230,287,0,278,266,0,296,264,0,300,266,0,240,314,0,298,300,0,314,297,0,316,297,0,240,340,0,293,338,0,310,332,0,315,327,0,231,364,0,273,368,0,287,362,0,291,355,0,EXCITED
500,391,0,494,346,0,474,315,0,455,290,0,440,272,0,423,322,0,384,296,0,363,282,0,353,275,0,411,347,0,361,334,0,347,324,0,345,319,0,408,375,0,363,371,0,359,363,0,366,358,0,413,400,0,380,404,0,377,400,0,383,396,0,EXCITED
159,349,0,175,308,0,201,283,0,229,274,0,249,278,0,236,291,0,286,271,0,301,273,0,301,277,0,246,317,0,303,303,0,318,302,0,320,302,0,246,343,0,297,342,0,311,337,0,312,332,0,237,366,0,275,373,0,287,372,0,289,369,0,EXCITED
506,396,0,500,353,0,478,323,0,457,300,0,444,281,0,431,329,0,393,306,0,375,293,0,367,286,0,418,354,0,369,340,0,355,331,0,355,327,0,415,379,0,372,376,0,367,370,0,373,366,0,420,404,0,387,409,0,382,406,0,386,403,0,EXCITED
162,348,0,176,307,0,201,282,0,226,272,0,244,274,0,242,291,0,288,272,0,305,271,0,309,273,0,252,317,0,305,304,0,321,302,0,324,302,0,251,343,0,300,341,0,316,337,0,320,332,0,241,365,0,278,372,0,291,371,0,296,367,0,EXCITED
508,397,0,502,355,0,479,323,0,458,299,0,443,280,0,433,330,0,397,307,0,378,295,0,370,289,0,421,354,0,374,342,0,357,333,0,353,329,0,418,380,0,375,376,0,361,371,0,359,366,0,422,404,0,391,411,0,380,411,0,376,410,0,EXCITED
175,360,0,187,320,0,208,292,0,232,280,0,248,286,0,251,304,0,298,287,0,313,289,0,312,294,0,261,332,0,316,319,0,330,318,0,327,319,0,260,358,0,311,357,0,325,352,0,325,347,0,250,380,0,288,388,0,300,386,0,301,382,0,EXCITED
514,410,0,506,367,0,485,338,0,465,313,0,453,293,0,444,346,0,404,319,0,387,310,0,386,309,0,432,370,0,379,355,0,369,348,0,376,345,0,429,396,0,381,391,0,378,383,0,388,378,0,431,420,0,395,424,0,392,420,0,398,415,0,EXCITED
176,359,0,190,319,0,213,294,0,238,284,0,255,290,0,254,306,0,301,289,0,316,287,0,318,289,0,263,333,0,318,320,0,333,318,0,333,319,0,261,358,0,310,358,0,327,354,0,332,350,0,250,379,0,286,389,0,301,389,0,307,387,0,EXCITED
515,414,0,509,372,0,490,340,0,470,316,0,455,298,0,445,349,0,409,324,0,390,312,0,383,308,0,433,373,0,384,358,0,369,349,0,368,345,0,429,399,0,383,393,0,370,384,0,369,377,0,432,422,0,396,428,0,384,424,0,380,420,0,EXCITED
180,362,0,194,321,0,216,296,0,238,286,0,252,290,0,259,308,0,305,293,0,320,293,0,320,297,0,267,335,0,322,326,0,337,324,0,337,324,0,265,360,0,314,362,0,331,358,0,336,354,0,254,381,0,290,390,0,303,389,0,307,386,0,EXCITED
520,420,0,511,379,0,490,348,0,470,321,0,458,300,0,451,355,0,415,330,0,396,319,0,389,315,0,438,378,0,391,362,0,373,352,0,369,347,0,433,404,0,389,398,0,375,388,0,375,379,0,435,427,0,400,432,0,389,428,0,388,421,0,EXCITED
187,363,0,202,324,0,226,298,0,252,290,0,269,300,0,264,314,0,311,299,0,324,299,0,322,302,0,272,341,0,325,330,0,341,326,0,341,325,0,270,366,0,318,365,0,335,360,0,338,354,0,260,386,0,295,394,0,309,391,0,313,387,0,EXCITED
523,426,0,515,384,0,494,353,0,474,327,0,459,306,0,453,361,0,416,334,0,397,322,0,390,317,0,441,385,0,390,369,0,374,359,0,373,354,0,437,410,0,390,404,0,379,394,0,381,385,0,439,433,0,403,438,0,393,433,0,393,426,0,EXCITED
190,369,0,203,330,0,223,304,0,246,294,0,262,298,0,267,319,0,311,304,0,325,302,0,325,304,0,275,347,0,327,337,0,341,333,0,341,330,0,273,372,0,320,371,0,336,365,0,339,358,0,263,392,0,297,401,0,311,398,0,316,393,0,EXCITED
525,429,0,517,389,0,496,357,0,476,333,0,463,313,0,455,367,0,418,340,0,403,331,0,400,329,0,443,391,0,393,377,0,385,369,0,391,367,0,441,416,0,396,411,0,393,403,0,401,396,0,444,439,0,410,443,0,407,438,0,413,432,0,EXCITED
189,369,0,203,330,0,225,305,0,249,296,0,265,301,0,267,319,0,311,303,0,325,301,0,326,302,0,275,346,0,328,336,0,343,333,0,344,331,0,273,370,0,321,370,0,336,364,0,339,358,0,263,390,0,297,398,0,310,395,0,312,390,0,EXCITED
522,428,0,513,388,0,493,356,0,472,332,0,458,313,0,457,368,0,417,342,0,399,331,0,394,326,0,445,392,0,393,375,0,381,364,0,384,357,0,442,416,0,395,411,0,387,400,0,392,392,0,444,438,0,408,444,0,402,439,0,406,432,0,EXCITED
195,369,0,208,331,0,230,305,0,254,295,0,271,300,0,270,321,0,314,306,0,325,306,0,323,309,0,278,348,0,329,338,0,343,335,0,344,333,0,276,372,0,322,372,0,338,367,0,342,360,0,267,392,0,300,401,0,313,399,0,317,395,0,EXCITED
523,428,0,514,388,0,493,360,0,474,337,0,461,318,0,455,367,0,418,342,0,404,334,0,402,333,0,444,391,0,396,375,0,385,366,0,388,364,0,441,416,0,396,410,0,386,400,0,390,392,0,443,439,0,406,444,0,396,439,0,396,431,0,EXCITED
201,368,0,215,329,0,236,305,0,258,299,0,272,307,0,279,320,0,321,307,0,334,307,0,333,310,0,285,346,0,335,338,0,350,337,0,352,337,0,282,371,0,326,372,0,343,369,0,347,363,0,271,390,0,305,401,0,317,400,0,321,395,0,EXCITED
521,430,0,514,391,0,494,363,0,473,339,0,459,320,0,456,370,0,419,344,0,403,333,0,399,329,0,444,393,0,396,376,0,386,366,0,388,360,0,441,417,0,397,412,0,391,403,0,397,395,0,444,440,0,410,445,0,405,440,0,410,435,0,EXCITED
203,365,0,216,328,0,237,305,0,258,299,0,271,306,0,279,319,0,319,307,0,332,305,0,334,305,0,286,345,0,334,338,0,348,336,0,350,335,0,284,369,0,327,371,0,343,368,0,348,363,0,273,388,0,305,400,0,318,400,0,324,397,0,EXCITED
521,428,0,511,389,0,491,362,0,471,338,0,459,318,0,457,368,0,421,343,0,404,335,0,400,335,0,446,391,0,400,374,0,387,365,0,388,361,0,442,416,0,399,410,0,390,399,0,395,391,0,443,438,0,407,443,0,399,437,0,402,430,0,EXCITED
204,372,0,219,335,0,240,310,0,265,299,0,283,300,0,280,329,0,321,315,0,332,310,0,333,309,0,287,355,0,335,345,0,348,339,0,348,335,0,284,378,0,327,377,0,342,369,0,345,360,0,275,396,0,305,406,0,318,404,0,322,398,0,EXCITED
526,435,0,515,395,0,493,367,0,472,343,0,460,323,0,458,376,0,421,353,0,405,344,0,402,342,0,447,398,0,399,383,0,388,375,0,391,373,0,443,422,0,401,417,0,397,410,0,403,406,0,446,445,0,412,448,0,408,444,0,412,440,0,EXCITED
200,393,0,211,355,0,233,327,0,258,317,0,274,325,0,277,348,0,320,332,0,333,329,0,332,331,0,283,374,0,332,364,0,344,358,0,343,355,0,281,398,0,321,398,0,335,390,0,336,381,0,271,417,0,300,428,0,311,425,0,312,418,0,EXCITED
519,452,0,513,412,0,494,380,0,474,356,0,459,340,0,453,392,0,417,369,0,399,356,0,393,349,0,442,414,0,397,399,0,383,386,0,384,379,0,440,436,0,396,431,0,383,421,0,382,412,0,443,457,0,410,462,0,398,459,0,396,455,0,EXCITED
186,388,0,200,352,0,223,324,0,247,313,0,262,321,0,265,342,0,309,327,0,323,326,0,322,328,0,270,368,0,320,360,0,335,356,0,336,355,0,267,391,0,310,393,0,325,388,0,328,383,0,257,410,0,290,421,0,303,420,0,307,417,0,EXCITED
508,455,0,503,416,0,483,382,0,465,358,0,452,340,0,440,392,0,403,371,0,382,360,0,373,356,0,429,415,0,382,404,0,374,394,0,382,389,0,428,439,0,384,436,0,381,429,0,390,425,0,432,462,0,399,466,0,394,464,0,399,461,0,EXCITED
175,385,0,187,348,0,208,322,0,232,311,0,248,315,0,249,337,0,289,321,0,301,315,0,303,312,0,256,362,0,303,353,0,319,346,0,323,339,0,254,385,0,296,384,0,316,377,0,323,367,0,244,403,0,275,412,0,290,410,0,296,404,0,EXCITED
498,449,0,490,409,0,469,374,0,450,350,0,435,332,0,426,392,0,388,372,0,370,360,0,362,352,0,416,416,0,368,408,0,353,394,0,352,384,0,415,441,0,370,442,0,352,434,0,346,424,0,420,462,0,385,468,0,369,465,0,361,460,0,EXCITED
180,409,0,189,371,0,210,339,0,233,327,0,249,335,0,254,358,0,295,343,0,309,339,0,310,339,0,262,384,0,308,376,0,328,371,0,336,366,0,261,409,0,301,408,0,320,401,0,328,393,0,254,429,0,282,436,0,295,433,0,301,427,0,EXCITED
492,428,0,483,390,0,464,359,0,444,337,0,430,319,0,424,371,0,390,348,0,371,341,0,364,340,0,415,394,0,368,385,0,355,378,0,356,376,0,413,418,0,369,419,0,362,412,0,367,406,0,416,441,0,382,447,0,376,443,0,380,438,0,EXCITED
181,410,0,191,371,0,213,339,0,239,326,0,257,334,0,255,359,0,297,343,0,311,339,0,313,339,0,264,385,0,311,376,0,331,371,0,338,367,0,264,408,0,305,406,0,325,400,0,333,392,0,257,428,0,288,434,0,303,431,0,310,424,0,EXCITED
496,428,0,487,389,0,467,358,0,448,334,0,434,316,0,427,371,0,393,350,0,375,341,0,368,338,0,417,393,0,371,383,0,355,375,0,352,372,0,415,418,0,372,416,0,357,409,0,354,404,0,418,440,0,384,445,0,372,444,0,367,441,0,EXCITED
183,414,0,192,375,0,214,343,0,240,329,0,258,338,0,258,364,0,298,347,0,313,343,0,315,342,0,266,390,0,313,381,0,333,375,0,340,370,0,266,413,0,307,411,0,326,405,0,332,397,0,259,433,0,288,440,0,302,438,0,308,431,0,EXCITED
495,429,0,486,390,0,468,359,0,448,335,0,435,317,0,427,371,0,392,349,0,375,341,0,370,340,0,417,394,0,370,383,0,357,375,0,359,373,0,415,419,0,372,417,0,362,410,0,365,404,0,418,441,0,385,445,0,379,441,0,381,437,0,EXCITED
176,397,0,187,361,0,210,332,0,235,321,0,252,327,0,251,349,0,292,335,0,307,333,0,310,335,0,258,374,0,304,366,0,324,361,0,333,359,0,257,398,0,296,397,0,314,392,0,321,387,0,249,418,0,278,427,0,295,428,0,306,427,0,EXCITED
491,418,0,483,379,0,465,351,0,445,330,0,431,313,0,427,361,0,390,341,0,374,333,0,370,329,0,417,385,0,369,373,0,359,364,0,363,358,0,414,409,0,370,406,0,365,397,0,374,390,0,417,431,0,385,435,0,382,428,0,388,421,0,EXCITED
173,391,0,186,353,0,209,324,0,235,310,0,255,310,0,248,343,0,290,328,0,305,327,0,309,330,0,254,368,0,304,359,0,321,355,0,327,353,0,253,392,0,295,390,0,312,385,0,317,380,0,245,411,0,276,421,0,294,423,0,307,421,0,EXCITED
493,411,0,485,372,0,467,342,0,447,321,0,431,305,0,424,356,0,389,338,0,375,328,0,373,323,0,414,379,0,367,370,0,359,360,0,365,353,0,412,403,0,370,402,0,367,394,0,376,386,0,416,425,0,385,430,0,384,425,0,391,420,0,EXCITED
191,365,0,202,328,0,223,306,0,244,301,0,257,306,0,262,315,0,306,298,0,315,298,0,310,303,0,270,339,0,319,326,0,333,323,0,334,323,0,269,361,0,312,358,0,326,353,0,328,348,0,262,380,0,295,384,0,308,381,0,311,376,0,EXCITED
490,384,0,482,346,0,464,320,0,446,301,0,431,290,0,427,325,0,397,303,0,382,293,0,376,291,0,415,347,0,371,335,0,359,324,0,361,320,0,411,371,0,368,369,0,359,358,0,364,350,0,414,394,0,379,401,0,370,393,0,372,384,0,EXCITED
197,365,0,211,325,0,233,303,0,257,299,0,273,302,0,267,313,0,312,295,0,323,297,0,319,303,0,276,336,0,329,327,0,344,327,0,344,329,0,276,358,0,321,356,0,334,352,0,335,348,0,269,379,0,304,381,0,312,377,0,311,373,0,EXCITED
489,384,0,483,342,0,465,319,0,446,302,0,433,291,0,423,321,0,396,297,0,383,287,0,377,285,0,411,343,0,368,330,0,358,321,0,360,318,0,408,366,0,365,364,0,359,356,0,365,348,0,413,389,0,381,397,0,374,392,0,378,384,0,EXCITED
200,353,0,212,315,0,232,290,0,252,279,0,267,278,0,270,303,0,312,286,0,323,288,0,320,293,0,278,325,0,328,316,0,342,315,0,342,318,0,279,347,0,323,343,0,335,339,0,336,336,0,272,367,0,309,370,0,319,366,0,320,361,0,EXCITED
488,376,0,481,334,0,461,312,0,441,297,0,427,291,0,421,314,0,392,293,0,382,284,0,377,281,0,410,334,0,365,322,0,357,317,0,358,316,0,407,358,0,364,355,0,360,349,0,365,344,0,411,382,0,379,388,0,375,385,0,379,380,0,EXCITED
206,345,0,215,308,0,233,284,0,252,275,0,266,275,0,275,295,0,315,283,0,324,283,0,321,286,0,283,317,0,329,307,0,341,305,0,341,306,0,283,338,0,327,335,0,339,333,0,340,332,0,277,358,0,313,362,0,324,360,0,325,357,0,EXCITED
488,377,0,481,333,0,460,310,0,439,294,0,424,288,0,419,312,0,388,291,0,376,283,0,370,282,0,407,333,0,363,315,0,354,306,0,353,303,0,403,356,0,362,352,0,359,345,0,364,339,0,408,381,0,377,384,0,376,379,0,383,373,0,EXCITED
205,334,0,214,297,0,233,277,0,254,273,0,266,281,0,274,284,0,315,270,0,319,273,0,313,278,0,283,306,0,330,296,0,336,297,0,333,299,0,285,327,0,328,323,0,336,321,0,336,318,0,279,346,0,315,347,0,320,346,0,316,344,0,EXCITED
485,363,0,477,321,0,457,300,0,436,289,0,421,287,0,414,299,0,377,281,0,365,275,0,362,273,0,404,317,0,354,301,0,352,298,0,359,298,0,402,341,0,360,336,0,369,336,0,383,335,0,407,366,0,375,369,0,380,365,0,391,361,0,EXCITED
204,336,0,214,299,0,235,280,0,256,278,0,271,283,0,273,286,0,314,271,0,317,274,0,310,278,0,283,307,0,331,298,0,341,299,0,341,300,0,284,328,0,327,326,0,339,324,0,342,321,0,278,347,0,313,349,0,321,348,0,321,345,0,EXCITED
488,367,0,476,323,0,454,304,0,433,293,0,417,289,0,417,302,0,380,282,0,367,275,0,361,273,0,406,321,0,355,304,0,350,300,0,356,299,0,403,345,0,361,339,0,370,338,0,384,337,0,407,370,0,373,372,0,377,368,0,388,364,0,EXCITED
203,334,0,214,296,0,233,273,0,253,267,0,266,269,0,272,282,0,313,270,0,320,273,0,316,276,0,282,303,0,329,296,0,339,297,0,339,300,0,283,324,0,326,324,0,336,323,0,336,320,0,277,344,0,311,349,0,317,348,0,315,346,0,EXCITED
488,362,0,476,320,0,456,300,0,434,289,0,417,286,0,415,298,0,377,281,0,363,276,0,356,274,0,405,317,0,355,303,0,348,299,0,350,298,0,402,341,0,360,338,0,367,337,0,380,336,0,407,368,0,373,370,0,376,366,0,386,362,0,EXCITED
204,326,0,216,291,0,239,274,0,261,273,0,274,278,0,272,276,0,312,264,0,321,268,0,320,273,0,280,295,0,329,286,0,337,291,0,334,296,0,282,315,0,327,315,0,336,317,0,335,317,0,276,335,0,314,340,0,322,341,0,320,340,0,EXCITED
489,356,0,474,312,0,447,294,0,421,287,0,403,290,0,415,289,0,377,270,0,361,263,0,352,260,0,406,307,0,355,298,0,353,301,0,362,305,0,403,331,0,359,332,0,366,334,0,379,333,0,408,357,0,373,363,0,376,363,0,385,359,0,EXCITED
199,316,0,210,280,0,233,260,0,254,257,0,267,265,0,270,267,0,310,256,0,321,258,0,320,262,0,278,288,0,328,280,0,336,283,0,333,288,0,279,309,0,325,309,0,335,310,0,335,309,0,272,329,0,311,334,0,318,335,0,316,334,0,EXCITED
492,351,0,476,305,0,451,284,0,425,275,0,404,275,0,418,284,0,380,260,0,364,248,0,355,242,0,407,304,0,355,289,0,357,288,0,369,291,0,403,328,0,360,324,0,370,324,0,384,322,0,408,353,0,374,356,0,379,353,0,391,348,0,EXCITED
198,306,0,213,270,0,238,254,0,263,253,0,279,257,0,272,258,0,315,246,0,319,253,0,312,258,0,279,278,0,331,271,0,333,278,0,326,283,0,279,299,0,327,301,0,334,304,0,332,305,0,272,319,0,311,326,0,318,328,0,317,327,0,EXCITED
496,346,0,484,299,0,461,278,0,436,268,0,415,268,0,422,277,0,383,256,0,368,250,0,363,249,0,409,298,0,359,282,0,355,279,0,363,280,0,405,322,0,360,319,0,370,318,0,385,317,0,410,350,0,375,353,0,380,348,0,393,343,0,EXCITED
198,297,0,214,261,0,240,244,0,260,244,0,271,249,0,273,248,0,315,239,0,323,243,0,317,248,0,283,270,0,333,263,0,337,266,0,328,270,0,283,291,0,332,292,0,336,293,0,330,293,0,276,312,0,314,320,0,319,321,0,314,321,0,EXCITED
503,344,0,491,299,0,467,275,0,440,262,0,420,257,0,431,274,0,394,254,0,378,244,0,373,241,0,419,294,0,368,277,0,362,272,0,370,272,0,414,318,0,367,314,0,369,309,0,382,306,0,417,344,0,380,348,0,380,342,0,390,336,0,EXCITED
199,300,0,215,264,0,240,246,0,265,247,0,280,253,0,277,251,0,322,239,0,324,245,0,314,250,0,286,275,0,336,269,0,337,272,0,329,275,0,286,298,0,332,298,0,331,296,0,323,295,0,279,318,0,316,323,0,319,320,0,312,317,0,EXCITED
508,360,0,497,314,0,473,290,0,450,274,0,434,263,0,438,290,0,402,265,0,386,254,0,379,250,0,425,312,0,375,294,0,364,285,0,366,282,0,419,338,0,372,331,0,369,325,0,376,320,0,422,365,0,383,367,0,378,361,0,384,356,0,EXCITED
199,300,0,213,262,0,237,241,0,260,240,0,275,249,0,276,250,0,322,239,0,321,245,0,310,251,0,285,274,0,337,268,0,338,271,0,329,275,0,286,297,0,332,296,0,331,296,0,323,295,0,279,318,0,316,323,0,317,320,0,310,318,0,EXCITED
512,360,0,499,313,0,472,294,0,446,283,0,429,277,0,441,289,0,405,263,0,389,254,0,381,250,0,427,310,0,377,294,0,366,288,0,367,286,0,422,336,0,376,330,0,372,325,0,378,320,0,424,363,0,384,367,0,376,364,0,379,359,0,EXCITED
187,299,0,204,261,0,231,244,0,257,243,0,273,246,0,267,249,0,310,236,0,317,241,0,314,246,0,276,273,0,324,265,0,332,267,0,332,269,0,276,296,0,322,296,0,331,296,0,332,295,0,270,316,0,306,321,0,315,321,0,316,320,0,EXCITED
507,356,0,494,310,0,468,289,0,442,277,0,423,270,0,436,285,0,399,260,0,381,252,0,371,249,0,423,306,0,370,291,0,359,285,0,360,285,0,418,332,0,368,328,0,367,322,0,377,318,0,420,359,0,379,362,0,375,356,0,382,349,0,EXCITED
184,303,0,197,263,0,221,238,0,247,234,0,264,242,0,262,251,0,309,235,0,311,240,0,301,247,0,271,276,0,323,264,0,326,266,0,321,269,0,272,299,0,318,296,0,320,293,0,315,292,0,265,319,0,304,323,0,307,320,0,302,316,0,EXCITED
508,356,0,490,308,0,464,291,0,437,281,0,417,279,0,434,285,0,397,259,0,381,250,0,374,248,0,421,308,0,368,291,0,356,283,0,355,282,0,417,334,0,365,328,0,365,322,0,374,317,0,419,361,0,378,362,0,374,357,0,381,351,0,EXCITED
176,306,0,190,267,0,215,241,0,241,234,0,259,238,0,258,254,0,305,239,0,310,241,0,304,245,0,267,280,0,319,269,0,330,268,0,328,268,0,267,303,0,314,300,0,325,295,0,325,290,0,259,324,0,298,328,0,309,322,0,308,317,0,EXCITED
504,358,0,486,310,0,457,290,0,431,279,0,412,277,0,434,288,0,393,264,0,376,255,0,370,253,0,422,313,0,366,297,0,358,289,0,365,288,0,416,340,0,364,332,0,362,323,0,371,317,0,419,366,0,374,369,0,368,360,0,374,351,0,EXCITED
185,309,0,199,268,0,222,243,0,248,235,0,267,235,0,264,257,0,309,243,0,316,241,0,311,243,0,272,282,0,325,272,0,337,266,0,336,263,0,272,305,0,320,303,0,333,296,0,334,289,0,264,326,0,303,331,0,313,326,0,313,320,0,EXCITED
514,361,0,497,314,0,470,292,0,444,281,0,425,277,0,443,291,0,404,269,0,389,263,0,386,263,0,432,316,0,378,302,0,367,294,0,373,293,0,427,344,0,375,337,0,369,328,0,377,322,0,429,370,0,389,369,0,384,362,0,392,355,0,EXCITED
164,312,0,180,271,0,209,246,0,238,239,0,260,239,0,248,254,0,297,239,0,304,242,0,299,246,0,256,281,0,309,267,0,313,267,0,307,269,0,254,306,0,303,303,0,310,299,0,307,296,0,246,328,0,285,331,0,295,328,0,295,325,0,EXCITED
521,358,0,500,311,0,471,290,0,445,278,0,424,271,0,451,292,0,412,268,0,392,256,0,385,251,0,440,317,0,384,304,0,367,293,0,368,289,0,436,346,0,380,343,0,367,335,0,369,328,0,438,373,0,394,380,0,380,376,0,377,369,0,EXCITED
166,310,0,179,265,0,207,236,0,239,222,0,262,214,0,253,252,0,303,237,0,310,233,0,304,234,0,262,280,0,317,266,0,322,258,0,316,255,0,261,305,0,310,302,0,321,292,0,321,285,0,253,326,0,289,331,0,300,326,0,303,321,0,EXCITED
526,388,0,512,341,0,487,311,0,465,286,0,451,263,0,440,323,0,392,302,0,373,292,0,372,288,0,429,351,0,372,339,0,363,332,0,371,331,0,427,382,0,375,380,0,376,375,0,391,373,0,432,410,0,393,416,0,392,411,0,401,406,0,EXCITED
166,366,0,177,324,0,200,294,0,224,277,0,244,274,0,240,305,0,286,288,0,304,281,0,309,277,0,249,332,0,304,320,0,325,315,0,329,311,0,249,359,0,299,355,0,318,347,0,322,338,0,242,382,0,278,388,0,294,386,0,300,380,0,EXCITED
522,359,0,506,316,0,478,294,0,455,275,0,444,259,0,435,297,0,392,280,0,371,275,0,362,275,0,426,323,0,376,312,0,363,307,0,363,306,0,427,351,0,377,352,0,374,347,0,383,341,0,434,377,0,395,387,0,387,383,0,390,376,0,EXCITED
164,358,0,177,315,0,202,283,0,230,268,0,251,270,0,244,298,0,290,281,0,305,277,0,307,277,0,252,326,0,306,315,0,325,310,0,329,306,0,251,352,0,301,350,0,319,342,0,325,334,0,243,375,0,281,382,0,297,379,0,303,372,0,EXCITED
519,360,0,503,317,0,477,295,0,454,276,0,442,259,0,435,296,0,393,280,0,373,276,0,362,275,0,425,322,0,376,311,0,362,306,0,361,304,0,425,350,0,376,350,0,369,344,0,373,339,0,431,376,0,392,383,0,383,380,0,384,373,0,EXCITED
169,357,0,182,314,0,207,285,0,234,271,0,255,271,0,247,298,0,294,281,0,307,278,0,306,279,0,255,326,0,310,315,0,328,311,0,331,309,0,254,352,0,304,351,0,321,344,0,324,336,0,245,375,0,284,382,0,298,379,0,303,373,0,EXCITED
518,362,0,504,320,0,477,298,0,454,280,0,442,263,0,438,300,0,399,282,0,381,274,0,374,272,0,428,325,0,377,311,0,364,306,0,362,306,0,426,351,0,377,351,0,375,345,0,385,339,0,431,377,0,394,384,0,388,380,0,392,372,0,EXCITED
